:020000040800F2
:1000000008390324E9020008B1F6000819ED0008D8
:10001000A9F60008611B0008F14A01080000000071
:10002000000000000000000000000000D1000108F6
:10003000B926000800000000D1FA000841010108BB
:100040000703000807030008070300080703000868
:100050000703000807030008070300080703000858
:10006000070300080703000807030008691B0008CE
:10007000791B0008891B0008991B0008A91B0008B0
:10008000B91B0008C91B0008070300081127000856
:10009000312700082127000841270008070300082E
:1000A0000703000807030008070300080703000808
:1000B00007030008070300080703000807030008F8
:1000C00007030008070300080703000807030008E8
:1000D000D9FE0008F9260108092701081927010897
:1000E000C1260008070300080000000007030008FD
:1000F000070300080703000807030008D91B0008CE
:1001000007030008070300080703000807030008A7
:10011000070300087105010807030008070300082A
:10012000E91B0008F91B0008091C0008191C00083D
:10013000291C00080703000807030008070300083C
:1001400000000000000000000000000000000000AF
:100150000703000807030008070300080703000857
:100160000703000807030008070300080703000847
:100170000703000829F70008070300080000000033
:1001800007030008070300088105010807030008AA
:100190000703000807030008070300080703000817
:1001A0000703000807030008070300080000000019
:1001B00007030008070300080703000807030008F7
:1001C000070300080703000800000000000000000B
:1001D000000000000000000007030008000000000D
:1001E000000000000000000000000000000000000F
:1001F00000000000000000000703000807030008DB
:1002000007030008070300080000000007030008B8
:100210000703000807030008070300080703000896
:1002200007030008000000000703000800000000AA
:100230000703000807030008000000000703000888
:100240000703000807030008070300080703000866
:100250000703000807030008070300080703000856
:100260000703000807030008070300080703000846
:100270000703000807030008070300080000000048
:100280000703000807030008070300080703000826
:10029000000000000703000807030008000000003A
:1002A0000000000007030008070300080703000818
:1002B000E926010807030008070300085127000882
:1002C000612700089903010807030008DFF814D02C
:1002D00000F0DEF800F07AF800480047D923020861
:1002E00000F008F908390324074880470748804789
:1002F00007480047FEE7FEE7FEE7FEE7FEE7FEE70A
:10030000FEE7FEE7FEE7FEE7E92600083102010806
:10031000CD0200082DE9F05F0546002092469B467D
:1003200088460646814640241BE02846414647460B
:10033000224600F073F853465A46C01A914110D332
:1003400011461846224600F05AF82D1A67EB0108AC
:100350004F4622460120002100F051F817EB00091A
:100360004E41201EA4F10104DFDC484631462A46F6
:100370004346BDE8F09F40EA01039B0703D009E034
:1003800008C9121F08C0042AFAD203E011F8013B81
:1003900000F8013B521EF9D27047D2B201E000F8DA
:1003A000012B491EFBD270470022F6E710B5134619
:1003B0000A4604461946FFF7F0FF204610BD421CCE
:1003C00010F8011B0029FBD1801A70477CB5074843
:1003D0000090074801900546009C04E02046016813
:1003E00008448047241DAC42F8D17CBD2483020818
:1003F0003C8302080B460146184600F031B8202A1B
:1004000004DB203A00FA02F1002070479140C2F16B
:10041000200320FA03F3194390407047202A04DB9D
:10042000203A21FA02F00021704721FA02F3D0406D
:10043000C2F12002914008431946704710B50446A6
:10044000481E014201D1042901D2052010BD1046E9
:1004500026F0C6F810B12060002010BD062010BDA7
:100460002DE9F041074615460E46102026F068FD9E
:1004700004000AD06760C4E9026500F037F801683B
:10048000216004600020BDE8F0810120FBE700004E
:100490001CB509480090094801900546009C06E0FB
:1004A000E06840F0010394E8070098471034AC423C
:1004B000F6D3FFF70FFF0000F4820208248302083E
:1004C00030B50B46014600202022012409E021FA24
:1004D00002F59D4205D303FA02F5491B04FA02F521
:1004E0002844151EA2F10102F1DC30BD004870471E
:1004F000100000242DE9F0410646FFF7F7FF804683
:10050000454613E016B1E068B0420ED1206828607D
:10051000D4E90101D8F800708847204626F0B0F8E9
:10052000D8F80000B842EBD100E025462C68002C3A
:10053000E8D1BDE8F0812DE9FE4F804681EA030055
:10054000C00F0C46009021F0004123F00045B8EBAD
:100550000200A94105D24046214690461C460B4662
:10056000024623F00040104347D0270DC7F30A008E
:10057000C3F30A510290401A019040286BDAC3F38A
:10058000130040F4801B0098924620B10023D2EB68
:10059000030A63EB0B0B01985946C0F14002504629
:1005A000FFF72DFF06460D4650465946019A00F0CA
:1005B0007BF910EB08006141002487EA115284EABC
:1005C000E7731A4340D0009A62B3019A012A4FEAB6
:1005D000075215DC001B61EB02014FF0004202EAFA
:1005E0000752CDE90042001C41F5801132462B46EE
:1005F00000F07CF903B0BDE8F08F40462146F9E7F2
:10060000001B61EB0201001C41F5801300185B41E7
:100610002018A2F5001747EB030140EAD570B61980
:100620006D4111E06D084FEA360645EAC0754FEAA4
:100630000752001B61EB0201001C41F580114908C3
:100640004FEA30000019514132462B4603B0BDE855
:10065000F04F00F03CB90098012240000023D0EB9D
:10066000020263EBE073009821464FEAE074B8EBB6
:10067000000061EB0401E9E783F000435BE781F0F0
:10068000004158E72DE9FE4F81EA030404F00044DD
:1006900021F0004100944FF0000B23F0004350EA9A
:1006A00001045ED052EA03045BD0C3F30A54C1F3E1
:1006B0000A552C44A4F2F3340194A0FB0254C1F374
:1006C000130141F48011C3F3130343F4801301FBBE
:1006D000024400FB034E840A970A44EA815447EA25
:1006E0008357A4FB076802958D0A05FB07854FEA2F
:1006F000932C04FB0C542705029D4FEA065847EA49
:100700001637B5EB08056EEB070C870E920E47EA1D
:10071000811742EA8312A7FB0201B6EB0B0164EBDF
:1007200000042B0D43EA0C335E1844EB1C50DA46F0
:100730005146E7FB0201C5F313044FEA0B3343EACA
:1007400014534FEA0432019C43EA0603A4F10C045B
:100750000294009CCDE900B400F0C8F803B0BDE8F5
:10076000F08F00200146F9E72DE9F04D81EA0304FE
:1007700004F0004B21F0004514464FF0000A23F02E
:10078000004150EA050220D054EA01021DD0C5F311
:100790000A570246C5F31303C1F31300C1F30A5607
:1007A00040F4801543F48013A7EB0608101BD646CF
:1007B00008F2FD3873EB050002D308F1010801E0EF
:1007C00092185B41B8F1000F03DA00200146BDE842
:1007D000F08D00204FF48011064684460EE0171B72
:1007E00073EB050705D3121B63EB050306434CEAC5
:1007F000010C49084FEA300092185B4150EA0107AA
:10080000EDD152EA030012D082EA040083EA050126
:10081000084305D0101BAB4106D20122002306E09D
:1008200000224FF0004302E06FF0010253101AEB78
:1008300006004CEB085110EB0A0041EB0B01BDE840
:10084000F04D00F044B8C1F30A52C1F3130140F275
:10085000FF3341F480119A4202DA002001467047CA
:1008600040F233439A42A2F2334202DC5242FFF793
:10087000D5BDFFF7C4BD000030B5041E71F1000402
:1008800004DB4FF00044404264EB0101141E73F19D
:10089000000405DB1C464FF00043524263EB0403A7
:1008A000994208BF904230BD202A06DBCB17203A80
:1008B00041FA02F043EAE07306E041FA02F3D04065
:1008C000C2F120029140084319467047704710B5A5
:1008D000141E73F1000408DA401C41F10001921863
:1008E0005B411A4301D120F0010010BD2DE9F04D0C
:1008F00092469B4611B1B1FA81F202E0B0FA80F261
:1009000020329046FFF77BFD04460F4640EA0A007E
:1009100041EA0B0153465A46084313D0114653EAA5
:10092000010019D0C8F140025046FFF777FD054697
:100930000E46504659464246FFF761FD084305D032
:10094000012004E020463946BDE8F08D0020054333
:1009500046EAE0762C4337430A986305E40AA0EBA5
:1009600008000022FD0A44EA47540A3002D500205C
:100970000146E9E7010510196941DDE9084500195B
:100980006941BDE8F04DA2E780B58CB08DF82E002E
:100990000A91ADF826200020089007900690059057
:1009A000BDF82600072804D3FFE701208DF82F00AB
:1009B00050E09DF82E0040F080008DF81C0040F6BD
:1009C0000000C5F6020003900121029100F054FCE2
:1009D00040F22850C2F200400068BDF826100231F3
:1009E0006B4605221A608BB207A905AA0BF07CF9A9
:1009F0000299024603988DF8132000F0ADF89DF897
:100A0000130040F65041C2F2004181F857009DF8B2
:100A10001300D0B9FFE70020ADF81000FFE7BDF8E4
:100A20001000BDF8261088420EDAFFE7BDF810204E
:100A300005A8104480780A998854FFE7BDF8100093
:100A40000130ADF81000EAE7FFE79DF813008DF8DC
:100A50002F00FFE79DF82F000CB080BD00000000C4
:100A600080B584B040F65040C2F20040009000F1E2
:100A700050010020029001220192FFF785FF0099AA
:100A8000019A034602988DF80E30513100F074F847
:100A90008DF80D009DF80E00B0B9FFE79DF80D0030
:100AA00090B9FFE740F65040C2F2004090F8500085
:100AB0001E2809D1FFE740F65040C2F2004090F8EE
:100AC00051000F2804D0FFE701208DF80F0003E04C
:100AD00000208DF80F00FFE79DF80F0004B080BDE7
:100AE00084B08DED020ACDED010A8DED001A9DED69
:100AF000020A9DED011AB4EE410AF1EE10FA03DA92
:100B0000FFE7019803900FE09DED020A9DED001AAA
:100B1000B4EE410AF1EE10FA03DDFFE7009803900E
:100B200002E002980390FFE79DED030A04B07047CE
:100B300080B582B0019021F0BBFC022804D1FFE710
:100B4000019821F099FC03E0019805F0F9F8FFE71E
:100B500002B080BD0000000080B582B00190ADF809
:100B600002100198BDF80210012206F071FD02B0DA
:100B700080BD00000000000080B58CB08DF82E0014
:100B80000A91ADF826200020CDF81F000790CDF87F
:100B900017000590BDF82600072804D3FFE70120C1
:100BA0008DF82F0050E09DF82E0040F080008DF869
:100BB0001C0040F60000C5F60200039008210291D7
:100BC00000F05AFB40F22850C2F200400068BDF825
:100BD000261001316B4605221A608BB207A905AABF
:100BE0000BF082F80299024603988DF81320FFF764
:100BF000B3FF9DF8130040F65041C2F2004181F866
:100C000058009DF81300D0B9FFE70020ADF81000A0
:100C1000FFE7BDF81000BDF8261088420EDAFFE7A6
:100C2000BDF8102005A8104440780A998854FFE7C1
:100C3000BDF810000130ADF81000EAE7FFE79DF8BD
:100C400013008DF82F00FFE79DF82F000CB080BD3A
:100C500080B58EB00C900C9850B9FFE740F650412B
:100C6000C2F20041012081F856008DF83700C0E142
:100C70000C9840F22851C2F20041086040F6504200
:100C8000C2F2004208920020099082F8520001212D
:100C900082F8551082F8561082F8530082F85400FA
:100CA00040F23C53C2F200431870106350639063EB
:100CB0004FF07E53D3631064506490649061D061B0
:100CC000106240F21852C2F20042106040F21C5210
:100CD000C2F2004210605060906040F23052C2F2A6
:100CE000004210605060906040F60000C5F60200BF
:100CF0000A90FFF731FF0A980821FFF72DFFFFF751
:100D0000AFFE8DF82F009DF82F0080B1FFE740F671
:100D10005041C2F20041086E013008669DF82F0074
:100D200081F856009DF82F008DF8370061E140F6FC
:100D30005041C2F20041022081F8550040F6000007
:100D4000C5F6020001217E22B62300F0D5FE58B977
:100D5000FFE740F60000C5F6020008211422B62382
:100D600000F0CAFE68B1FFE740F65041C2F2004110
:100D7000086E01300866012081F856008DF83700B2
:100D800037E13220FFF7D4FE40F65041C2F2004175
:100D90000791032081F85500002006900DF12E01E7
:100DA000049101220592FFF7EFFD0499059A069838
:100DB000FFF7E2FE0799042081F85500FFF750FE87
:100DC00068B1FFE740F65041C2F20041086E0130C1
:100DD0000866012081F856008DF8370009E140F6D9
:100DE0005041C2F20041052081F8550040F6000054
:100DF000C5F6020001217D22042300F07DFE68B1CA
:100E0000FFE740F65041C2F20041086E013008662B
:100E1000012081F856008DF83700EAE001200390A8
:100E2000FFF786FE039940F60000C5F602007C221B
:100E3000002300F061FE68B1FFE740F65041C2F2C6
:100E40000041086E01300866012081F856008DF8D7
:100E50003700CEE001200290FFF76AFE029940F6CB
:100E60000000C5F602004022AB2300F045FE00283A
:100E70005AD1FFE740F60000C5F6020041220123E7
:100E8000194600F039FE00284ED1FFE740F6000079
:100E9000C5F6020001215322082300F02DFE002890
:100EA00042D1FFE740F60000C5F6020001215822BA
:100EB000042300F021FEB8BBFFE740F60000C5F6B2
:100EC000020008210F22012300F016FE60BBFFE79D
:100ED00040F60000C5F6020008211022022300F0AF
:100EE0000BFE08BBFFE740F60000C5F60200082134
:100EF0001522802300F000FEB0B9FFE740F60000A5
:100F0000C5F60200082116220C2300F0F5FD58B9A1
:100F1000FFE740F60000C5F6020008211822012371
:100F200000F0EAFD68B1FFE740F65041C2F200412F
:100F3000086E01300866012081F856008DF83700F0
:100F400057E00A20FFF7F4FD4EF6FC51CEF2000107
:100F5000086840F08070086041F20401CEF20001A0
:100F600001910020086041F20001CEF20001086802
:100F700040F00100086009F0B7F90146019840F21D
:100F80001452C2F200421160006840F22C51C2F2C9
:100F90000041086040F65041C2F20041012081F852
:100FA0005200062081F8550000F0A2F88DF82F00BD
:100FB0009DF82F0080B1FFE740F65041C2F200419A
:100FC000002081F852009DF82F0081F856009DF80E
:100FD0002F008DF837000CE040F65041C2F200417E
:100FE000072081F85500002081F856008DF8370061
:100FF000FFE79DF837000EB080BD00000000000044
:1010000080B58CB08DED0B0ACDED0A0A8DED091A75
:101010009DED0A0ADDED090A25F0F0FB8DED080AC9
:101020009DED0B0AB1EE400A8DED000A9DED0A1A06
:101030009DED090A20EE000AA1EE010A25F0A4FEAA
:10104000F0EE400A9DED000A25F0D8FB8DED070A71
:101050009DED080AB6EE001A20EE010A8DED060A93
:101060009DED070A20EE010A8DED050A9DED060AA9
:1010700025F01AFD8DED040A9DED060A25F0BCFD54
:101080008DED030A9DED050A25F00EFD8DED020A9A
:101090009DED050A25F0B0FD8DED010A9DED040AD8
:1010A0009DED021A20EE010A40F65041C2F20041C5
:1010B00081ED0F0A9DED030A9DED021A20EE010A53
:1010C00081ED100A9DED040A9DED011A20EE010A42
:1010D00081ED110A9DED030A9DED011A20EE410AF2
:1010E00081ED120A012081F853000CB080BD000090
:1010F00080B58AB040F22850C2F200400068C0B10A
:10110000FFE740F65040C2F2004090F8520080B134
:10111000FFE712200DF121010622FFF735FC40B94F
:10112000FFE702200DF11B010622FFF725FD58B154
:10113000FFE740F65041C2F20041086E01300866F8
:1011400001208DF8270054E000200290FFE702986C
:10115000022841D8FFE702990DF1210000EB410080
:1011600000F09AF8029A05A9019121F8120002995B
:101170000DF11B0000EB410000F08EF801460198D4
:10118000029B0DF10E0222F81310029930F91100A2
:1011900000EE100AB8EEC00A9FED181A20EE010A00
:1011A00040F65040C2F2004000EB810181ED000AA0
:1011B000029932F9112000EE102AB8EEC00A9FED14
:1011C000101A20EE010A00EB810080ED030AFFE710
:1011D000029801300290BAE700F06AF840F65041F8
:1011E000C2F20041C86D0130C86500208DF82700AB
:1011F000FFE79DF827000AB080BD00BF0F5CEB3A07
:101200000000FA3C0000000082B00190ADF802102E
:101210008DF80120019840F60001C5F602018842D0
:101220000ED1FFE7BDF80200012809D1FFE79DF8C4
:10123000010040F65041C2F2004181F8570016E02B
:10124000019840F60001C5F6020188420ED1FFE781
:10125000BDF80200082809D1FFE79DF8010040F61B
:101260005041C2F2004181F85800FFE7FFE702B0A9
:10127000704700000000000080B582B00190ADF81A
:1012800002100198BDF80210002206F0E1F902B048
:1012900080BD00000000000081B000900099087837
:1012A000497840EA012000B201B070470000000018
:1012B00080B5B2B040F65040C2F2004001683191B2
:1012C0004168309180682F9041F20400CEF2000016
:1012D00000682E902E9840F22C51C2F200410A680C
:1012E000801A2D902E98086040F21450C2F20040EF
:1012F000006828B9FFE79FEDDC0A8DED0B0A10E0CE
:101300009DED2D0AB8EE400A40F21450C2F20040A2
:1013100090ED001AB8EE411A80EE010A8DED0B0A2D
:10132000FFE79DED0B0A8DED290A9DED290AB5EE2B
:10133000400AF1EE10FA0ADDFFE79DED290A9FED64
:10134000CB1AB4EE410AF1EE10FA06DDFFE741F2E6
:101350006F20C3F683202990FFE79DED311A9DEDA4
:10136000300A20EE000AA1EE010A9DED2F1AA1EE2F
:10137000010A25F009FD40F65040C2F2004080ED20
:10138000130A90ED130A9FEDBA1AB4EE410AF1EE7A
:1013900010FA40F30581FFE740F65040C2F20040EA
:1013A00090ED130A9FEDB31AB4EE410AF1EE10FA74
:1013B00080F2F680FFE740F65040C2F2004090F81D
:1013C0005400002840F0EC80FFE740F65040C2F2A5
:1013D000004090ED030AB5EE400AF1EE10FA0BDA88
:1013E000FFE740F65040C2F2004090ED030AB1EE34
:1013F000400A8DED0A0A08E040F65040C2F2004073
:1014000090ED030A8DED0A0AFFE79DED0A0A8DEDC6
:10141000090A40F65040C2F2004090ED040AB5EED1
:10142000400AF1EE10FA0BDAFFE740F65040C2F244
:10143000004090ED040AB1EE400A8DED080A08E084
:1014400040F65040C2F2004090ED040A8DED080ACB
:10145000FFE79DED090A9DED081A30EE010A8DEDBA
:10146000070A40F65040C2F2004090ED050AB5EE82
:10147000400AF1EE10FA0BDAFFE740F65040C2F2F4
:10148000004090ED050AB1EE400A8DED060A08E035
:1014900040F65040C2F2004090ED050A8DED060A7C
:1014A000FFE79DED070A9DED061A30EE010A8DED6E
:1014B000280A9DED280AB1EE041AB4EE410AF1EEB5
:1014C00010FA5EDAFFE700202790FFE7279802284E
:1014D0001BD8FFE7279940F65040C2F2004000EBCE
:1014E000810090ED031A279940F21C50C2F200408F
:1014F00000EB810090ED000A30EE010A80ED000A59
:10150000FFE7279801302790E0E740F21850C2F239
:1015100000400168013101600068B0F5FA7F2FD307
:10152000FFE700202690FFE72698022820D8FFE753
:10153000269940F21C50C2F2004000EB810090ED71
:10154000000A40F21850C2F2004090ED001AB8EEC6
:10155000411A80EE010A40F65040C2F2004000EB12
:10156000810080ED090AFFE7269801302690DBE72D
:1015700040F65041C2F20041012081F85400FFE7DB
:101580000DE040F21851C2F200410020086040F224
:101590001C51C2F20041086048608860FFE7FFE725
:1015A00000202590FFE72598022869D8FFE72599B4
:1015B00040F65040C2F2004000EB810191ED030A79
:1015C000259900EB810090ED091A30EE410A25992A
:1015D0002AA800EB810080ED000A40F23C50C2F2E4
:1015E0000040007880B3FFE725992AA800EB81002E
:1015F00090ED000A40F23050C2F2004000EB810052
:1016000090ED001A30EE410A9DED291A80EE010A94
:101610008DED240A9DED241A259940F65040C2F222
:101620000040183000EB810191ED000A9FED122A75
:1016300020EE020A9FED112AA1EE020A259900EB85
:10164000810080ED000AFFE7259A2AA850F82200C1
:1016500040F23051C2F2004141F82200FFE72598E4
:10166000013025909FE700BF6F12833A0AD7A33C51
:10167000D65E05413E713441CDCC4C3FCDCC4C3E85
:1016800040F23C51C2F200410120087040F6504047
:10169000C2F2004090ED130A1FED0B1AB4EE410A9E
:1016A000F1EE10FA40F3C380FFE740F65040C2F27B
:1016B000004090ED130A1FED111AB4EE410AF1EE4D
:1016C00010FA80F2B480FFE740F65040C2F20040CA
:1016D00090F8530048B9FFE79DED310ADDED300A7F
:1016E0009DED2F1AFFF78CFCFFE740F65040C2F249
:1016F000004090F85300002800F09880FFE740F683
:101700005040C2F2004090ED131AB7EE000A80EE8E
:10171000010A8DED230A9DED310A9DED231A20EE7D
:10172000010A8DED220A9DED300A9DED231A20EE6F
:10173000010A8DED210A9DED2F0A9DED231A20EE61
:10174000010A8DED200AC16B1F91016C1E91416C45
:101750001D91806C1C909DED1E1A9DED1C2A9DED27
:101760001F0A9DED1D3A20EE030A91EE020A30EEAB
:10177000000A8DED1B0A9DED1F1A9DED1E2A9DEDA1
:101780001D0A9DED1C3A20EE030AA1EE020A30EE7E
:10179000000A8DED1A0A9DED1F1A9DED1E0A20EE1E
:1017A000000A91EE010A9DED1D1AA1EE410A9DED80
:1017B0001C1AA1EE010A8DED190A9DED210A9DED7D
:1017C000192A9DED201A9DED1A3A21EE031A90EE8A
:1017D000021A9DED2A0A9FEDC52AA1EE020A8DED9F
:1017E0002A0A9DED200A9DED1B3A9DED221A9DEDE2
:1017F000194A21EE041A90EE031A9DED2B0AA1EE70
:10180000020A8DED2B0A9DED220A9DED1A3A9DEDFF
:10181000211A9DED1B4A21EE041A90EE031A9DED4C
:101820002C0AA1EE020A8DED2C0AFFE7FFE740F635
:101830005040C2F2004090F85300002800F053815D
:10184000FFE740F65040C2F200400590C16B18918E
:10185000016C1791416C1691816C15919DED2A0ACE
:101860009FEDA31A20EE010A8DED140A9DED2B0ABF
:1018700020EE010A8DED130A9DED2C0A20EE010ADF
:101880008DED120A9DED171A9DED142A9DED160A95
:101890009DED133A20EE030AA1EE020A9DED151A02
:1018A0009DED122AA1EE020AB6EE001A20EE412AA0
:1018B0009DED293A90ED0F0AA2EE030A80ED0F0A82
:1018C0009DED182A9DED143A9DED160A9DED124AE4
:1018D00020EE040AA2EE030A9DED152A9DED133AAF
:1018E000A2EE430A20EE012A9DED293A90ED100A5E
:1018F000A2EE030A80ED100A9DED182A9DED133A21
:101900009DED170A9DED124A20EE040A92EE030A9D
:101910009DED152A9DED143AA2EE030A20EE012A50
:101920009DED293A90ED110AA2EE030A80ED110A0D
:101930009DED182A9DED123A9DED170A9DED134A73
:1019400020EE040AA2EE030A9DED162A9DED143A3C
:10195000A2EE430A20EE011A9DED292A90ED120A0B
:10196000A1EE020A80ED120A90ED0F1A90ED0F2AF7
:1019700090ED100A90ED103A20EE030AA1EE020A53
:1019800090ED111A90ED112AA1EE020A90ED121AB3
:1019900090ED122AA1EE020A25F0F6F98DED110A5A
:1019A0009DED110AB5EE400AF1EE10FA40F39A806F
:1019B000FFE79DED110AF7EE000ACDED010A80EE7A
:1019C000800A8DED100A40F65041C2F200410491A8
:1019D00091ED0F0A9DED101A20EE010A8DED0F0A10
:1019E00091ED100A9DED101A20EE010A8DED0E0A00
:1019F00091ED110A9DED101A20EE010A8DED0D0AF0
:101A000091ED120A9DED101A20EE010A8DED0C0ADF
:101A10000F98C8630E9808640D9848640C98886401
:101A20009DED0F3A9DED0E2A9DED0D1A9DED0C0AD0
:101A300021EE000AA3EE020A30EE000A21EE011A9E
:101A4000A2EE021AB8EE002A8DED022AE1EE020A99
:101A500024F0D4FE9DED011A04989FED242A8DED0B
:101A6000032A20EE020A80ED0C0A9DED0F2A9DED5F
:101A70000D3A9DED0C0A9DED0E4A20EE040A92EE01
:101A8000030A30EE000AFFEE000AFFF729F824F0FF
:101A90001FFEDDED010A9DED022A9DED031A04985B
:101AA00020EE010A80ED0D0A9DED0F4A9DED0C1A06
:101AB0009DED0E0A9DED0D3A20EE030AA4EE010AFB
:101AC00030EE000A21EE011AA3EE031AE1EE020A3B
:101AD00024F094FE9DED031A049820EE010A80ED97
:101AE0000E0AFFE7FFE732B080BD00BFE12E65427E
:101AF00035FA8E3C0000000080B584B00390ADF84C
:101B00000A108DF809208DF808309DF809008DF82D
:101B100006009DF808008DF807000398BDF80A102C
:101B2000FFF7AAFB40F22850C2F2004000680DF116
:101B300006010222052309F0E3FE8DF80500039853
:101B4000BDF80A10FFF708F80398BDF80A109DF8D1
:101B50000520FFF759FB9DF8050004B080BD00008B
:101B6000FFE7FEE70000000080B540F60C60C2F21F
:101B7000004001F0D1FF80BD80B540F68460C2F224
:101B8000004001F0C9FF80BD80B540F6FC60C2F2A4
:101B9000004001F0C1FF80BD80B541F26400C2F297
:101BA000004001F0B9FF80BD80B541F2DC00C2F217
:101BB000004001F0B1FF80BD80B540F67470C2F204
:101BC000004001F0A9FF80BD80B540F6EC70C2F284
:101BD000004001F0A1FF80BD80B541F25410C2F277
:101BE000004001F099FF80BD80B541F2CC10C2F2F7
:101BF000004001F091FF80BD80B541F24420C2F267
:101C0000004001F089FF80BD80B541F2BC20C2F2E6
:101C1000004001F081FF80BD80B540F61C50C2F24B
:101C2000004001F079FF80BD80B540F69450C2F2CB
:101C3000004001F071FF80BD83B0029002980168FE
:101C400001201022C4F202029142009000F0A38011
:101C5000FFE70298016801202822C4F202029142A3
:101C6000009000F09880FFE7029801680120402270
:101C7000C4F202029142009000F08D80FFE70298CA
:101C8000016801205822C4F202029142009000F043
:101C90008280FFE70298016801207022C4F20202EC
:101CA0009142009077D0FFE70298016801208822D6
:101CB000C4F20202914200906DD0FFE702980168E1
:101CC0000120A022C4F202029142009063D0FFE7FB
:101CD000029801680120B822C4F2020291420090E9
:101CE00059D0FFE702980168012040F21042C4F287
:101CF0000202914200904ED0FFE702980168012055
:101D000040F22842C4F202029142009043D0FFE721
:101D100002980168012040F24042C4F2020291425E
:101D2000009038D0FFE702980168012040F2584245
:101D3000C4F20202914200902DD0FFE702980168A0
:101D4000012040F27042C4F202029142009022D07F
:101D5000FFE702980168012040F28842C4F20202C3
:101D60009142009017D0FFE702980168012040F2ED
:101D7000A042C4F20202914200900CD0FFE7029808
:101D800000684FF64831CBF6FD710844B0FA80F098
:101D900040090090FFE70098C00740B3FFE70298B2
:101DA000007810384AF6AB21CAF6AA21A0FB011030
:101DB00000090190019800F0070147F6AC20C0F639
:101DC0000200405C0299C8650198042807D3FFE728
:101DD00002990868042262F30900886506E0029906
:101DE000086840F2FF3290438865FFE705E00299FA
:101DF000086820F0FF008865FFE70298806D03B057
:101E0000704700000000000084B003900398006851
:101E1000019003980168012045F20842C5F60202CC
:101E2000914200904ED0FFE703980168012045F2EF
:101E30001C42C5F602029142009043D0FFE703988E
:101E40000168012045F23042C5F60202914200903D
:101E500038D0FFE703980168012045F24442C5F6F7
:101E60000202914200902DD0FFE703980168012003
:101E700045F25842C5F602029142009022D0FFE797
:101E800003980168012045F26C42C5F602029142B6
:101E9000009017D0FFE703980168012045F28042C7
:101EA000C5F60202914200900CD0FFE7039800684B
:101EB0004AF66C31CAF2FD710844B0FA80F040096C
:101EC0000090FFE70098C00710B3FFE70398007881
:101ED00008384CF6CD41CCF6CC41A0FB01100009EE
:101EE0000290029945F60000C5F6020000EB810061
:101EF00003990866039945F68000C5F60200486616
:101F0000029800F01F01012088400399886635E09F
:101F10000398007810384AF6AB21CAF6AA21A0FB34
:101F2000011000090290019840F2B841C4F2020188
:101F300088420CD8FFE7019840F21041C4F2020138
:101F4000884204D3FFE7029808300290FFE7029925
:101F500040F60000C4F2020000EB8100039908661D
:101F6000039940F68000C4F202004866029800F02F
:101F70001F010120884003998866FFE704B070477D
:101F800083B002900298007901900198002800F037
:101F90008A80FFE70198082800F28580FFE7029811
:101FA0000168012045F20842C5F602029142009004
:101FB0004ED0FFE702980168012045F21C42C5F6A9
:101FC00002029142009043D0FFE70298016801208D
:101FD00045F23042C5F602029142009038D0FFE748
:101FE00002980168012045F24442C5F6020291427E
:101FF00000902DD0FFE702980168012045F2584279
:10200000C5F602029142009022D0FFE702980168D3
:10201000012045F26C42C5F602029142009017D0B1
:10202000FFE702980168012045F28042C5F60202EE
:10203000914200900CD0FFE7029800684AF66C319C
:10204000CAF2FD710844B0FA80F040090090FFE741
:102050000098C00780B1FFE7019945F6FC00C5F67E
:10206000020000EB81000299C866029945F6401013
:10207000C5F6020008670FE0019940F6FC00C4F2C3
:10208000020000EB81000299C866029940F64010F8
:10209000C4F202000867FFE70198411E0120884052
:1020A00002994867FFE703B0704700000000000096
:1020B00085B0049000208DF80F000498806918BB4B
:1020C000FFE70498806A029003281BD80299DFE892
:1020D00001F0020D0218049890F82F00C00720B1FB
:1020E000FFE701208DF80F00FFE70CE00498C06ABD
:1020F000B0F1C07F04D1FFE701208DF80F00FFE7AA
:1021000001E000E0FFE747E004988069B0F5005F78
:1021100026D1FFE70498806A019003281ED8019910
:10212000DFE801F00206021101208DF80F0016E031
:10213000049890F82F00C00720B1FFE701208DF828
:102140000F00FFE70BE00498C06AB0F1C07F04D134
:10215000FFE701208DF80F00FFE700E0FFE71AE03E
:102160000498806A0090032804D3FFE700980328AE
:1021700004D00EE001208DF80F000BE0049890F8D9
:102180002F00C00720B1FFE701208DF80F00FFE707
:1021900000E0FFE7FFE7FFE79DF80F0005B070479D
:1021A00089B008900791069205930898806D049075
:1021B0000898806D03900898016801201022C4F2ED
:1021C00002029142029000F00381FFE70898016843
:1021D00001202822C4F202029142029000F0F8800D
:1021E000FFE70898016801204022C4F202029142F0
:1021F000029000F0ED80FFE7089801680120582266
:10220000C4F202029142029000F0E280FFE70898D7
:10221000016801207022C4F202029142029000F093
:10222000D780FFE70898016801208822C4F20202E3
:102230009142029000F0CC80FFE7089801680120ED
:10224000A022C4F202029142029000F0C180FFE796
:10225000089801680120B822C4F20202914202905B
:1022600000F0B680FFE708980168012040F21042B4
:10227000C4F202029142029000F0AA80FFE708989F
:102280000168012040F22842C4F202029142029009
:1022900000F09E80FFE708980168012040F240426C
:1022A000C4F202029142029000F09280FFE7089887
:1022B0000168012040F25842C4F2020291420290A9
:1022C00000F08680FFE708980168012040F2704224
:1022D000C4F20202914202907AD0FFE708980168A6
:1022E000012040F28842C4F20202914202906FD073
:1022F000FFE708980168012040F2A042C4F2020200
:102300009142029064D0FFE708980168012040F2F2
:10231000B842C4F202029142029059D0FFE70898F5
:102320000168012045F20842C5F60202914202907E
:102330004ED0FFE708980168012045F21C42C5F61F
:1023400002029142029043D0FFE708980168012001
:1023500045F23042C5F602029142029038D0FFE7C2
:1023600008980168012045F24442C5F602029142F4
:1023700002902DD0FFE708980168012045F25842ED
:10238000C5F602029142029022D0FFE70898016848
:10239000012045F26C42C5F602029142029017D02C
:1023A000FFE708980168012045F28042C5F6020265
:1023B000914202900CD0FFE7089800684AF66C3111
:1023C000CAF2FD710844B0FA80F040090290FFE7BC
:1023D0000298C00770B1FFE70898416E806E4860B0
:1023E0000898C06E28B1FFE70898016F406F4860F9
:1023F000FFE7FFE70898016801201022C4F20202FB
:102400009142019000F0A380FFE708980168012045
:102410002822C4F202029142019000F09880FFE766
:102420000898016801204022C4F202029142019002
:1024300000F08D80FFE70898016801205822C4F25F
:1024400002029142019000F08280FFE70898016843
:1024500001207022C4F202029142019077D0FFE77E
:102460000898016801208822C4F20202914201907A
:102470006DD0FFE7089801680120A022C4F2020293
:102480009142019063D0FFE7089801680120B822CB
:10249000C4F202029142019059D0FFE70898016806
:1024A000012040F21042C4F20202914201904ED04B
:1024B000FFE708980168012040F22842C4F20202B6
:1024C0009142019043D0FFE708980168012040F253
:1024D0004042C4F202029142019038D0FFE70898CE
:1024E0000168012040F25842C4F202029142019078
:1024F0002DD0FFE708980168012040F27042C4F235
:1025000002029142019022D0FFE708980168012061
:1025100040F28842C4F202029142019017D0FFE7D4
:1025200008980168012040F2A042C4F202029142E0
:1025300001900CD0FFE7089800684FF64831CBF6C1
:10254000FD710844B0FA80F040090190FFE701985E
:10255000C00750B3FFE70898C06D00F01F013F208F
:1025600088400499886008980168086820F48020F1
:1025700008600598089909684860089880684028AC
:1025800009D1FFE7069808990968886007980899B3
:102590000968C86008E00798089909688860069883
:1025A00008990968C860FFE782E00898016801207F
:1025B00045F20842C5F60202914200904ED0FFE774
:1025C00008980168012045F21C42C5F602029142BA
:1025D000009043D0FFE708980168012045F230429F
:1025E000C5F602029142009038D0FFE708980168D2
:1025F000012045F24442C5F60202914200902DD0DE
:10260000FFE708980168012045F25842C5F602022A
:102610009142009022D0FFE708980168012045F21E
:102620006C42C5F602029142009017D0FFE708986D
:102630000168012045F28042C5F6020291420090F5
:102640000CD0FFE7089800684AF66C31CAF2FD71B9
:102650000844B0FA80F040090090FFE70098C007F6
:1026600020B3FFE70898C06D00F01F0101208840EB
:102670000399486005980899096848600898806837
:10268000402809D1FFE706980899096888600798EB
:1026900008990968C86008E007980899096888607F
:1026A000069808990968C860FFE700E0FFE7FFE7C0
:1026B00009B07047000000007047000000000000F3
:1026C00080B54FF4806004F0D3FD4FF4805004F0E7
:1026D000CFFD80BD0000000081B0EFF3108072B626
:1026E0000090FFE7FEE7000044F60C01C5F602018A
:1026F000086840F002000860FFE744F60400C5F6F1
:10270000020000688004002801D4FFE7F5E7704765
:1027100080B541F23830C2F2004003F089FE80BD3E
:1027200080B541F23830C2F2004003F081FE80BD36
:1027300080B541F2D830C2F2004003F079FE80BD8E
:1027400080B541F2D830C2F2004003F071FE80BD86
:1027500080B541F27840C2F2004003F069FE80BDCE
:1027600080B541F27840C2F2004003F061FE80BDC6
:1027700084B002900298406B009002980068D0F8F4
:1027800084004FF6FC718843009940EA8100029969
:102790000968C1F8840002980068D0F8840020F429
:1027A0007F00029A1168926B40EA0240C1F88400EF
:1027B0000298816B00980844009002980068D0F855
:1027C00088006FF38F00009940EA81000299096840
:1027D000C1F8880002980068D0F8880020F4FE0054
:1027E000029A1168D26B40EA0240C1F88800029850
:1027F000C16B009800EB4100009002980068D0F88F
:10280000A0006FF38F00009940EA810002990968E7
:10281000C1F8A00002980068D0F8A00020F4FE00E3
:10282000029A1168126C40EA0240C1F8A0000299B5
:10283000086C496C009A00FB012000900298006827
:10284000D0F8B0006FF38F00009940EA8100029940
:102850000968C1F8B00002980068D0F8B00020F410
:10286000FE00029A1168926C40EA0240C1F8B00082
:102870000299886CC96C009A00FB012000900298B4
:102880000068D0F8AC006FF38F00009940EA810037
:1028900002990968C1F8AC000299086D496D009A67
:1028A00000FB0120009002980068D0F8F0006FF360
:1028B0008F00009940EA810002990968C1F8F00090
:1028C00002980068D0F8F00020F47C10029A116899
:1028D000926D40EA0240C1F8F0000298816D0098C4
:1028E00000EB4100009002980068D0F8C0006FF340
:1028F0008F00009940EA810002990968C1F8C00080
:1029000002980068D0F8C00020F47C10029A116888
:10291000D26D40EA0240C1F8C00002980068D0F8C9
:10292000C00020F07C50029A1168126E40EA0260EA
:10293000C1F8C00002994A6B4AF60040C4F2000098
:1029400000EB8200C86602998A6BC86E00EB8200B9
:1029500008670299CA6B086F00EBC20048670299CA
:102960000A6C4B6C486F5A4300EB820088670299EF
:102970008A6CCB6C886F5A4300EB8200C86702995F
:102980000A6D4B6DC86F5A4300EB8200C1F880009E
:1029900002998A6DD1F8800000EBC200C1F8840072
:1029A0000299CA6D8B6ED1F884005A4300EB820005
:1029B000C1F8880002990A6E8B6ED1F888005A43DC
:1029C00000EB8200C1F890000298D0F890004DF220
:1029D000FD31C4F2000188420FD3FFE70299D1F81C
:1029E0009C0040F02000C1F89C000299032081F86F
:1029F000980001208DF80F0017E00298C06E01903A
:102A0000FFE701980299D1F89010884208D2FFE7B9
:102A1000019900200860FFE7019804300190F0E779
:102A2000FFE700208DF80F00FFE79DF80F0004B0CE
:102A3000704700000000000088B0079006910592E2
:102A400004930698406848B9FFE7069801688268D1
:102A50000069104340EA8140039009E0069801684C
:102A6000826800691043084340F080400390FFE70C
:102A70000698D0F820C0C16842698369C06940EAFD
:102A80000C601843104340EA014002900798826EA0
:102A9000D0F884000499514300EB81000190039821
:102AA000019908600198043001900298019908602A
:102AB00001980430019000200090FFE700980699EB
:102AC000CA6847F69C21C0F60201895C88420DD293
:102AD000FFE7059800994058019908600198043073
:102AE0000190FFE7009804300090E7E708B07047D6
:102AF00080B58AB0089004F0C3FD0490089828B906
:102B0000FFE701208DF8270000F0AABC089890F894
:102B1000350002280ED0FFE7089980204865FFE7BE
:102B20000899002081F83400FFE701208DF8270084
:102B300000F096BC0898016801201022C4F202023D
:102B40009142039000F0A380FFE7089801680120FC
:102B50002822C4F202029142039000F09880FFE71D
:102B60000898016801204022C4F2020291420390B9
:102B700000F08D80FFE70898016801205822C4F218
:102B800002029142039000F08280FFE708980168FA
:102B900001207022C4F202029142039077D0FFE735
:102BA0000898016801208822C4F202029142039031
:102BB0006DD0FFE7089801680120A022C4F202024C
:102BC0009142039063D0FFE7089801680120B82282
:102BD000C4F202029142039059D0FFE708980168BD
:102BE000012040F21042C4F20202914203904ED002
:102BF000FFE708980168012040F22842C4F202026F
:102C00009142039043D0FFE708980168012040F209
:102C10004042C4F202029142039038D0FFE7089884
:102C20000168012040F25842C4F20202914203902E
:102C30002DD0FFE708980168012040F27042C4F2ED
:102C400002029142039022D0FFE708980168012018
:102C500040F28842C4F202029142039017D0FFE78B
:102C600008980168012040F2A042C4F20202914299
:102C700003900CD0FFE7089800684FF64831CBF678
:102C8000FD710844B0FA80F040090390FFE7039813
:102C9000C00780B1FFE708980168086820F01E00AF
:102CA000086008980168486920F080004861089829
:102CB0000068059009E008980168086820F00E0097
:102CC0000860089800680590FFE7089801680120EF
:102CD0001022C4F202029142029000F00381FFE749
:102CE0000898016801202822C4F202029142029051
:102CF00000F0F880FFE70898016801204022C4F244
:102D000002029142029000F0ED80FFE7089801680E
:102D100001205822C4F202029142029000F0E280A7
:102D2000FFE70898016801207022C4F20202914274
:102D3000029000F0D780FFE7089801680120882200
:102D4000C4F202029142029000F0CC80FFE70898A2
:102D500001680120A022C4F202029142029000F018
:102D6000C180FFE7089801680120B822C4F202027E
:102D70009142029000F0B680FFE7089801680120B8
:102D800040F21042C4F202029142029000F0AA8086
:102D9000FFE708980168012040F22842C4F20202CD
:102DA0009142029000F09E80FFE7089801680120A0
:102DB00040F24042C4F202029142029000F092803E
:102DC000FFE708980168012040F25842C4F202026D
:102DD0009142029000F08680FFE708980168012088
:102DE00040F27042C4F20202914202907AD0FFE7B0
:102DF00008980168012040F28842C4F20202914220
:102E000002906FD0FFE708980168012040F2A042CD
:102E1000C4F202029142029064D0FFE70898016870
:102E2000012040F2B842C4F202029142029059D00D
:102E3000FFE708980168012045F20842C5F6020242
:102E4000914202904ED0FFE708980168012045F2B8
:102E50001C42C5F602029142029043D0FFE7089857
:102E60000168012045F23042C5F60202914202900B
:102E700038D0FFE708980168012045F24442C5F6C2
:102E80000202914202902DD0FFE7089801680120CC
:102E900045F25842C5F602029142029022D0FFE765
:102EA00008980168012045F26C42C5F60202914281
:102EB000029017D0FFE708980168012045F2804290
:102EC000C5F60202914202900CD0FFE70898006814
:102ED0004AF66C31CAF2FD710844B0FA80F040093C
:102EE0000290FFE70298C00738B1FFE70898016E2B
:102EF000086820F480700860FFE7089800681021D7
:102F0000C4F20201884200F08180FFE7089800685F
:102F10002821C4F20201884278D0FFE708980068AF
:102F20004021C4F20201884270D0FFE7089800688F
:102F30005821C4F20201884268D0FFE7089800686F
:102F40007021C4F20201884260D0FFE7089800684F
:102F50008821C4F20201884258D0FFE7089800682F
:102F6000A021C4F20201884250D0FFE7089800680F
:102F7000B821C4F20201884248D0FFE708980068EF
:102F800040F21041C4F2020188423FD0FFE70898A6
:102F9000006840F22841C4F20201884236D0FFE7BF
:102FA0000898006840F24041C4F2020188422DD0E6
:102FB000FFE70898006840F25841C4F202018842D5
:102FC00024D0FFE70898006840F27041C4F2020183
:102FD00088421BD0FFE70898006840F28841C4F29D
:102FE0000201884212D0FFE70898006840F2A04131
:102FF000C4F20201884209D0FFE70898006840F255
:10300000B841C4F20201884207D1FFE7089801687D
:10301000086820F00100086006E008980168086868
:1030200020F001000860FFE7FFE705980068C0078F
:10303000C8B1FFE704F024FB0499401A062811D315
:10304000FFE70899202048650899032081F835009A
:10305000FFE70899002081F83400FFE701208DF890
:103060002700FDE1E1E70898016801201022C4F281
:1030700002029142019000F0A380FFE708980168E6
:1030800001202822C4F202029142019000F09880AF
:10309000FFE70898016801204022C4F20202914231
:1030A000019000F08D80FFE7089801680120582208
:1030B000C4F202029142019000F08280FFE708987A
:1030C000016801207022C4F202029142019077D07F
:1030D000FFE70898016801208822C4F202029142A9
:1030E00001906DD0FFE7089801680120A022C4F28A
:1030F00002029142019063D0FFE708980168012025
:10310000B822C4F202029142019059D0FFE7089818
:103110000168012040F21042C4F202029142019083
:103120004ED0FFE708980168012040F22842C4F21F
:1031300002029142019043D0FFE708980168012004
:1031400040F24042C4F202029142019038D0FFE7BF
:1031500008980168012040F25842C4F202029142EC
:1031600001902DD0FFE708980168012040F27042DD
:10317000C4F202029142019022D0FFE70898016850
:10318000012040F28842C4F202029142019017D01D
:10319000FFE708980168012040F2A042C4F2020251
:1031A000914201900CD0FFE7089800684FF6483133
:1031B000CBF6FD710844B0FA80F040090190FFE7BA
:1031C0000198C00760B1FFE70898806D07900898E4
:1031D000C06D00F01F013F208840079988600BE018
:1031E0000898806D06900898C06D00F01F010120BE
:1031F000884006994860FFE708980168012010227E
:10320000C4F202029142009000F00381FFE70898A7
:10321000016801202822C4F202029142009000F0CD
:10322000F880FFE70898016801204022C4F20202FA
:103230009142009000F0ED80FFE7089801680120BE
:103240005822C4F202029142009000F0E280FFE7AF
:103250000898016801207022C4F202029142009095
:1032600000F0D780FFE70898016801208822C4F2A7
:1032700002029142009000F0CC80FFE708980168BC
:103280000120A022C4F202029142009000F0C1800D
:10329000FFE7089801680120B822C4F202029142B7
:1032A000009000F0B680FFE708980168012040F226
:1032B0001042C4F202029142009000F0AA80FFE79F
:1032C00008980168012040F22842C4F202029142AB
:1032D000009000F09E80FFE708980168012040F20E
:1032E0004042C4F202029142009000F09280FFE757
:1032F00008980168012040F25842C4F2020291424B
:10330000009000F08680FFE708980168012040F2F5
:103310007042C4F20202914200907AD0FFE708980E
:103320000168012040F28842C4F2020291420090FA
:103330006FD0FFE708980168012040F2A042C4F274
:1033400002029142009064D0FFE7089801680120D2
:1033500040F2B842C4F202029142009059D0FFE715
:1033600008980168012045F20842C5F60202914220
:1033700000904ED0FFE708980168012045F21C42FA
:10338000C5F602029142009043D0FFE70898016819
:10339000012045F23042C5F602029142009038D039
:1033A000FFE708980168012045F24442C5F6020291
:1033B000914200902DD0FFE708980168012045F266
:1033C0005842C5F602029142009022D0FFE70898C9
:1033D0000168012045F26C42C5F60202914200905C
:1033E00017D0FFE708980168012045F28042C5F632
:1033F0000202914200900CD0FFE7089800684AF65C
:103400006C31CAF2FD710844B0FA80F040090090B6
:10341000FFE70098C007A0B1FFE70898416E806EF3
:1034200048600898C06E58B1FFE70898C16E0868F8
:1034300020F4807008600898016F406F4860FFE7D3
:10344000FFE70899012081F83500FFE7089900207F
:1034500081F83400FFE7FFE700208DF82700FFE741
:103460009DF827000AB080BD80B586B0049004980E
:1034700020B9FFE701208DF8170046E3049890F883
:103480003500022807D0FFE7049980204865012015
:103490008DF8170039E30498016801201022C4F266
:1034A00002029142029000F0A380FFE704980168B5
:1034B00001202822C4F202029142029000F098807A
:1034C000FFE70498016801204022C4F20202914201
:1034D000029000F08D80FFE70498016801205822D7
:1034E000C4F202029142029000F08280FFE7049849
:1034F000016801207022C4F202029142029077D04A
:10350000FFE70498016801208822C4F20202914278
:1035100002906DD0FFE7049801680120A022C4F258
:1035200002029142029063D0FFE7049801680120F3
:10353000B822C4F202029142029059D0FFE70498E7
:103540000168012040F21042C4F20202914202904E
:103550004ED0FFE704980168012040F22842C4F2EF
:1035600002029142029043D0FFE7049801680120D3
:1035700040F24042C4F202029142029038D0FFE78A
:1035800004980168012040F25842C4F202029142BC
:1035900002902DD0FFE704980168012040F27042AC
:1035A000C4F202029142029022D0FFE7049801681F
:1035B000012040F28842C4F202029142029017D0E8
:1035C000FFE704980168012040F2A042C4F2020221
:1035D000914202900CD0FFE7049800684FF6483102
:1035E000CBF6FD710844B0FA80F040090290FFE785
:1035F0000298C007002800F09D80FFE7049904208E
:1036000081F83500049800681021C4F20201884254
:1036100000F08180FFE7049800682821C4F20201CD
:10362000884278D0FFE7049800684021C4F2020184
:10363000884270D0FFE7049800685821C4F2020164
:10364000884268D0FFE7049800687021C4F2020144
:10365000884260D0FFE7049800688821C4F2020124
:10366000884258D0FFE704980068A021C4F2020104
:10367000884250D0FFE704980068B821C4F20201E4
:10368000884248D0FFE70498006840F21041C4F235
:10369000020188423FD0FFE70498006840F22841C9
:1036A000C4F20201884236D0FFE70498006840F275
:1036B0004041C4F2020188422DD0FFE7049800681F
:1036C00040F25841C4F20201884224D0FFE7049836
:1036D000006840F27041C4F2020188421BD0FFE74B
:1036E0000498006840F28841C4F20201884212D076
:1036F000FFE70498006840F2A041C4F2020188424A
:1037000009D0FFE70498006840F2B841C4F2020112
:10371000884207D1FFE704980168086820F001009B
:10372000086006E004980168086820F0010008605D
:10373000FFE7E5E104980168086820F00E000860E2
:10374000049800681021C4F20201884200F08180D0
:10375000FFE7049800682821C4F20201884278D06B
:10376000FFE7049800684021C4F20201884270D04B
:10377000FFE7049800685821C4F20201884268D02B
:10378000FFE7049800687021C4F20201884260D00B
:10379000FFE7049800688821C4F20201884258D0EB
:1037A000FFE704980068A021C4F20201884250D0CB
:1037B000FFE704980068B821C4F20201884248D0AB
:1037C000FFE70498006840F21041C4F20201884209
:1037D0003FD0FFE70498006840F22841C4F202019C
:1037E000884236D0FFE70498006840F24041C4F2B6
:1037F000020188422DD0FFE70498006840F258414A
:10380000C4F20201884224D0FFE70498006840F225
:103810007041C4F2020188421BD0FFE7049800689F
:1038200040F28841C4F20201884212D0FFE70498B6
:10383000006840F2A041C4F20201884209D0FFE7CB
:103840000498006840F2B841C4F20201884207D1EE
:10385000FFE704980168086820F00100086006E0AE
:1038600004980168086820F001000860FFE70498E8
:10387000016801201022C4F202029142019000F07E
:103880000381FFE70498016801202822C4F20202A4
:103890009142019000F0F880FFE704980168012050
:1038A0004022C4F202029142019000F0ED80FFE755
:1038B0000498016801205822C4F20202914201904A
:1038C00000F0E280FFE70498016801207022C4F252
:1038D00002029142019000F0D780FFE7049801684E
:1038E00001208822C4F202029142019000F0CC80B3
:1038F000FFE7049801680120A022C4F2020291426D
:10390000019000F0C180FFE7049801680120B8220F
:10391000C4F202029142019000F0B680FFE70498E1
:103920000168012040F21042C4F20202914201906B
:1039300000F0AA80FFE704980168012040F22842C5
:10394000C4F202029142019000F09E80FFE70498C9
:103950000168012040F24042C4F20202914201900B
:1039600000F09280FFE704980168012040F258427D
:10397000C4F202029142019000F08680FFE70498B1
:103980000168012040F27042C4F2020291420190AB
:103990007AD0FFE704980168012040F28842C4F21F
:1039A0000202914201906FD0FFE704980168012064
:1039B00040F2A042C4F202029142019064D0FFE7BB
:1039C00004980168012040F2B842C4F20202914218
:1039D000019059D0FFE704980168012045F20842A0
:1039E000C5F60202914201904ED0FFE704980168AB
:1039F000012045F21C42C5F602029142019043D0DB
:103A0000FFE704980168012045F23042C5F6020242
:103A10009142019038D0FFE704980168012045F2F7
:103A20004442C5F60202914201902DD0FFE704986E
:103A30000168012045F25842C5F602029142019008
:103A400022D0FFE704980168012045F26C42C5F6D8
:103A500002029142019017D0FFE70498016801200B
:103A600045F28042C5F60202914201900CD0FFE778
:103A7000049800684AF66C31CAF2FD710844B0FA45
:103A800080F040090190FFE70198C00728B3FFE7E5
:103A90000498016E086820F4807008600498806DB6
:103AA00003900498C06D00F01F0101208840039925
:103AB00048600498416E806E48600498C06E58B1AA
:103AC000FFE70498C16E086820F4807008600498CD
:103AD000016F406F4860FFE7FFE70499012081F81C
:103AE0003500FFE70499002081F83400FFE70498CF
:103AF000006D20B1FFE70498016D8847FFE7FFE7FD
:103B0000FFE700208DF81700FFE79DF8170006B0CB
:103B100080BD00000000000080B590B00F90002034
:103B20000B9040F21400C2F20040006848F2B51158
:103B3000C1F64E31A0FB0110800A0A900F98806DEB
:103B400009900F98806D0890099800680E90089869
:103B500000680D900F98016801201022C4F2020243
:103B60009142079000F0A380FFE70F9801680120C1
:103B70002822C4F202029142079000F09880FFE7E9
:103B80000F98016801204022C4F20202914207907E
:103B900000F08D80FFE70F98016801205822C4F2E1
:103BA00002029142079000F08280FFE70F980168BF
:103BB00001207022C4F202029142079077D0FFE701
:103BC0000F98016801208822C4F2020291420790F6
:103BD0006DD0FFE70F9801680120A022C4F2020215
:103BE0009142079063D0FFE70F9801680120B82247
:103BF000C4F202029142079059D0FFE70F98016882
:103C0000012040F21042C4F20202914207904ED0CD
:103C1000FFE70F980168012040F22842C4F2020237
:103C20009142079043D0FFE70F980168012040F2CE
:103C30004042C4F202029142079038D0FFE70F9849
:103C40000168012040F25842C4F2020291420790FA
:103C50002DD0FFE70F980168012040F27042C4F2B6
:103C600002029142079022D0FFE70F9801680120DD
:103C700040F28842C4F202029142079017D0FFE757
:103C80000F980168012040F2A042C4F20202914262
:103C900007900CD0FFE70F9800684FF64831CBF63D
:103CA000FD710844B0FA80F040090790FFE70798DB
:103CB000C007002800F01385FFE70E980F99C96D23
:103CC00001F01F01C8400007002840F1B080FFE765
:103CD0000F9800681021C4F20201884200F0818030
:103CE000FFE70F9800682821C4F20201884278D0CB
:103CF000FFE70F9800684021C4F20201884270D0AB
:103D0000FFE70F9800685821C4F20201884268D08A
:103D1000FFE70F9800687021C4F20201884260D06A
:103D2000FFE70F9800688821C4F20201884258D04A
:103D3000FFE70F980068A021C4F20201884250D02A
:103D4000FFE70F980068B821C4F20201884248D00A
:103D5000FFE70F98006840F21041C4F20201884268
:103D60003FD0FFE70F98006840F22841C4F20201FB
:103D7000884236D0FFE70F98006840F24041C4F215
:103D8000020188422DD0FFE70F98006840F25841A9
:103D9000C4F20201884224D0FFE70F98006840F285
:103DA0007041C4F2020188421BD0FFE70F980068FF
:103DB00040F28841C4F20201884212D0FFE70F9816
:103DC000006840F2A041C4F20201884209D0FFE736
:103DD0000F98006840F2B841C4F20201884207D14E
:103DE000FFE70F980068006800F00400069006E006
:103DF0000F980068006800F008000690FFE706983A
:103E0000A0B1FFE70F980168086820F0040008607F
:103E10000F98C06D00F01F01082088400999886044
:103E20000F99486D40F001004865FFE7FFE70E98E5
:103E30000F99C96D01F01F01C840C007002800F0AC
:103E4000A980FFE70F9800681021C4F202018842A0
:103E500000F08180FFE70F9800682821C4F202017A
:103E6000884278D0FFE70F9800684021C4F2020131
:103E7000884270D0FFE70F9800685821C4F2020111
:103E8000884268D0FFE70F9800687021C4F20201F1
:103E9000884260D0FFE70F9800688821C4F20201D1
:103EA000884258D0FFE70F980068A021C4F20201B1
:103EB000884250D0FFE70F980068B821C4F2020191
:103EC000884248D0FFE70F98006840F21041C4F2E2
:103ED000020188423FD0FFE70F98006840F2284176
:103EE000C4F20201884236D0FFE70F98006840F222
:103EF0004041C4F2020188422DD0FFE70F980068CC
:103F000040F25841C4F20201884224D0FFE70F98E2
:103F1000006840F27041C4F2020188421BD0FFE702
:103F20000F98006840F28841C4F20201884212D022
:103F3000FFE70F98006840F2A041C4F202018842F6
:103F400009D0FFE70F98006840F2B841C4F20201BF
:103F5000884207D1FFE70F980068406900F08000B1
:103F6000059005E00F980068006800200590FFE7C5
:103F7000059870B1FFE70F98C06D00F01F01012098
:103F80008840099988600F99486D40F002004865A3
:103F9000FFE7FFE70E980F99C96D01F01F01C840B8
:103FA0004007002840F1A980FFE70F980068102122
:103FB000C4F20201884200F08180FFE70F98006898
:103FC0002821C4F20201884278D0FFE70F980068E8
:103FD0004021C4F20201884270D0FFE70F980068C8
:103FE0005821C4F20201884268D0FFE70F980068A8
:103FF0007021C4F20201884260D0FFE70F98006888
:104000008821C4F20201884258D0FFE70F98006867
:10401000A021C4F20201884250D0FFE70F98006847
:10402000B821C4F20201884248D0FFE70F98006827
:1040300040F21041C4F2020188423FD0FFE70F98DE
:10404000006840F22841C4F20201884236D0FFE7FE
:104050000F98006840F24041C4F2020188422DD01E
:10406000FFE70F98006840F25841C4F2020188420D
:1040700024D0FFE70F98006840F27041C4F20201BB
:1040800088421BD0FFE70F98006840F28841C4F2D5
:104090000201884212D0FFE70F98006840F2A04169
:1040A000C4F20201884209D0FFE70F98006840F28D
:1040B000B841C4F20201884207D1FFE70F980068B7
:1040C000006800F00200049005E00F9800680068A6
:1040D00000200490FFE7049870B1FFE70F98C06DCF
:1040E00000F01F0104208840099988600F99486DED
:1040F00040F004004865FFE7FFE70E980F99C96D8F
:1041000001F01F01C840C006002840F1DE80FFE733
:104110000F9800681021C4F20201884200F08180EB
:10412000FFE70F9800682821C4F20201884278D086
:10413000FFE70F9800684021C4F20201884270D066
:10414000FFE70F9800685821C4F20201884268D046
:10415000FFE70F9800687021C4F20201884260D026
:10416000FFE70F9800688821C4F20201884258D006
:10417000FFE70F980068A021C4F20201884250D0E6
:10418000FFE70F980068B821C4F20201884248D0C6
:10419000FFE70F98006840F21041C4F20201884224
:1041A0003FD0FFE70F98006840F22841C4F20201B7
:1041B000884236D0FFE70F98006840F24041C4F2D1
:1041C000020188422DD0FFE70F98006840F2584165
:1041D000C4F20201884224D0FFE70F98006840F241
:1041E0007041C4F2020188421BD0FFE70F980068BB
:1041F00040F28841C4F20201884212D0FFE70F98D2
:10420000006840F2A041C4F20201884209D0FFE7F1
:104210000F98006840F2B841C4F20201884207D109
:10422000FFE70F980068006800F00800039006E0C0
:104230000F980068006800F004000390FFE70398FF
:10424000002841D0FFE70F98C06D00F01F0110203B
:104250008840099988600F9800680068400300282A
:104260001AD5FFE70F98006800680003002809D4FA
:10427000FFE70F98006C20B1FFE70F98016C8847AB
:10428000FFE708E00F98806C20B1FFE70F98816C82
:104290008847FFE7FFE716E00F9800680068C00551
:1042A000002807D4FFE70F980168086820F008008D
:1042B0000860FFE70F98006C20B1FFE70F98016CD2
:1042C0008847FFE7FFE7FFE7FFE70E980F99C96D03
:1042D00001F01F01C8408006002840F12681FFE759
:1042E0000F9800681021C4F20201884200F081801A
:1042F000FFE70F9800682821C4F20201884278D0B5
:10430000FFE70F9800684021C4F20201884270D094
:10431000FFE70F9800685821C4F20201884268D074
:10432000FFE70F9800687021C4F20201884260D054
:10433000FFE70F9800688821C4F20201884258D034
:10434000FFE70F980068A021C4F20201884250D014
:10435000FFE70F980068B821C4F20201884248D0F4
:10436000FFE70F98006840F21041C4F20201884252
:104370003FD0FFE70F98006840F22841C4F20201E5
:10438000884236D0FFE70F98006840F24041C4F2FF
:10439000020188422DD0FFE70F98006840F2584193
:1043A000C4F20201884224D0FFE70F98006840F26F
:1043B0007041C4F2020188421BD0FFE70F980068E9
:1043C00040F28841C4F20201884212D0FFE70F9800
:1043D000006840F2A041C4F20201884209D0FFE720
:1043E0000F98006840F2B841C4F20201884207D138
:1043F000FFE70F980068006800F01000029006E0E8
:104400000F980068006800F002000290FFE7029831
:10441000002800F08980FFE70F98C06D00F01F01B1
:1044200020208840099988600F9890F8350004286A
:1044300037D1FFE70F980168086820F01600086080
:104440000F980168486920F0800048610F98006C5F
:1044500020B9FFE70F98806C38B1FFE70F9801682B
:10446000086820F008000860FFE70F98C06D00F0B2
:104470001F013F208840099988600F99012081F829
:104480003500FFE70F99002081F83400FFE70F980F
:10449000006D20B1FFE70F98016D8847FFE700F03E
:1044A00019BC0F9800680068400300281AD5FFE780
:1044B0000F98006800680003002809D4FFE70F98F0
:1044C000406C20B1FFE70F98416C8847FFE708E098
:1044D0000F98C06B20B1FFE70F98C16B8847FFE7CB
:1044E000FFE720E00F9800680068C005002811D49D
:1044F000FFE70F980168086820F0100008600F9926
:10450000012081F83500FFE70F99002081F8340081
:10451000FFE7FFE70F98C06B20B1FFE70F98C16B73
:104520008847FFE7FFE7FFE7FFE70F98406D0028A8
:1045300000F0D480FFE70F98406DC007002800F01E
:10454000C480FFE70F99042081F835000F980068B8
:104550001021C4F20201884200F08180FFE70F9829
:1045600000682821C4F20201884278D0FFE70F9842
:1045700000684021C4F20201884270D0FFE70F9822
:1045800000685821C4F20201884268D0FFE70F9802
:1045900000687021C4F20201884260D0FFE70F98E2
:1045A00000688821C4F20201884258D0FFE70F98C2
:1045B0000068A021C4F20201884250D0FFE70F98A2
:1045C0000068B821C4F20201884248D0FFE70F9882
:1045D000006840F21041C4F2020188423FD0FFE778
:1045E0000F98006840F22841C4F20201884236D098
:1045F000FFE70F98006840F24041C4F20201884290
:104600002DD0FFE70F98006840F25841C4F2020134
:10461000884224D0FFE70F98006840F27041C4F24E
:10462000020188421BD0FFE70F98006840F28841E2
:10463000C4F20201884212D0FFE70F98006840F2EE
:10464000A041C4F20201884209D0FFE70F98006838
:1046500040F2B841C4F20201884207D1FFE70F9847
:104660000168086820F00100086006E00F98016802
:10467000086820F001000860FFE7FFE70B980130B1
:104680000B900A99884201D9FFE707E0FFE70F98EE
:1046900000680068C0070028F0D1FFE70F980068A5
:1046A0000068C00728B1FFE70F99032081F83500A3
:1046B00004E00F99012081F83500FFE7FFE70F992B
:1046C000002081F83400FFE7FFE70F98C06C20B1AD
:1046D000FFE70F98C16C8847FFE7FFE7FAE20F9802
:1046E0000168012045F20842C5F60202914201909C
:1046F0004ED0FFE70F980168012045F21C42C5F635
:1047000002029142019043D0FFE70F980168012017
:1047100045F23042C5F602029142019038D0FFE7DF
:104720000F980168012045F24442C5F60202914209
:1047300001902DD0FFE70F980168012045F2584203
:10474000C5F602029142019022D0FFE70F9801685E
:10475000012045F26C42C5F602029142019017D049
:10476000FFE70F980168012045F28042C5F602027A
:10477000914201900CD0FFE70F9800684AF66C3127
:10478000CAF2FD710844B0FA80F040090190FFE7D9
:104790000198C007002800F09B82FFE70F9800688F
:1047A00000680C900D980F99C96D01F01F01C84069
:1047B0004007002840F1D780FFE79DF83000400710
:1047C000002840F1D080FFE70F98C06D00F01F0176
:1047D00004208840089948609DF8310000060028B0
:1047E00018D5FFE79DF83200C00748B9FFE70F98DA
:1047F000806C20B1FFE70F98816C8847FFE708E0E5
:104800000F98006C20B1FFE70F98016C8847FFE715
:10481000FFE7A7E09DF830008006002800F19980AE
:10482000FFE70F9800681021C4F20201884200F0EF
:104830008180FFE70F9800682821C4F202018842B6
:1048400078D0FFE70F9800684021C4F20201884247
:1048500070D0FFE70F9800685821C4F20201884227
:1048600068D0FFE70F9800687021C4F20201884207
:1048700060D0FFE70F9800688821C4F202018842E7
:1048800058D0FFE70F980068A021C4F202018842C7
:1048900050D0FFE70F980068B821C4F202018842A7
:1048A00048D0FFE70F98006840F21041C4F20201BF
:1048B00088423FD0FFE70F98006840F22841C4F2D9
:1048C0000201884236D0FFE70F98006840F240416D
:1048D000C4F2020188422DD0FFE70F98006840F231
:1048E0005841C4F20201884224D0FFE70F980068C3
:1048F00040F27041C4F2020188421BD0FFE70F98DA
:10490000006840F28841C4F20201884212D0FFE7F9
:104910000F98006840F2A041C4F20201884209D019
:10492000FFE70F98006840F2B841C4F202018842E4
:1049300007D1FFE70F980168086820F008000860B9
:1049400006E00F980168086820F004000860FFE79F
:10495000FFE70F98006C20B1FFE70F98016C8847C4
:10496000FFE7FFE7B3E10D980F99C96D01F01F0153
:10497000C8408007002840F1E180FFE79DF8300043
:104980008007002840F1DA80FFE70F98C06D00F043
:104990001F0102208840089948609DF831000006F8
:1049A000002818D5FFE79DF83200C00748B9FFE797
:1049B0000F98406C20B1FFE70F98416C8847FFE7E4
:1049C00008E00F98C06B20B1FFE70F98C16B8847D4
:1049D000FFE7FFE7B1E09DF830008006002800F116
:1049E000A380FFE70F9800681021C4F202018842FB
:1049F00000F08180FFE70F9800682821C4F20201CF
:104A0000884278D0FFE70F9800684021C4F2020185
:104A1000884270D0FFE70F9800685821C4F2020165
:104A2000884268D0FFE70F9800687021C4F2020145
:104A3000884260D0FFE70F9800688821C4F2020125
:104A4000884258D0FFE70F980068A021C4F2020105
:104A5000884250D0FFE70F980068B821C4F20201E5
:104A6000884248D0FFE70F98006840F21041C4F236
:104A7000020188423FD0FFE70F98006840F22841CA
:104A8000C4F20201884236D0FFE70F98006840F276
:104A90004041C4F2020188422DD0FFE70F98006820
:104AA00040F25841C4F20201884224D0FFE70F9837
:104AB000006840F27041C4F2020188421BD0FFE757
:104AC0000F98006840F28841C4F20201884212D077
:104AD000FFE70F98006840F2A041C4F2020188424B
:104AE00009D0FFE70F98006840F2B841C4F2020114
:104AF000884207D1FFE70F980168086820F014008A
:104B0000086006E00F980168086820F00A00086055
:104B1000FFE70F99012081F83500FFE70F9900208A
:104B200081F83400FFE7FFE70F98C06B20B1FFE783
:104B30000F98C16B8847FFE7FFE7C7E00D980F9913
:104B4000C96D01F01F01C8400007002840F1BC807A
:104B5000FFE79DF830000007002840F1B580FFE72F
:104B60000F9800681021C4F20201884200F0818091
:104B7000FFE70F9800682821C4F20201884278D02C
:104B8000FFE70F9800684021C4F20201884270D00C
:104B9000FFE70F9800685821C4F20201884268D0EC
:104BA000FFE70F9800687021C4F20201884260D0CC
:104BB000FFE70F9800688821C4F20201884258D0AC
:104BC000FFE70F980068A021C4F20201884250D08C
:104BD000FFE70F980068B821C4F20201884248D06C
:104BE000FFE70F98006840F21041C4F202018842CA
:104BF0003FD0FFE70F98006840F22841C4F202015D
:104C0000884236D0FFE70F98006840F24041C4F276
:104C1000020188422DD0FFE70F98006840F258410A
:104C2000C4F20201884224D0FFE70F98006840F2E6
:104C30007041C4F2020188421BD0FFE70F98006860
:104C400040F28841C4F20201884212D0FFE70F9877
:104C5000006840F2A041C4F20201884209D0FFE797
:104C60000F98006840F2B841C4F20201884207D1AF
:104C7000FFE70F980168086820F01C00086006E054
:104C80000F980168086820F00E000860FFE70F9891
:104C9000C06D00F01F01012000FA01F1089A516077
:104CA0000F9948650F9981F83500FFE70F990020AB
:104CB00081F83400FFE70F98C06C20B1FFE70F9830
:104CC000C16C8847FFE700E0FFE7FFE7FFE700E090
:104CD000FFE7FFE710B080BD10B58EB00C9002F07A
:104CE000CFFC0A900C9828B9FFE701208DF8370017
:104CF00000F09EBC0C98016801201022C4F2020250
:104D00009142079000F0A380FFE70C980168012012
:104D10002822C4F202029142079000F09880FFE737
:104D20000C98016801204022C4F2020291420790CF
:104D300000F08D80FFE70C98016801205822C4F232
:104D400002029142079000F08280FFE70C98016810
:104D500001207022C4F202029142079077D0FFE74F
:104D60000C98016801208822C4F202029142079047
:104D70006DD0FFE70C9801680120A022C4F2020266
:104D80009142079063D0FFE70C9801680120B82298
:104D9000C4F202029142079059D0FFE70C980168D3
:104DA000012040F21042C4F20202914207904ED01C
:104DB000FFE70C980168012040F22842C4F2020289
:104DC0009142079043D0FFE70C980168012040F220
:104DD0004042C4F202029142079038D0FFE70C989B
:104DE0000168012040F25842C4F202029142079049
:104DF0002DD0FFE70C980168012040F27042C4F208
:104E000002029142079022D0FFE70C98016801202E
:104E100040F28842C4F202029142079017D0FFE7A5
:104E20000C980168012040F2A042C4F202029142B3
:104E300007900CD0FFE70C9800684FF64831CBF68E
:104E4000FD710844B0FA80F040090790FFE7079829
:104E5000C007002800F07881FFE70C98406A08B18D
:104E6000FFE7FFE70C99022081F83500FFE70C9976
:104E7000002081F83400FFE70C9800681021C4F28C
:104E80000201884200F08180FFE70C980068282129
:104E9000C4F20201884278D0FFE70C9800684021F4
:104EA000C4F20201884270D0FFE70C9800685821D4
:104EB000C4F20201884268D0FFE70C9800687021B4
:104EC000C4F20201884260D0FFE70C980068882194
:104ED000C4F20201884258D0FFE70C980068A02174
:104EE000C4F20201884250D0FFE70C980068B82154
:104EF000C4F20201884248D0FFE70C98006840F2F3
:104F00001041C4F2020188423FD0FFE70C980068CC
:104F100040F22841C4F20201884236D0FFE70C98E3
:104F2000006840F24041C4F2020188422DD0FFE700
:104F30000C98006840F25841C4F20201884224D023
:104F4000FFE70C98006840F27041C4F20201884209
:104F50001BD0FFE70C98006840F28841C4F20201C0
:104F6000884212D0FFE70C98006840F2A041C4F2DA
:104F70000201884209D0FFE70C98006840F2B8416E
:104F8000C4F20201884207D1FFE70C980168086863
:104F900020F00100086006E00C980168086820F025
:104FA00001000860FFE7FFE70C9800680068C00791
:104FB00098B1FFE702F064FB0A99401A06280BD368
:104FC000FFE70C99202048650C99032081F83500F3
:104FD00001208DF837002BE3E6E70C9800680068A5
:104FE0000B900B9848F23F01CFF6106108400B90F0
:104FF0000C998868D1F80CC00B694A6940EA0C002A
:10500000184310438A691043CA691043096A01436F
:105010000B9808430B900C98406A042808D1FFE7CE
:105020000C99C86A096B01430B9808430B90FFE782
:105030000C984068292807D3FFE70C9841680120A5
:105040002F29069036D3FFE70C9840683F2807D3F6
:10505000FFE70C9841680120432906902AD3FFE717
:105060000C984068472807D3FFE70C984168012057
:10507000492906901ED3FFE70C9840684F2807D3B4
:10508000FFE70C98416801205329069012D3FFE7EF
:105090000C98416800207429059008D3FFE70C980C
:1050A00041680020782938BF01200590FFE7059866
:1050B0000690FFE70698C00728B1FFE70B9840F479
:1050C00080100B90FFE70B980C99096808600C980A
:1050D000006840690B900B9820F007000B900C982B
:1050E000416A0B9808430B900C98406A04281AD127
:1050F000FFE70C98816A0B9808430B900C98C06AE4
:1051000080B1FFE70C98FCF7D3FF50B1FFE70C9993
:10511000402048650C99012081F835008DF8370052
:1051200086E2FFE7FFE70B980C99096848610C9845
:10513000FCF782FD09900C98C06D00F01F013F2024
:1051400088400999886026E10C980168012045F2A1
:105150000842C5F60202914204904ED0FFE70C9837
:105160000168012045F21C42C5F6020291420490FA
:1051700043D0FFE70C980168012045F23042C5F6A4
:1051800002029142049038D0FFE70C980168012098
:1051900045F24442C5F60202914204902DD0FFE749
:1051A0000C980168012045F25842C5F6020291426E
:1051B000049022D0FFE70C980168012045F26C4270
:1051C000C5F602029142049017D0FFE70C980168DF
:1051D000012045F28042C5F60202914204900CD0B3
:1051E000FFE70C9800684AF66C31CAF2FD7108447A
:1051F000B0FA80F040090490FFE70498C007002847
:1052000000F0BD80FFE70C980168012045F20842DC
:10521000C5F60202914203904ED0FFE70C98016858
:10522000012045F21C42C5F602029142039043D090
:10523000FFE70C980168012045F23042C5F60202F2
:105240009142039038D0FFE70C980168012045F2A5
:105250004442C5F60202914203902DD0FFE70C981C
:105260000168012045F25842C5F6020291420390BE
:1052700022D0FFE70C980168012045F26C42C5F688
:1052800002029142039017D0FFE70C9801680120B9
:1052900045F28042C5F60202914203900CD0FFE72E
:1052A0000C9800684AF66C31CAF2FD710844B0FAF5
:1052B00080F040090390FFE70398C00708B1FFE7BB
:1052C000FFE70C99022081F83500FFE70C990020D8
:1052D00081F83400FFE70C98006800680B900B9889
:1052E0006FF310100B900C988068402803D1FFE7F3
:1052F0001020029008E00C9880688038B0FA80F0A6
:10530000400980030290FFE702980C99CA680B6974
:10531000D1F814C0D1F818E0CC694EEA040E4CEA7A
:105320000E0C43EA0C031A4340EAD200096A40EA31
:1053300011110B9808430B900B980C9909680860A1
:105340000C9908684AF6F832CAF2FD7210444CF61D
:10535000CD42CCF6CC42A0FB02026FF0030000EA83
:105360009200C8650C98FCF767FC08900C98C06D1B
:1053700000F01F0101208840089948600AE00C995C
:10538000402048650C99032081F8350001208DF8F4
:1053900037004DE1FFE70C98016801201022C4F2AC
:1053A00002029142019000F00381FFE70C9801682E
:1053B00001202822C4F202029142019000F0F880FC
:1053C000FFE70C98016801204022C4F202029142DA
:1053D000019000F0ED80FFE70C9801680120582251
:1053E000C4F202029142019000F0E280FFE70C98C3
:1053F000016801207022C4F202029142019000F083
:10540000D780FFE70C98016801208822C4F20202CD
:105410009142019000F0CC80FFE70C9801680120D8
:10542000A022C4F202029142019000F0C180FFE785
:105430000C9801680120B822C4F202029142019046
:1054400000F0B680FFE70C980168012040F210429E
:10545000C4F202029142019000F0AA80FFE70C988A
:105460000168012040F22842C4F2020291420190F8
:1054700000F09E80FFE70C980168012040F2404256
:10548000C4F202029142019000F09280FFE70C9872
:105490000168012040F25842C4F202029142019098
:1054A00000F08680FFE70C980168012040F270420E
:1054B000C4F20202914201907AD0FFE70C98016891
:1054C000012040F28842C4F20202914201906FD062
:1054D000FFE70C980168012040F2A042C4F20202EA
:1054E0009142019064D0FFE70C980168012040F2DE
:1054F000B842C4F202029142019059D0FFE70C98E1
:105500000168012045F20842C5F60202914201906D
:105510004ED0FFE70C980168012045F21C42C5F609
:1055200002029142019043D0FFE70C9801680120EC
:1055300045F23042C5F602029142019038D0FFE7B1
:105540000C980168012045F24442C5F602029142DE
:1055500001902DD0FFE70C980168012045F25842D8
:10556000C5F602029142019022D0FFE70C98016833
:10557000012045F26C42C5F602029142019017D01B
:10558000FFE70C980168012045F28042C5F602024F
:10559000914201900CD0FFE70C9800684AF66C31FC
:1055A000CAF2FD710844B0FA80F040090190FFE7AB
:1055B0000198C00790B3FFE70C98FCF725FC0C9806
:1055C0008068802804D1FFE70C9900204860FFE73D
:1055D0000C990879096E08600C98416E806E4860DD
:1055E0000C98406888B1FFE70C98406808280CD8F0
:1055F000FFE70C98FCF7C4FC0C98C16E0020086013
:105600000C98016F406F486007E00C990020C86655
:105610000C9908670C994867FFE7FFE70C99002091
:1056200048650C9A012182F835108DF83700FFE7A4
:105630009DF837000EB010BD80B588B0069005917A
:105640000492039300208DF80B00069820B9FFE721
:1056500001208DF81F006CE3FFE7069890F83400F6
:10566000012804D1FFE702208DF81F0061E30699AD
:10567000012081F83400FFE7FFE7069890F8350035
:10568000012840F04383FFE70699022081F83500A6
:10569000069900204865069800681021C4F20201AE
:1056A000884200F08180FFE7069800682821C4F254
:1056B0000201884278D0FFE7069800684021C4F2D2
:1056C0000201884270D0FFE7069800685821C4F2B2
:1056D0000201884268D0FFE7069800687021C4F292
:1056E0000201884260D0FFE7069800688821C4F272
:1056F0000201884258D0FFE706980068A021C4F252
:105700000201884250D0FFE706980068B821C4F231
:105710000201884248D0FFE70698006840F2104135
:10572000C4F2020188423FD0FFE70698006840F2C9
:105730002841C4F20201884236D0FFE7069800688B
:1057400040F24041C4F2020188422DD0FFE70698A2
:10575000006840F25841C4F20201884224D0FFE7B9
:105760000698006840F27041C4F2020188421BD0E2
:10577000FFE70698006840F28841C4F202018842BF
:1057800012D0FFE70698006840F2A041C4F202017F
:10579000884209D0FFE70698006840F2B841C4F299
:1057A0000201884207D1FFE706980168086820F0E7
:1057B0000100086006E006980168086820F0010012
:1057C0000860FFE706980599049A039BFCF7E8FC3C
:1057D0000698016801201022C4F202029142019051
:1057E00000F0A380FFE70698016801202822C4F298
:1057F00002029142019000F09880FFE7069801684C
:1058000001204022C4F202029142019000F08D80FA
:10581000FFE70698016801205822C4F20202914273
:10582000019000F08280FFE7069801680120702255
:10583000C4F202029142019077D0FFE70698016816
:1058400001208822C4F20202914201906DD0FFE74C
:10585000069801680120A022C4F202029142019040
:1058600063D0FFE7069801680120B822C4F2020263
:105870009142019059D0FFE706980168012040F25B
:105880001042C4F20202914201904ED0FFE7069806
:105890000168012040F22842C4F2020291420190C4
:1058A00043D0FFE706980168012040F24042C4F26D
:1058B00002029142019038D0FFE70698016801206A
:1058C00040F25842C4F20202914201902DD0FFE70B
:1058D00006980168012040F27042C4F2020291422F
:1058E000019022D0FFE706980168012040F288422B
:1058F000C4F202029142019017D0FFE706980168B6
:10590000012040F2A042C4F20202914201900CD068
:10591000FFE7069800684FF64831CBF6FD71084462
:10592000B0FA80F040090190FFE70198C007A8B1E4
:10593000FFE70698006800680B2161F344000699B0
:10594000096808600698006C38B1FFE7069801689E
:10595000086840F008000860FFE714E00698006857
:105960000068052161F343000699096808600698FC
:10597000006C38B1FFE706980168086840F0040041
:105980000860FFE7FFE70698016801201022C4F2D3
:1059900002029142009000F00381FFE7069801683F
:1059A00001202822C4F202029142009000F0F88007
:1059B000FFE70698016801204022C4F202029142EA
:1059C000009000F0ED80FFE7069801680120582262
:1059D000C4F202029142009000F0E280FFE70698D4
:1059E000016801207022C4F202029142009000F08E
:1059F000D780FFE70698016801208822C4F20202DE
:105A00009142009000F0CC80FFE7069801680120E9
:105A1000A022C4F202029142009000F0C180FFE790
:105A2000069801680120B822C4F202029142009057
:105A300000F0B680FFE706980168012040F21042AE
:105A4000C4F202029142009000F0AA80FFE706989B
:105A50000168012040F22842C4F202029142009003
:105A600000F09E80FFE706980168012040F2404266
:105A7000C4F202029142009000F09280FFE7069883
:105A80000168012040F25842C4F2020291420090A3
:105A900000F08680FFE706980168012040F270421E
:105AA000C4F20202914200907AD0FFE706980168A2
:105AB000012040F28842C4F20202914200906FD06D
:105AC000FFE706980168012040F2A042C4F20202FA
:105AD0009142009064D0FFE706980168012040F2EF
:105AE000B842C4F202029142009059D0FFE70698F2
:105AF0000168012045F20842C5F602029142009079
:105B00004ED0FFE706980168012045F21C42C5F619
:105B100002029142009043D0FFE7069801680120FD
:105B200045F23042C5F602029142009038D0FFE7BC
:105B300006980168012045F24442C5F602029142EE
:105B400000902DD0FFE706980168012045F25842E9
:105B5000C5F602029142009022D0FFE70698016844
:105B6000012045F26C42C5F602029142009017D026
:105B7000FFE706980168012045F28042C5F602025F
:105B8000914200900CD0FFE7069800684AF66C310D
:105B9000CAF2FD710844B0FA80F040090090FFE7B6
:105BA0000098C007D0B1FFE70698006E0068C003F8
:105BB000002807D5FFE70698016E086840F480705A
:105BC0000860FFE70698C06E38B1FFE70698C16E1F
:105BD000086840F480700860FFE7FFE706980068F7
:105BE0001021C4F20201884200F08180FFE706988C
:105BF00000682821C4F20201884278D0FFE70698A5
:105C000000684021C4F20201884270D0FFE7069884
:105C100000685821C4F20201884268D0FFE7069864
:105C200000687021C4F20201884260D0FFE7069844
:105C300000688821C4F20201884258D0FFE7069824
:105C40000068A021C4F20201884250D0FFE7069804
:105C50000068B821C4F20201884248D0FFE70698E4
:105C6000006840F21041C4F2020188423FD0FFE7D1
:105C70000698006840F22841C4F20201884236D0FA
:105C8000FFE70698006840F24041C4F202018842F2
:105C90002DD0FFE70698006840F25841C4F2020197
:105CA000884224D0FFE70698006840F27041C4F2B1
:105CB000020188421BD0FFE70698006840F2884145
:105CC000C4F20201884212D0FFE70698006840F251
:105CD000A041C4F20201884209D0FFE7069800689B
:105CE00040F2B841C4F20201884207D1FFE70698AA
:105CF0000168086840F00100086006E00698016845
:105D0000086840F001000860FFE70DE006994FF4D5
:105D100000604865FFE70699002081F83400FFE73E
:105D200001208DF80B00FFE79DF80B008DF81F0098
:105D3000FFE79DF81F0008B080BD000000000000D4
:105D400080B584B0039001F09BFC02900398019011
:105D50000198013048B1FFE740F2C800C2F20040AC
:105D60000178019808440190FFE7FFE701F088FC03
:105D70000299401A0199884201D2FFE7F6E704B080
:105D800080BD00000000000085B0039002910192E8
:105D9000039890F898008DF803009DF803000128FF
:105DA00005D0FFE79DF8030002285DD1FFE70298C8
:105DB00003990968896D084207D1FFE703980168D4
:105DC000C86D40F00100C86515E0029803990968A4
:105DD000896D08400299884207D1FFE7039801685E
:105DE000C86D40F00200C86504E003980168032014
:105DF000C865FFE7FFE79DF809008007002809D57F
:105E0000FFE7019A03980168D1F8E0001043C1F858
:105E1000E000FFE79DF809004007002809D5FFE7EB
:105E2000019A03980168D1F8E4001043C1F8E40036
:105E3000FFE7FFE702984FF6FF71C3F6CF7100EA64
:105E4000010203980168486D10434865029A4AF6BA
:105E50001401C4F20001086840EA92700860FFE78C
:105E600000208DF813000AE00399D1F89C0040F05F
:105E70000200C1F89C0001208DF81300FFE79DF897
:105E8000130005B07047000080B586B00490039100
:105E900002920398406808B9FFE700E0FFE7049822
:105EA00090F89800022845D1FFE704980068D0F8E0
:105EB000C00010F07C5F0BD1FFE70499D1F89C0083
:105EC00040F02000C1F89C0001208DF817003CE054
:105ED00004980068D0F8C400800200280BD5FFE7C2
:105EE0000499D1F89C0040F40070C1F89C00012096
:105EF0008DF8170029E004980068D0F8C400C0F3BA
:105F00000440019004980399029A019BFCF794FDC8
:105F10000199012000FA01F1049A1268C2F8D01028
:105F2000019988400499C1F89400FFE700208DF89A
:105F300017000AE00499D1F89C0040F00800C1F86D
:105F40009C0001208DF81700FFE79DF8170006B0B0
:105F500080BD00000000000082B00190009102B0FE
:105F6000704700000000000087B00590049105987C
:105F700090F898008DF803009DF80300012805D0E3
:105F8000FFE79DF8030002286AD1FFE70498C06884
:105F9000072801D1FFE7FFE70498006878BBFFE717
:105FA0000498C068072801D0FFE7FFE70498C0689D
:105FB00007280CD1FFE7049A10699169D26900049F
:105FC00040EA0220084340F0605003900CE004993E
:105FD0008868CB680A694969800740EAC36040EA7B
:105FE000024008430390FFE70598C06E0499496892
:105FF00000EB810001900398019908602CE004985F
:10600000C068072801D0FFE7FFE70498C16800696E
:1060100040EA417003900498C068072804D1FFE764
:1060200004988069029006E004988168406940EA1B
:1060300081700290FFE70598006F0499496800EBB2
:10604000C100019003980199086001980430019003
:10605000029801990860FFE700208DF81B000AE014
:106060000599D1F89C0040F00200C1F89C00012085
:106070008DF81B00FFE79DF81B0007B0704700007C
:1060800085B0DDF814C0039002910192009303984B
:1060900090F89800012812D1FFE7029800010199B9
:1060A00040EA8100009940EA4100059908430399BC
:1060B0000968C1F8800000208DF813000AE00399F8
:1060C000D1F89C0040F00400C1F89C0001208DF83C
:1060D0001300FFE79DF8130005B0704700000000B3
:1060E00081B0009001B0704782B00190009102B081
:1060F000704700000000000083B0029001910198F9
:10610000402808D1FFE702980068D0F8A40000F00A
:106110007F00009007E002980068D0F8B40000F01B
:106120007F000090FFE7009803B070470000000078
:106130008AB0089007910692059300200190089874
:1061400090F898008DF803009DF80300022840F0B5
:106150005C81FFE70798402851D1FFE70898006865
:10616000D0F8A00010F4FE0F0BD1FFE70899D1F88A
:106170009C0040F02000C1F89C0001208DF8270011
:106180004EE108980068D0F8A400400658B9FFE72F
:106190000899D1F89C0040F48070C1F89C0001205F
:1061A0008DF827003CE108980068D0F8A40000F0C2
:1061B00080710120B0EB116F0DD1FFE708980068E6
:1061C000D0F8A0100120B0EBD17F03D1FFE7012070
:1061D0000190FFE7FFE708980068D0F8A40000F4FA
:1061E0007C51019800EB112001900898426C406F9F
:1061F0000199514300EB81000490FFE770E007989C
:10620000412851D1FFE708980068D0F8B00010F499
:10621000FE0F0BD1FFE70899D1F89C0040F0200059
:10622000C1F89C0001208DF82700F9E0089800686B
:10623000D0F8B400400658B9FFE70899D1F89C009F
:1062400040F48070C1F89C0001208DF82700E7E041
:1062500008980068D0F8B40000F080710120B0EB1D
:10626000116F0DD1FFE708980068D0F8B010012039
:10627000B0EBD17F03D1FFE701200190FFE7FFE7FB
:1062800008980068D0F8B40000F47C51019800EB45
:10629000112001900898C26C806F0199514300EB66
:1062A00081000490FFE71AE007980899096D884279
:1062B0000BD3FFE70899D1F89C0040F02000C1F80B
:1062C0009C0001208DF82700AAE00898426DC06F5D
:1062D0000799514300EB81000490FFE7FFE7FFE7D8
:1062E0000498006800F0804006994860069840686D
:1062F00038B9FFE704980068C0F38A40069908603F
:1063000006E00498006820F0604006990860FFE706
:106310000498006800F000500699886004980068AE
:1063200000F0004006990861049804300490049835
:1063300000880699C86104980068C0F30340069974
:10634000C8600498006800F48010069948610498B9
:10635000006800F400100699886104980068C0F392
:1063600006600699086204980068C00F06994862A2
:106370000498043004900498039000200290FFE7F2
:1063800002980699CA6847F69C21C0F60201895C0A
:1063900088420AD2FFE70398029A805C05998854E4
:1063A000FFE7029801300290EAE70798402806D1FB
:1063B000FFE7019808990968C1F8A80021E007984B
:1063C000412806D1FFE7019808990968C1F8B8008B
:1063D00016E007981F2808D8FFE707990120884092
:1063E00008990968C1F8980009E0079800F01F01B2
:1063F0000120884008990968C1F89C00FFE7FFE781
:10640000FFE700208DF827000AE00899D1F89C00EA
:1064100040F00800C1F89C0001208DF82700FFE73C
:106420009DF827000AB0704781B0009001B0704716
:1064300080B594B013904AF61000C4F200000068D2
:10644000800712904AF61400C4F200000168129806
:1064500000EA8170129013980068006D00F470409B
:10646000119013980068416D11980840119013988D
:106470000068006D00F00F00109013980068416DE7
:1064800010980840109013980068006D00F0F0001C
:106490000F9013980068416D0F9808400F90139863
:1064A0000068006D00F071500E9013980068416D07
:1064B0000E9808400E9013980068006D00F0607010
:1064C0000D9013980068416D0D9808400D90139839
:1064D0000068406D039013980068006D01909DF86E
:1064E0000D00C007B8B1FFE79DF80500C00788B1EF
:1064F000FFE7FFE7139801684FF4807008654AF6DC
:106500001001C4F2000100200860FFE71398FFF7B4
:106510008BFFFFE7FFE79DF80D0000F0040100206E
:10652000B0EB910F28D0FFE79DF8050000F00401C3
:106530000020B0EB910F1ED0FFE713980068D0F851
:10654000DC000B9013980068D0F8E4100B9808401A
:106550000B90FFE7139801684FF4806008654AF6D6
:106560001001C4F2000100200860FFE713980B99A6
:1065700000F032FEFFE7FFE71298B8B1FFE7FFE750
:1065800012984FF6FF71C3F6CF710840139909684E
:1065900008651298800F4AF61001C4F200010860E5
:1065A000FFE713981299FFF7D7FCFFE71198B8B1EE
:1065B000FFE7FFE711984FF6FF71C3F6CF71084070
:1065C0001399096808651198800F4AF61001C4F202
:1065D00000010860FFE71398119900F00DFEFFE736
:1065E0001098B8B1FFE7FFE710984FF6FF71C3F6B8
:1065F000CF7108401399096808651098800F4AF612
:106600001001C4F200010860FFE71398109900F030
:1066100043FDFFE70F98B8B1FFE7FFE70F984FF68C
:10662000FF71C3F6CF7108401399096808650F9888
:10663000800F4AF61001C4F200010860FFE71398CA
:106640000F9900F071FDFFE79DF80D0000F00801C3
:106650000020B0EBD10F1BD0FFE79DF8050000F044
:1066600008010020B0EBD10F11D0FFE7FFE713982E
:1066700001684FF4006008654AF61001C4F2000199
:1066800000200860FFE7139800F0BEFDFFE7FFE77A
:106690009DF80D0000F002010020B0EB510F28D052
:1066A000FFE79DF8050000F002010020B0EB510F5C
:1066B0001ED0FFE713980068D0F8D8000C9013980C
:1066C0000068D0F8E0100C9808400C90FFE7139891
:1066D00001684FF4007008654AF61001C4F2000129
:1066E00000200860FFE713980C9900F07DFDFFE79C
:1066F000FFE79DF80E0000F008010020B0EBD10F7D
:106700001BD0FFE79DF8060000F008010020B0EB69
:10671000D10F11D0FFE7FFE7139801684FF4002075
:1067200008654AF61001C4F2000100200860FFE786
:10673000139800F0ADFCFFE7FFE79DF80E00C007DF
:10674000B8B1FFE79DF80600C00788B1FFE7FFE793
:10675000139801684FF4803008654AF61001C4F2BE
:10676000000100200860FFE7139800F031FDFFE70B
:10677000FFE79DF80E0000F004010020B0EB910F40
:106780001BD0FFE79DF8060000F004010020B0EBED
:10679000910F11D0FFE7FFE7139801684FF48020B5
:1067A00008654AF61001C4F2000100200860FFE706
:1067B000139800F009FDFFE7FFE79DF80E0000F0D9
:1067C00002010020B0EB510F1FD0FFE79DF806003B
:1067D00000F002010020B0EB510F15D0FFE7FFE7FA
:1067E000139801684FF4003008654AF61001C4F2AE
:1067F000000100200860FFE71399D1F89C0040F0E9
:106800008000C1F89C00FFE7FFE70D98B8B1FFE7F3
:10681000FFE70D984FF6FF71C3F6CF71084013994B
:10682000096808650D98800F4AF61001C4F200014E
:106830000860FFE713980D99FFF756FCFFE70E98E5
:10684000D0B1FFE7FFE70E984FF6FF71C3F6CF71A7
:1068500008401399096808650E98800F4AF61001E0
:10686000C4F200010860FFE70E9A1399D1F89C006A
:106870001043C1F89C00FFE7139800684AF200013A
:10688000C4F20001884240F0B980FFE713984068E5
:1068900080688007002800F0B080FFE71398406808
:1068A000006A00F00F000A9013984068416A0A9845
:1068B00008400A9013984068006A00F03000099080
:1068C00013984068416A09980840099013984068F5
:1068D000006A00F4C070089013984068416A0898F4
:1068E0000840089013984068006A00F4FC40079044
:1068F00013984068416A07980840079013984068C9
:10690000006A00F4F020069013984068416A0698E7
:106910000840069013984068406A029013984068B7
:10692000006A00900A9848B1FFE70A9813994968ED
:10693000086213980A9900F02FFCFFE7099848B104
:10694000FFE709981399496808621398099900F0BC
:1069500033FCFFE79DF8080000F040010020B0EB99
:10696000911F1FD0FFE79DF8000000F040010020BC
:10697000B0EB911F15D0FFE713984068C06B000C77
:10698000059013984068C06B00F03F000490139886
:1069900041684020086213980599049A00F004FCAD
:1069A000FFE7FFE7089848B1FFE70898139949689F
:1069B00008621398089900F0E7FBFFE7079860B1B9
:1069C000FFE70798139949680862079A1399D1F865
:1069D0009C001043C1F89C00FFE7069860B1FFE7F8
:1069E0000698139949680862069A1399D1F89C0091
:1069F0001043C1F89C00FFE7FFE7FFE71398D0F8CA
:106A00009C0020B1FFE71398FFF76AFBFFE714B083
:106A100080BD00000000000080B598B0169047F6D9
:106A20001821C0F6020101A84C22F9F7A4FC16981F
:106A300020B9FFE701208DF85F00D9E116980068C2
:106A40004AF20001C4F20001884206D1FFE716991C
:106A5000086800F580704860FFE716988068B0F518
:106A6000407F01D1FFE7FFE71698006C08B1FFE710
:106A7000FFE71698806C08B1FFE7FFE71698006DF6
:106A800008B1FFE7FFE71698006E08B1FFE7FFE7E0
:106A90001699C86D096E084408B1FFE7FFE716981C
:106AA00090F8980040B9FFE71699002081F8990006
:106AB000169800F0A1F9FFE716980168886920F0A0
:106AC0001000886100F0DCFD1590FFE71698006863
:106AD00080690007002817D5FFE700F0D1FD159960
:106AE000401A0B280FD3FFE71699D1F89C0040F00D
:106AF0000100C1F89C001699032081F8980001203C
:106B00008DF85F0074E1E1E716980168886940F04C
:106B10000100886100F0B4FD1590FFE71698006849
:106B20008069C007B8B9FFE700F0AAFD1599401ABF
:106B30000B280FD3FFE71699D1F89C0040F0010015
:106B4000C1F89C001699032081F8980001208DF867
:106B50005F004DE1E2E716980168886940F00200A5
:106B600088611698007C012807D1FFE71698016814
:106B7000886920F04000886106E0169801688869FD
:106B800040F040008861FFE71698407C012807D15B
:106B9000FFE716980168886940F48040886106E044
:106BA00016980168886920F480408861FFE716988C
:106BB000807C012807D1FFE716980168886920F4D6
:106BC0008050886106E016980168886940F480501A
:106BD0008861FFE716980068806920F44070169A73
:106BE000116892681043886116980168886920F0DE
:106BF000A400886116980168086920F010000861F7
:106C00001698C068012807D1FFE7169801688869BF
:106C100040F0040088612BE01698C06830B3FFE7AD
:106C20001698C068022819D0FFE71698016888698D
:106C300040F08000886116980168086940F01000F3
:106C400008611698C068032807D1FFE71698016805
:106C5000886940F020008861FFE706E01698016827
:106C6000886940F020008861FFE700E0FFE7FFE768
:106C7000169A116853699069D2F81CE0A0F1010CD2
:106C80006FF0FF0000EB0E2040EA4C60126A013A00
:106C900010430022CFF6FF7202EB03421043C8619B
:106CA00016988068B0F5407F1CD1FFE7169A1168EE
:106CB000536A906AD2F82CE001386FF0FF0C0CEBAD
:106CC0000E2C40EA0C00D2F830C06FF00F0202EB3D
:106CD0000C1210430022CFF6FF7202EB0342104366
:106CE000C860FFE71698006E48B1FFE71698016884
:106CF000426ED1F8C0001043C1F8C000FFE71699FA
:106D0000C86D096E084480B1FFE716980068D0F896
:106D1000C80020F00700169A1168936E01AA52F875
:106D200023201043C1F8C800FFE71698006C80B11B
:106D3000FFE716980068D0F8BC0020F00700169A0C
:106D40001168536C01AA52F823201043C1F8BC000B
:106D5000FFE71698806C88B1FFE716980068D0F8B6
:106D6000BC0020F07000169A1168D36C01AA52F88A
:106D7000232040EA0210C1F8BC00FFE71698006D1E
:106D800088B1FFE716980068D0F8BC0020F4E060F6
:106D9000169A1168536D01AA52F8232040EA022086
:106DA000C1F8BC00FFE7169800684AF20001C4F27F
:106DB0000001884207D1FFE716984168886820F0F3
:106DC00003008860FFE716990020C1F89400169927
:106DD000C1F89C001699012081F898001698FBF7DD
:106DE000C7FC8DF853009DF853008DF85F00FFE756
:106DF0009DF85F0018B080BD80B5C6B045900020FA
:106E00004490439042904190409012A8B821F9F7E5
:106E1000CBFA459800684AF20001C4F200018842AA
:106E20005FD1FFE7002013904FF4004012904FF025
:106E300080502D9012A801F07BFF18B1FFE7FBF7FF
:106E40004BFCFFE740F2E800C2F20040016801316C
:106E500001600068012810D1FFE7FFE744F2EC4031
:106E6000C5F60200016841F480710160006800F419
:106E7000807011901198FFE7FFE7FFE744F2E040D0
:106E8000C5F60200016841F008010160006800F0E9
:106E9000080010901098FFE70320409002204190D6
:106EA00000200A90429043900920449040F6004010
:106EB000C5F6020040A900F0F7F90A9A13200890DD
:106EC0000521099100F0C0FC089800F0B1FC099977
:106ED0000A9A15200B9000F0B7FC0B9800F0A8FC64
:106EE000D2E0459800684AF20041C4F200018842AD
:106EF0005FD1FFE7002013904FF4004012904FF055
:106F000080502D9012A801F013FF18B1FFE7FBF796
:106F1000E3FBFFE740F2E800C2F200400168013104
:106F200001600068012810D1FFE7FFE744F2EC4060
:106F3000C5F60200016841F480710160006800F448
:106F400080700F900F98FFE7FFE7FFE744F2E04003
:106F5000C5F60200016841F002010160006800F01E
:106F600002000E900E98FFE76020409002204190B2
:106F700000200690429043900920449040F2004047
:106F8000C5F6020040A900F08FF9069A142004907B
:106F90000521059100F058FC049800F049FC059982
:106FA000069A1620079000F04FFC079800F040FC6E
:106FB00069E0459800684DF20041C4F20001884242
:106FC00060D1FFE7002013904FF4004012904FF083
:106FD00080502D9012A801F0ABFE18B1FFE7FBF72F
:106FE0007BFBFFE740F2E800C2F20040016801319C
:106FF00001600068012810D1FFE7FFE744F2EC4090
:10700000C5F60200016841F480710160006800F477
:1070100080700D900D98FFE7FFE7FFE744F2E04036
:10702000C5F60200016841F008010160006800F047
:1070300008000C900C98FFE74FF44050409002205D
:10704000419000200290429043900520019044908E
:1070500040F60040C5F6020040A900F025F901996C
:10706000029A9F20009000F0EFFB009800F0E0FBF8
:107070000199029AA020039000F0E6FB039800F02B
:10708000D7FBFFE7FFE7FFE746B080BD0000000049
:1070900081B0009001B0704780B58AB00990089126
:1070A00002A815F021F900200190099800684AF221
:1070B0000001C4F20001884206D1FFE715F010F983
:1070C00015F06EFA01901FE0099800684AF200413D
:1070D000C4F20001884206D1FFE715F001F915F06E
:1070E0006BFA01900FE0099800684DF20041C4F27C
:1070F0000001884206D1FFE715F0F2F815F068FAB2
:107100000190FFE7FFE7FFE7019850B1FFE7FFE7D6
:10711000019801684A6902A9904708B1FFE7F7E7BB
:10712000FFE70AB080BD000082B00190009102B07C
:10713000704700000000000082B00090009890F8B6
:107140009800012811D1FFE70099022081F89800EA
:1071500000980168886920F001008861009900208A
:10716000C1F89C008DF807000AE00099D1F89C0056
:1071700040F00400C1F89C0001208DF80700FFE7F3
:107180009DF8070002B0704782B00190009102B0F4
:10719000704700000000000082B00190009102B032
:1071A000704700000000000083B00290019100923F
:1071B00003B070470000000082B00190009102B05F
:1071C000704700000000000081B0009001B07047DF
:1071D00081B0009001B0704782B00190009102B080
:1071E000704700000000000082B00190009102B0E2
:1071F000704700000000000082B00190009102B0D2
:10720000704700000000000081B0009001B070479E
:1072100080B582B0ADF8060000200090BDF80600F1
:10722000B0F5805F1FD1FFE743F64000C2F2004097
:107230000068C0B1FFE743F64000C2F200400068BA
:1072400069461DF00DFF009860B1FFE74EF604514E
:10725000CEF200014FF080500860BFF34F8FBFF3B4
:107260006F8FFFE7FFE702B080BD00000000000065
:1072700080B582B0ADF806008820C5F60000006831
:10728000BDF8061008420BD0FFE7BDF806008821C4
:10729000C5F600010860BDF80600FFF7B9FFFFE77B
:1072A00002B080BD000000008FB00E900D91002054
:1072B0000C908020C5F600000990FFE70D9800684B
:1072C0000C99C840002800F0C181FFE70D980068C4
:1072D0000C9A0121914008400B900B98002800F077
:1072E000B181FFE70D98406800F00300012807D046
:1072F000FFE70D98406800F0030002282FD1FFE758
:107300000E9880680A900C984100032000FA01F161
:107310000A9888430A900D98C0680C99490000FAB1
:1073200001F10A9808430A900A980E9988600E980D
:1073300040680A900C99012000FA01F10A988843EC
:107340000A900D984068C0F300100C9900FA01F102
:107350000A9808430A900A980E994860FFE70D982A
:10736000406800F00300032818D0FFE70E98C068BB
:107370000A900C984100032000FA01F10A98884312
:107380000A900D9880680C99490000FA01F10A985A
:1073900008430A900A980E99C860FFE70D98406864
:1073A00000F00300022826D1FFE70E980C996FF039
:1073B000030202EA51010844006A0A900C9800F0A6
:1073C000070081000F2000FA01F10A9888430A9013
:1073D0000D9800690C9901F00701890000FA01F18C
:1073E0000A9808430A900A980E990C9B02EA5302E5
:1073F00011440862FFE70E9800680A900C9841005B
:10740000032000FA01F10A9888430A900D98406819
:1074100000F003000C99490000FA01F10A980843B2
:107420000A900A980E9908600D98807980070028C4
:1074300000F00781FFE7FFE744F2F440C5F60200E1
:10744000016841F002010160006800F0020008904C
:107450000898FFE70C9820F0030040F20841C5F6B9
:10746000000140580A900C9800F0030081000F20A2
:1074700000FA01F10A9888430A900E980021C5F697
:107480000201884203D1FFE7002007906CE00E98CC
:1074900040F20041C5F60201884203D1FFE7012016
:1074A00006905EE00E9840F60001C5F602018842A3
:1074B00003D1FFE70220059050E00E9840F600410E
:1074C000C5F60201884203D1FFE70320049042E0A1
:1074D0000E9841F20001C5F60201884203D1FFE790
:1074E0000420039034E00E9841F20041C5F60201F9
:1074F000884203D1FFE70520029026E00E9841F66E
:107500000001C5F60201884203D1FFE70620019081
:1075100018E00E9841F60041C5F60201884203D1F9
:10752000FFE7072000900AE00E9942F20042C5F6FC
:1075300002020A20914208BF09200090FFE700984C
:107540000190FFE701980290FFE702980390FFE7A0
:1075500003980490FFE704980590FFE705980690CC
:10756000FFE706980790FFE707980C9901F00301E1
:10757000890000FA01F10A9808430A900A980C99C8
:1075800021F0030140F20842C5F6000288504FF096
:10759000B04000680A900B990A9888430A900D98A9
:1075A0008079C006002805D5FFE70B990A980843A3
:1075B0000A90FFE70A984FF0B04108600420C5F632
:1075C000000000680A900B990A9888430A900D9869
:1075D00080798006002805D5FFE70B990A980843B3
:1075E0000A90FFE70A980421C5F60001086009988F
:1075F00040680A900B990A9888430A900D98807900
:107600008007002805D5FFE70B990A9808430A90E0
:10761000FFE70A9809994860099800680A900B9951
:107620000A9888430A900D988079C00728B1FFE72F
:107630000B990A9808430A90FFE70A98099908608D
:10764000FFE7FFE70C9801300C9037E60FB070476A
:1076500082B00190ADF802108DF801209DF8010074
:1076600028B1FFE7BDF802000199886105E0BDF887
:107670000200000401998861FFE702B07047000032
:1076800043F20C10C2F20040006870470000000096
:1076900040F2C800C2F20040027843F20C11C2F27C
:1076A00000410868104408607047000000000000B6
:1076B00080B582B0032000F0DFF802F015FE44F23E
:1076C0001842C5F602021168C1F3032347F68C2164
:1076D000C0F60201CB5C03F01F03D8400090009875
:1076E000126802F00F02895C01F01F01C84040F2ED
:1076F0001801C2F200410860009840F21401C2F281
:10770000004108600F2000F013F820B1FFE70120CE
:107710008DF8070005E000F06FF800208DF80700F5
:10772000FFE79DF8070002B080BD000000000000E8
:1077300080B590B00E900E980F2810D8FFE70E99E4
:10774000A1200190002200F07FF8019800F070F86D
:107750000E9840F2CC01C2F20041086003E0012023
:107760008DF83F0044E0FFE744F2EC40C5F602002C
:10777000016841F080710160006800F08070029043
:107780000298FFE706A803A902F016FD02F098FD93
:107790004000059005984DF68361C4F21B31A0FBB3
:1077A00001014FF0FF3000EB9140049041F694202E
:1077B000C2F200404EF20001C4F20001016040F24A
:1077C000E731C1600499416000210161816004F0EA
:1077D000F3FE48B9FFE741F69420C2F2004004F0FE
:1077E0005FFF8DF83F0003E001208DF83F00FFE7C9
:1077F0009DF83F0010B080BD80B582B0FFE744F235
:10780000F440C5F60200016841F002010160006821
:1078100000F0020001900198FFE76FF001000F21D6
:10782000002200F011F802B080BD0000000000004E
:1078300080B582B0ADF80600BDF9060019F05CFA1B
:1078400002B080BD0000000080B586B0ADF8160023
:107850000491039219F068FA0290BDF916000190A4
:1078600002980499039A07F027FF0146019819F03E
:1078700063FA06B080BD000080B582B00190019827
:1078800019F0A2FA02B080BD82B001908DF8031009
:1078900002B070470000000080B582B001900198EE
:1078A000D0F8E0040BF0E8FB02B080BD000000005F
:1078B00080B582B001908DF80310019AD2F8E004EF
:1078C0009DF8031001EBC10302EB8302126A0BF077
:1078D0002FFA02B080BD000080B582B001908DF813
:1078E0000310019AD2F8E0049DF8031001EBC103E4
:1078F00002EB8302D2F860220BF0E2FA02B080BD04
:1079000080B582B001900198D0F8E0040BF0BCFB88
:1079100002B080BD0000000080B584B003908DF8F7
:107920000B109DF80B00000600280CD5FFE703980C
:107930009DF80B1001F00F0101EBC10100EB81007C
:10794000143001900CE003989DF80B1001F00F012A
:1079500001EBC10100EB810000F515700190FFE71C
:107960000398006801990CF0AFFD8DF80A009DF8AE
:107970000A0004B080BD000080B584B002908DF88C
:1079800007109DF8070000F00F000299097988425E
:1079900004D9FFE701208DF80F004DE09DF80700A6
:1079A000000600280FD5FFE702989DF8071001F0A8
:1079B0000F0101EBC10100EB810014300090009930
:1079C000012048700FE002989DF8071001F00F01A8
:1079D00001EBC10100EB810000F5157000900099EA
:1079E00000204870FFE70099002088709DF807008C
:1079F00000F00F0000990870FFE7029890F89404D7
:107A0000012804D1FFE702208DF80F0014E002994D
:107A1000012081F89404FFE7FFE7029800680099CD
:107A20000CF0B2FAFFE70299002081F89404FFE716
:107A300000208DF80F00FFE79DF80F0004B080BD17
:107A400080B586B004908DF80F10ADF80C208DF83D
:107A50000B3000208DF80A009DF80F00000600286A
:107A60000FD5FFE704989DF80F1001F00F0101EB0F
:107A7000C10100EB81001430019001990120487090
:107A80000FE004989DF80F1001F00F0101EBC10108
:107A900000EB810000F515700190019900204870FD
:107AA000FFE79DF80F0000F00F0001990870BDF886
:107AB0000C006FF3DF20019988609DF80B0001999D
:107AC00008710198407820B1FFE701990878488350
:107AD000FFE79DF80B00022804D1FFE70199002081
:107AE0004871FFE7FFE7049890F89404012804D157
:107AF000FFE702208DF8170015E00499012081F8B6
:107B00009404FFE7FFE70498006801990CF064F91A
:107B1000FFE70499002081F89404FFE79DF80A002C
:107B20008DF81700FFE79DF8170006B080BD000034
:107B300080B586B005908DF81310039202930598D6
:107B40009DF8131001F00F0101EBC10100EB810062
:107B500000F51570019003980199C8600298019989
:107B60000861019900204861019948709DF813004F
:107B700000F00F000199087005988079012804D160
:107B8000FFE703980199C861FFE7059A106801991A
:107B900092790CF09DFA002006B080BD0000000034
:107BA00080B584B002908DF807109DF8070000F0B2
:107BB0000F0002990979884204D9FFE701208DF866
:107BC0000F0058E09DF80700000600280FD5FFE7DA
:107BD00002989DF8071001F00F0101EBC10100EBC5
:107BE0008100143000900099012048700DE0029847
:107BF0009DF8071001EBC10100EB810000F5157045
:107C00000090009900204870FFE7009901208870DB
:107C10009DF8070000F00F0000990870FFE7029838
:107C200090F89404012804D1FFE702208DF80F009A
:107C300021E00299012081F89404FFE7FFE7029810
:107C4000006800990CF0F0F99DF80700000740B9B2
:107C5000FFE7029A1068917902F29C420CF044F915
:107C6000FFE7FFE70299002081F89404FFE7002076
:107C70008DF80F00FFE79DF80F0004B080BD0000F5
:107C800080B586B005908DF8131003920293059885
:107C90009DF8131001F00F0101EBC10100EB810011
:107CA0001430019003980199C86002980199086105
:107CB0000199002048610199012048709DF8130046
:107CC00000F00F000199087005988079012804D10F
:107CD000FFE703980199C861FFE7059A10680199C9
:107CE00092790CF0F5F9002006B080BD000000008C
:107CF00080B58CB00B900B9800680A900A98099098
:107D00000B9800680CF0D8FC002840F03484FFE7A2
:107D10000B9800680CF040FD10B9FFE700F02BBC99
:107D20000998D0F80808C0F30D200B99C1F8D404C5
:107D30000B9800680CF030FD8007002807D5FFE79E
:107D40000B980168486900F002004861FFE70B9852
:107D500000680CF021FDC006002862D5FFE70B98F3
:107D60000168886920F0100088610A98006A029012
:107D70000B98029901F00F0101EBC10100EB8100AA
:107D800000F515700890029800F4F0110220B0EB95
:107D9000514F23D1FFE7BDF8080047F6F0710842C4
:107DA0001BD0FFE70A980899C968029AC2F30A1221
:107DB0000CF002FD029847F6F07100EA0103089A00
:107DC000D06800EB1310D060029800EA0102089915
:107DD000486900EB12104861FFE71BE0029800F4CD
:107DE000F0110620B0EB514F12D1FFE70A980B9922
:107DF00001F29C4108220CF0DFFC029847F6F0717A
:107E000000EA01020899486900EB1210486100E09D
:107E1000FFE7FFE70B980168886940F01000886170
:107E2000FFE70B9800680CF0B7FC0003002840F156
:107E3000A680FFE7002004900B9800680CF058FC27
:107E40000690FFE70698002800F09880FFE79DF86D
:107E50001800C007002800F08A80FFE70B98006830
:107E60009DF810100CF080FC05909DF81400C007E0
:107E700060B1FFE70998049900EB41110120C1F8B6
:107E8000080B0B98049907F09FFCFFE79DF814007E
:107E9000000700280CD5FFE70998049900EB411171
:107EA0000820C1F8080B0B98049907F045FCFFE780
:107EB0009DF81400C006002808D5FFE7099804992A
:107EC00000EB41111020C1F8080BFFE79DF81400EA
:107ED000800700282DD5FFE70A9840690006002892
:107EE00008D5FFE70999D1F8040840F48060C1F88B
:107EF0000408FFE70B98049901EBC10100EB810036
:107F000000F5157008900898C078012809D1FFE79E
:107F100008990020C8700B989DF8101000F040FBE5
:107F2000FFE70998049900EB41110220C1F8080B02
:107F3000FFE79DF814008006002808D5FFE70998A0
:107F4000049900EB41112020C1F8080BFFE79DF8D0
:107F500015008006002809D5FFE70998049900EB71
:107F600041114FF40050C1F8080BFFE7FFE70498F8
:107F70000130049006984008069063E7FFE70B98ED
:107F800000680CF009FC4003002840F1C680FFE7C0
:107F90000B9800680CF098FB069000200490FFE717
:107FA0000698002800F0B880FFE79DF81800C00789
:107FB000002800F0AA80FFE70B9800689DF81010D9
:107FC0000CF0AAFB05909DF81400C00700283ED0D5
:107FD000FFE7049800F00F01012000FA01F103917E
:107FE000039B099AD2F834189943C2F834180999B6
:107FF000049A01EB4211C1F808090B988079012815
:108000001FD1FFE70B98049901EBC10100EB81013F
:10801000CA69086A10440862049888B9FFE70B9897
:10802000049901EBC10100EB8100406A40B9FFE710
:108030000B99086801F29C4201210BF055FFFFE704
:10804000FFE70B989DF81010FFF732FCFFE79DF853
:1080500014000007002808D5FFE70998049900EBF1
:1080600041110820C1F80809FFE79DF81400C00677
:10807000002808D5FFE70998049900EB411110206A
:10808000C1F80809FFE79DF814004006002808D54C
:10809000FFE70998049900EB41114020C1F8080955
:1080A000FFE79DF814008007002822D5FFE70A9813
:1080B00004990CF099FA0B98049901EBC10100EBBB
:1080C0008100143008900898C078012809D1FFE792
:1080D00008990020C8700B989DF8101000F050FA15
:1080E000FFE70998049900EB41110220C1F8080943
:1080F000FFE79DF814000006002805D5FFE70B9860
:10810000049907F045FCFFE7FFE70498013004906D
:1081100006984008069043E7FFE70B9800680CF0CC
:108120003BFBC00F00B3FFE70999D1F8040820F02A
:108130000100C1F804080B9890F8CC04012808D17C
:10814000FFE70B98002180F8CC140B98FFF79CFBFD
:1081500003E00B9800F060FAFFE70B9801684869AC
:1081600000F000404861FFE70B9800680CF014FB3A
:108170000005002811D5FFE70998D0F80808C007C6
:1081800020B1FFE70B9800F09BFAFFE70B9801681E
:10819000486900F400604861FFE70B9800680CF044
:1081A000FBFA0001002820D5FFE70B980168486919
:1081B00000F0006048610B9890F8CC0480B9FFE7AC
:1081C0000B98012180F8CC140B980068406DC0F327
:1081D00083000B9AC2F8D0040B98FFF755FB03E01D
:1081E0000B9800F06DFAFFE7FFE70B9800680CF0C2
:1081F000D3FAC004002840F18680FFE70999D1F83E
:10820000040820F00100C1F804080B980068102150
:108210000CF0EAF900200790FFE707980B9909791D
:10822000884231D2FFE70998079900EB41114FF6D8
:108230007F30C1F808090999079A01EB4212D2F878
:10824000001921F40011C2F800190999079A01EBED
:108250004211C1F8080B0998079900EB4111D1F8B8
:10826000000B20F40010C1F8000B0998079900EBEF
:108270004111D1F8000B40F00060C1F8000BFFE79E
:10828000079801300790C8E70999D1F81C0840F019
:108290000110C1F81C080B98C07B78B1FFE7099961
:1082A000D1F8840840F00B00C1F884080999D1F88E
:1082B000440840F00B00C1F844080FE00999D1F8D8
:1082C000140842F22B021043C1F814080999D1F89E
:1082D000100840F00B00C1F81008FFE70999D1F829
:1082E000000820F4FE60C1F800080B9A106891792C
:1082F00002F29C420BF0F8FD0B980168486900F40B
:1083000080504861FFE70B9800680CF045FA800444
:1083100000281FD5FFE70B9800680BF0CDFD0B98E8
:1083200000680CF0A1F90B99C8710B9800680190D6
:1083300001F086FF014601980B9AD2790CF0B4FA4D
:108340000B9800F03DF90B980168486900F4005063
:108350004861FFE70B9800680CF01EFA0007002840
:108360000AD5FFE70B9800F063F90B98016848699C
:1083700000F008004861FFE70B9800680CF00CFA69
:108380000006002825D5FFE70A99886920F08000BB
:10839000886101200490FFE704980B9909798842CD
:1083A00016D2FFE70B98049901EBC10100EB8100A5
:1083B00090F85702012806D1FFE70B989DF810109E
:1083C000FFF7AAFAFFE7FFE7049801300490E3E71C
:1083D000FFE70B9800680CF0DFF9C00200283CD5DD
:1083E000FFE701200490FFE704980B990979884280
:1083F0002CD2FFE70998049900EB4110D0F800094E
:1084000002900B98049901EBC10100EB8100007E02
:10841000012816D1FFE79DF80B000006002810D5B3
:10842000FFE70B98049901EBC10100EB81010120EA
:10843000C8750B989DF8101041F08001FFF76CFA99
:10844000FFE7FFE7049801300490CDE70B9801683F
:10845000486900F480104861FFE70B9800680CF051
:108460009BF98002002856D5FFE701200490FFE722
:1084700004980B990979884246D2FFE70998049934
:1084800000EB4110D0F8000B02900B98049901EB1F
:10849000C10100EB810090F8580201282FD1FFE7BD
:1084A0009DF80B000006002829D5FFE7029800F48C
:1084B00080310B98D0F8D40400F00100B0EB114FDC
:1084C0001DD1FFE70B98049901EBC10100EB81017D
:1084D000012081F857020A99886940F0800088617C
:1084E0000A9840690006002808D4FFE70999D1F8E6
:1084F000040840F40070C1F8040805E0FFE7FFE756
:10850000049801300490B3E70B980168486900F4BF
:1085100000104861FFE70B9800680CF03DF940003F
:1085200000280AD5FFE70B98FFF7B6F90B9801680A
:10853000486900F080404861FFE70B9800680CF044
:108540002BF94007002815D5FFE70B980068406815
:1085500002909DF808004007002804D5FFE70B981B
:10856000FFF7CEF9FFE7029A0B98016848681043BD
:108570004860FFE7FFE70CB080BD0000000000008E
:1085800080B582B001908DF803100198D0F8E00416
:108590009DF803100AF0C8FD02B080BD0000000085
:1085A00080B582B001908DF803100198D0F8E004F6
:1085B0009DF803100AF0F0FD02B080BD000000003D
:1085C00080B582B0019001208DF803000198C07938
:1085D00020B9FFE700208DF803000CE00198C07976
:1085E000022804D1FFE701208DF8030002E0FAF72A
:1085F00073F8FFE7FFE70198D0F8E0049DF8031057
:108600000AF0D2FE0198D0F8E0040AF049FE02B068
:1086100080BD00000000000080B582B0019001988C
:10862000D0F8E0040AF08CFE02B080BD000000002B
:1086300080B582B001900198D0F8E0040AF094FE71
:1086400002B080BD0000000080B584B002908DF8BB
:108650000710FFE7029890F89404012804D1FFE77F
:1086600002208DF80F0019E00299012081F894048E
:10867000FFE7FFE79DF80700029948740298006839
:108680009DF807100CF0F4F8FFE70299002081F83C
:108690009404FFE700208DF80F00FFE79DF80F001E
:1086A00004B080BD0000000080B582B00190019947
:1086B000D1F8E00401F29C410AF0A2FE02B080BDB4
:1086C00080B582B001900198D0F8E0040AF004FF70
:1086D00001980168D1F8000E40F00100C1F8000EC9
:1086E0000198C07A48B1FFE74EF61051CEF2000172
:1086F000086840F006000860FFE702B080BD000097
:1087000080B584B0029044F60C00C5F60200006803
:1087100000F004010020B0EB910F13D1FFE744F605
:108720000C00C5F60200006800F0070002998842BC
:1087300004D0FFE701208DF80F002EE000208DF817
:108740000F002AE044F60C01C5F60201086820F08B
:108750000700029A10430860FEF792FF0190FFE7BE
:1087600044F60400C5F60200006800F40051002041
:10877000B0EB513F0DD1FFE7FEF782FF0199401AA0
:10878000B0F57A7F04D9FFE701208DF80F0004E0EF
:10879000E6E700208DF80F00FFE79DF80F0004B01A
:1087A00080BD00000000000080B501F049FD44F2EA
:1087B0002041C5F602010968C1F3021247F68C2177
:1087C000C0F60201895C01F01F01C84080BD0000B5
:1087D00088B0079044F22840C5F60200016801F015
:1087E000030106910068C0F30530059044F22C4067
:1087F000C5F602000068C0F300100490049844F22B
:108800003C41C5F60201096889B2C908484300EE37
:10881000100AB8EE400A8DED020A0598002800F013
:108820001B81FFE70698009048B1FFE700980128F8
:1088300069D0FFE70098022800F08980ABE044F29D
:108840000040C5F60200006800F020010020B0EBF7
:10885000511F33D0FFE744F20040C5F60200006824
:10886000C0F3C10149F20000C0F2D030C84003900B
:108870009DED030AB8EE400A9DED051AB8EE411AC7
:1088800080EE010A44F23840C5F6020000686FF33A
:108890005F2001EE100AB8EE411A9DED022A9FED0D
:1088A000743A82EE032A31EE021AB7EE002A31EE54
:1088B000021A20EE010A8DED010A23E09DED050A62
:1088C000B8EE401A9FED6C0A80EE010A44F238407F
:1088D000C5F6020000686FF35F2001EE100AB8EEE3
:1088E000411A9DED022A9FED623A82EE032A31EE93
:1088F000021AB7EE002A31EE021A20EE010A8DEDBF
:10890000010AFFE76BE09DED050AB8EE401A9FED06
:10891000590A80EE010A44F23840C5F602000068A8
:108920006FF35F2001EE100AB8EE411A9DED022AA6
:108930009FED4F3A82EE032A31EE021AB7EE002A7B
:1089400031EE021A20EE010A8DED010A47E09DED9D
:10895000050AB8EE401A9FED450A80EE010A44F27E
:108960003840C5F6020000686FF35F2001EE100A80
:10897000B8EE411A9DED022A9FED3D3A82EE032AA0
:1089800031EE021AB7EE002A31EE021A20EE010A89
:108990008DED010A23E09DED050AB8EE401A9FED2A
:1089A000350A80EE010A44F23840C5F6020000683C
:1089B0006FF35F2001EE100AB8EE411A9DED022A16
:1089C0009FED2B3A82EE032A31EE021AB7EE002A0F
:1089D00031EE021A20EE010A8DED010AFFE79DED4E
:1089E000010A44F23840C5F60200016889B2490A1A
:1089F00001EE101AB8EE411AB7EE002A31EE021A53
:108A000080EE010A0799BCEEC00A81ED000A9DEDD7
:108A1000010A0168C1F3064101EE101AB8EE411ACD
:108A200031EE021A80EE010A0799BCEEC00A81ED10
:108A3000010A9DED010A0068C0F3066001EE100A0C
:108A4000B8EE411A31EE021A80EE010A0798BCEE28
:108A5000C00A80ED020A07E0079900200860079924
:108A6000486007998860FFE708B07047001BB74B64
:108A7000000000460024744A0024744C00000000EA
:108A800088B0079044F22840C5F60200016801F062
:108A9000030106910068C0F30550059044F22C4094
:108AA000C5F602000068C0F300200490049844F268
:108AB0004441C5F60201096889B2C908484300EE7D
:108AC000100AB8EE400A8DED020A0598002800F061
:108AD0001B81FFE70698009048B1FFE70098012846
:108AE00069D0FFE70098022800F08980ABE044F2EB
:108AF0000040C5F60200006800F020010020B0EB45
:108B0000511F33D0FFE744F20040C5F60200006871
:108B1000C0F3C10149F20000C0F2D030C840039058
:108B20009DED030AB8EE400A9DED051AB8EE411A14
:108B300080EE010A44F24040C5F6020000686FF37F
:108B40005F2001EE100AB8EE411A9DED022A9FED5A
:108B5000743A82EE032A31EE021AB7EE002A31EEA1
:108B6000021A20EE010A8DED010A23E09DED050AAF
:108B7000B8EE401A9FED6C0A80EE010A44F24040C4
:108B8000C5F6020000686FF35F2001EE100AB8EE30
:108B9000411A9DED022A9FED623A82EE032A31EEE0
:108BA000021AB7EE002A31EE021A20EE010A8DED0C
:108BB000010AFFE76BE09DED050AB8EE401A9FED54
:108BC000590A80EE010A44F24040C5F602000068EE
:108BD0006FF35F2001EE100AB8EE411A9DED022AF4
:108BE0009FED4F3A82EE032A31EE021AB7EE002AC9
:108BF00031EE021A20EE010A8DED010A47E09DEDEB
:108C0000050AB8EE401A9FED450A80EE010A44F2CB
:108C10004040C5F6020000686FF35F2001EE100AC5
:108C2000B8EE411A9DED022A9FED3D3A82EE032AED
:108C300031EE021AB7EE002A31EE021A20EE010AD6
:108C40008DED010A23E09DED050AB8EE401A9FED77
:108C5000350A80EE010A44F24040C5F60200006881
:108C60006FF35F2001EE100AB8EE411A9DED022A63
:108C70009FED2B3A82EE032A31EE021AB7EE002A5C
:108C800031EE021A20EE010A8DED010AFFE79DED9B
:108C9000010A44F24040C5F60200016889B2490A5F
:108CA00001EE101AB8EE411AB7EE002A31EE021AA0
:108CB00080EE010A0799BCEEC00A81ED000A9DED25
:108CC000010A0168C1F3064101EE101AB8EE411A1B
:108CD00031EE021A80EE010A0799BCEEC00A81ED5E
:108CE000010A9DED010A0068C0F3066001EE100A5A
:108CF000B8EE411A31EE021A80EE010A0798BCEE76
:108D0000C00A80ED020A07E0079900200860079971
:108D1000486007998860FFE708B07047001BB74BB1
:108D2000000000460024744A0024744C0000000037
:108D300080B59AB0189000208DF857008DF8560035
:108D40001898C0780007002848D5FFE71898406EAB
:108D5000149078B1FFE71498B0F5801F13D0FFE7A7
:108D60001498B0F5001F16D0FFE71498B0F5401F17
:108D700019D019E044F22C41C5F60201086840F40C
:108D80000030086014E018980830022106F0D4FE84
:108D90008DF857000CE018982830022106F0B4FF37
:108DA0008DF8570004E003E001208DF85700FFE73D
:108DB0009DF8570060B9FFE744F25041C5F6020143
:108DC000086820F44010189A526E1043086004E0BE
:108DD0009DF857008DF85600FFE7FFE71898407898
:108DE000C007002840D0FFE71898806D1390042832
:108DF00020D81399DFE801F0030C141C1D0044F285
:108E00002C41C5F60201086840F40030086015E006
:108E100018980830002106F08FFE8DF857000DE0FD
:108E200018982830002106F06FFF8DF8570005E0F4
:108E300004E003E001208DF85700FFE79DF857009C
:108E400060B9FFE744F25041C5F60201086820F01E
:108E50000700189A926D1043086004E09DF85700CF
:108E60008DF85600FFE7FFE7189840784007002884
:108E700056D5FFE71898D0F8A4001290C8B1FFE7C4
:108E80001298B0F5001F1DD0FFE71298B0F5800FC3
:108E900020D0FFE71298B0F5C00F23D0FFE712985B
:108EA000B0F5000F1FD0FFE71298B0F5200F1BD0D0
:108EB0001BE044F22C41C5F60201086840F4003082
:108EC000086016E018980830002106F035FE8DF88D
:108ED00057000EE018982830002106F015FF8DF895
:108EE000570006E005E004E003E001208DF857009C
:108EF000FFE79DF8570068B9FFE744F25841C5F60F
:108F00000201086820F46000189AD2F8A4201043E7
:108F1000086004E09DF857008DF85600FFE7FFE772
:108F2000189840780007002856D5FFE71898D0F821
:108F3000A8001190C8B1FFE71198B0F1807F1DD053
:108F4000FFE71198B0F1007F20D0FFE71198B0F152
:108F5000407F23D0FFE71198B0F1806F1FD0FFE76B
:108F60001198B0F1A06F1BD01BE044F22C41C5F664
:108F70000201086840F40030086016E018980830D4
:108F8000002106F0D9FD8DF857000EE01898283022
:108F9000002106F0B9FE8DF8570006E005E004E078
:108FA00003E001208DF85700FFE79DF8570068B9EE
:108FB000FFE744F25841C5F60201086820F0E0607E
:108FC000189AD2F8A8201043086004E09DF85700D2
:108FD0008DF85600FFE7FFE71898C0788007002853
:108FE0003ED5FFE71898C06C1090F0B1FFE71098DD
:108FF000102808D0FFE7109820280DD0FFE7109820
:10900000302811D012E044F22C41C5F60201086864
:1090100040F4003008600DE018980830022106F096
:109020008BFD8DF8570005E004E003E001208DF88A
:109030005700FFE79DF8570060B9FFE744F24C4145
:10904000C5F60201086820F03000189AD26C10436F
:10905000086004E09DF857008DF85600FFE7FFE731
:1090600018984078C00600284ED5FFE71898C06DC4
:109070000F90A0B1FFE70F98B0F5805F18D0FFE721
:109080000F98B0F5005F1BD0FFE70F98B0F5405F79
:109090001ED0FFE70F98B0F5804F1AD01AE044F2C7
:1090A0002C41C5F60201086840F40030086015E064
:1090B00018980830002106F03FFD8DF857000DE0AC
:1090C00018982830002106F01FFE8DF8570005E0A3
:1090D00004E003E001208DF85700FFE79DF85700FA
:1090E00060B9FFE744F25041C5F60201086820F478
:1090F000E040189AD26D1043086004E09DF85700D4
:109100008DF85600FFE7FFE71898407880060028A2
:109110004CD5FFE71898006E0E90C8B1FFE70E9887
:10912000B0F5803F15D0FFE70E98B0F5003F18D09E
:10913000FFE70E98B0F5403F1BD0FFE70E98B0F563
:10914000802F17D0FFE70E98B0F5A02F13D013E0B3
:1091500016E018980830012106F0EEFC8DF8570053
:109160000EE018982830012106F0CEFD8DF857004A
:1091700006E005E004E003E001208DF85700FFE77A
:109180009DF8570060B9FFE744F25041C5F602016F
:10919000086820F4E020189A126E1043086004E07A
:1091A0009DF857008DF85600FFE7FFE718984078C4
:1091B000400600284ED5FFE71898D0F8AC000D9077
:1091C000C8B1FFE70D98B0F1805F15D0FFE70D98AB
:1091D000B0F1005F18D0FFE70D98B0F1405F1BD0F1
:1091E000FFE70D98B0F1804F17D0FFE70D98B0F171
:1091F000A04F13D013E016E018980830012106F0B4
:109200009BFC8DF857000EE018982830012106F0DD
:109210007BFD8DF8570006E005E004E003E0012047
:109220008DF85700FFE79DF8570068B9FFE744F253
:109230005841C5F60201086820F0E040189AD2F8BB
:10924000AC201043086004E09DF857008DF85600EC
:10925000FFE7FFE718984078000600283BD5FFE7B6
:109260001898C06E0C90D8B1FFE70C98B0F1805FF1
:1092700005D0FFE70C98B0F1005F09D011E044F28F
:109280002C41C5F60201086840F4003008600CE08B
:1092900018980830012106F04FFC8DF8570004E0C3
:1092A00003E001208DF85700FFE79DF8570060B9F3
:1092B000FFE744F25041C5F60201086820F0405033
:1092C000189AD26E1043086004E09DF857008DF89C
:1092D0005600FFE7FFE71898C078C007002837D08E
:1092E000FFE71898806C0B90032817D80B99DFE8DC
:1092F00001F014020B1344F22C41C5F60201086878
:1093000040F4003008600DE018980830022106F0A3
:1093100013FC8DF8570005E004E003E001208DF810
:109320005700FFE79DF8570060B9FFE744F24C4152
:10933000C5F60201086820F00300189A926C1043E9
:10934000086004E09DF857008DF85600FFE7FFE73E
:10935000189880784006002840F1B480FFE744F672
:109360000001C5F60201086840F480700860FEF74D
:1093700087F91690FFE744F60000C5F60200006882
:10938000C00500280CD4FFE7FEF77AF91699401AB9
:10939000652804D3FFE703208DF8570000E0EAE7D3
:1093A0009DF85700002840F08780FFE744F27040A6
:1093B000C5F60200006800F440701899D1F8B010AA
:1093C00001F44071884213D0FFE744F27041C5F6C2
:1093D0000201086820F440701790086840F480305B
:1093E0000860086820F48030086017980860FFE77C
:1093F0001898D0F8B000B0F5807F1FD1FFE7FEF7D6
:109400003FF91690FFE744F27040C5F6020000688D
:1094100000F002010020B0EB510F0ED1FFE7FEF784
:109420002FF91699401A41F28931884204D3FFE797
:1094300003208DF8570000E0E5E7FFE79DF85700AF
:10944000A0BBFFE7FFE71898D0F8B00000F4407029
:10945000B0F5407F13D1FFE744F21041C5F6020199
:10946000086820F47C50189AD2F8B0204FF6F043E8
:10947000C0F6FF731A4040EA1210086008E044F298
:109480001041C5F60201086820F47C500860FFE72F
:109490001898D0F8B0206FF31F3244F27041C5F62F
:1094A0000201086810430860FFE704E09DF85700D8
:1094B0008DF85600FFE704E09DF857008DF8560040
:1094C000FFE7FFE718980068C007002800F04C800D
:1094D000FFE71898806F0A9028282BD80A99DFE8B0
:1094E00001F0152929292929292916292929292974
:1094F00029291E29292929292929262929292929EA
:1095000029292729292929292929280016E01898F5
:109510000830012106F010FB8DF857000EE0189876
:109520002830012106F0F0FB8DF8570006E005E039
:1095300004E003E001208DF85700FFE79DF8570095
:1095400060B9FFE744F25441C5F60201086820F013
:109550003800189A926F1043086004E09DF8570095
:109560008DF85600FFE7FFE718980078800700287D
:1095700039D5FFE71898406F0990052819D809993F
:10958000DFE801F003040C14151616E018980830F3
:10959000012106F0D1FA8DF857000EE01898283016
:1095A000012106F0B1FB8DF8570006E005E004E06C
:1095B00003E001208DF85700FFE79DF8570060B9E0
:1095C000FFE744F25441C5F60201086820F00700A5
:1095D000189A526F1043086004E09DF857008DF808
:1095E0005600FFE7FFE718980078400700283BD5B2
:1095F000FFE71898D0F890000890052819D8089926
:10960000DFE801F003040C14151616E01898083072
:10961000012106F091FA8DF857000EE018982830D5
:10962000012106F071FB8DF8570006E005E004E02B
:1096300003E001208DF85700FFE79DF8570068B957
:10964000FFE744F25841C5F60201086820F0070020
:10965000189AD2F890201043086004E09DF8570053
:109660008DF85600FFE7FFE718980078800600287D
:109670004ED5FFE71898D0F88C000790C8B1FFE7E7
:109680000798B0F1805F15D0FFE70798B0F1005F51
:1096900018D0FFE70798B0F1405F1BD0FFE70798AD
:1096A000B0F1804F17D0FFE70798B0F1A04F13D06B
:1096B00013E016E018980830002106F03DFA8DF806
:1096C00057000EE018982830022106F01DFB8DF897
:1096D000570006E005E004E003E001208DF85700A4
:1096E000FFE79DF8570068B9FFE744F25441C5F61B
:1096F0000201086820F0E040189AD2F88C2010434C
:10970000086004E09DF857008DF85600FFE7FFE77A
:1097100018980078400600284ED5FFE71898D0F832
:1097200098000690C8B1FFE70698B0F5806F15D095
:10973000FFE70698B0F5006F18D0FFE70698B0F580
:10974000406F1BD0FFE70698B0F5805F17D0FFE7AA
:109750000698B0F5A05F13D013E016E01898083013
:10976000002106F0E9F98DF857000EE0189828302E
:10977000022106F0C9FA8DF8570006E005E004E082
:1097800003E001208DF85700FFE79DF8570068B906
:10979000FFE744F25841C5F60201086820F4E050A2
:1097A000189AD2F898201043086004E09DF85700FA
:1097B0008DF85600FFE7FFE71898007800060028AC
:1097C0004ED5FFE71898D0F89C000590C8B1FFE788
:1097D0000598B0F5005F15D0FFE70598B0F5804F0C
:1097E00018D0FFE70598B0F5C04F1BD0FFE70598EC
:1097F000B0F5004F17D0FFE70598B0F5204F13D014
:1098000013E016E018980830002106F095F98DF85D
:1098100057000EE018982830022106F075FA8DF8EE
:10982000570006E005E004E003E001208DF8570052
:10983000FFE79DF8570068B9FFE744F25841C5F6C5
:109840000201086820F46040189AD2F89C20104366
:10985000086004E09DF857008DF85600FFE7FFE729
:10986000189800780007002820D5FFE71898D0F84E
:109870008000B0F5805F0CD1FFE7189828300221F6
:1098800006F042FA20B1FFE701208DF85600FFE70D
:10989000FFE744F25441C5F60201086820F4405045
:1098A000189AD2F8802010430860FFE718980078D3
:1098B000C006002820D5FFE71898D0F89400B0F52E
:1098C000807F0CD1FFE718982830022106F01CFA9F
:1098D00020B1FFE701208DF85600FFE7FFE744F2D3
:1098E0005841C5F60201086820F44070189AD2F871
:1098F000942010430860FFE718988078000700283C
:109900003CD5FFE71898D0F8A000049050B1FFE7CD
:109910000498B0F5803F0DD0FFE70498B0F5003F04
:1099200010D010E018980830002106F005F98DF8E5
:1099300057000CE018982830022106F0E5F98DF860
:10994000570004E003E001208DF85700FFE79DF881
:10995000570068B9FFE744F25841C5F602010868AC
:1099600020F44030189AD2F8A0201043086004E098
:109970009DF857008DF85600FFE7FFE718988078AC
:10998000400700283FD5FFE71898D0F884000390DF
:10999000B0F5801F0AD0FFE70398B0F5001F0ED086
:1099A000FFE70398B0F5401F11D011E044F22C41BD
:1099B000C5F60201086840F4003008600CE0189811
:1099C0002830012106F0A0F98DF8570004E003E0EB
:1099D00001208DF85700FFE79DF8570068B9FFE7B1
:1099E00044F25441C5F60201086820F44010189A68
:1099F000D2F884201043086004E09DF857008DF8E9
:109A00005600FFE7FFE718988078C007A8B3FFE784
:109A10001898006D029028B1FFE70298B0F5803FDA
:109A200009D010E044F22C41C5F60201086840F468
:109A3000003008600BE018980830022106F07CF82E
:109A40008DF8570003E001208DF85700FFE79DF8DF
:109A5000570060B9FFE744F24C41C5F602010868BF
:109A600020F48030189A126D1043086004E09DF8CD
:109A700057008DF85600FFE7FFE71898C07880067A
:109A800000280CD5FFE718982830022106F03CF991
:109A900020B1FFE701208DF85600FFE7FFE7189897
:109AA0008078800700283AD5FFE71898C06F0190AA
:109AB000D0B1FFE70198B0F5807F0AD0FFE70198A9
:109AC000B0F5007F0ED0FFE70198B0F5407F0AD0D7
:109AD0000BE044F22C41C5F60201086840F4003066
:109AE000086006E005E004E003E001208DF857007F
:109AF000FFE79DF8570060B9FFE744F25441C5F60F
:109B00000201086820F44070189AD26F1043086070
:109B100004E09DF857008DF85600FFE7FFE718981E
:109B20008078C00600280CD5FFE744F25041C5F606
:109B30000201086820F00040189A126F1043086074
:109B4000FFE718988078800600280CD5FFE744F2DC
:109B50005041C5F60201086820F08070189A926E94
:109B600010430860FFE71898C0784006002811D518
:109B7000FFE7FFE744F21041C5F60201086820F450
:109B8000004008601898D0F8B420086810430860B6
:109B9000FFE7FFE71898C078000600280CD5FFE71C
:109BA00044F24C41C5F60201086820F04050189A72
:109BB000526D10430860FFE718988078000600286F
:109BC0000DD5FFE744F25441C5F60201086820F4C0
:109BD0004000189AD2F8882010430860FFE71898D0
:109BE0000079C00790B1FFE718980830002105F010
:109BF000A3FF8DF857009DF8570008B9FFE704E070
:109C00009DF857008DF85600FFE7FFE71898007998
:109C10008007002812D5FFE718980830012105F0C9
:109C20008BFF8DF857009DF8570008B9FFE704E057
:109C30009DF857008DF85600FFE7FFE71898007968
:109C40004007002812D5FFE718980830022105F0D8
:109C500073FF8DF857009DF8570008B9FFE704E03F
:109C60009DF857008DF85600FFE7FFE71898007938
:109C70000007002812D5FFE718982830002106F0C9
:109C800043F88DF857009DF8570008B9FFE704E046
:109C90009DF857008DF85600FFE7FFE71898007908
:109CA000C006002812D5FFE718982830012106F0D9
:109CB0002BF88DF857009DF8570008B9FFE704E02E
:109CC0009DF857008DF85600FFE7FFE718980079D8
:109CD0008006002812D5FFE718982830022106F0E8
:109CE00013F88DF857009DF8570008B9FFE704E016
:109CF0009DF857008DF85600FFE7FFE79DF85600E6
:109D000020B9FFE700208DF8670003E001208DF8FF
:109D10006700FFE79DF867001AB080BD00000000F3
:109D200080B586B004900391049820B9FFE7012024
:109D30008DF817003CE2039842F20001C5F20021C1
:109D4000096801F00F01884216D9FFE742F20000CE
:109D5000C5F20020016821F00F01039A1143016050
:109D6000006800F00F000399884204D0FFE701204B
:109D70008DF817001CE2FFE70498007840070028E0
:109D800019D5FFE70498006944F21841C5F60201AD
:109D9000096801F0700188420CD9FFE744F21841CC
:109DA000C5F60201086820F07000049A1269104399
:109DB0000860FFE7FFE7049800780007002819D53E
:109DC000FFE70498406944F21C41C5F602010968A6
:109DD00001F0700188420CD9FFE744F21C41C5F63E
:109DE0000201086820F07000049A5269104308606C
:109DF000FFE7FFE704980078C006002819D5FFE7C1
:109E00000498806944F21C41C5F60201096801F416
:109E1000E06188420CD9FFE744F21C41C5F602011B
:109E2000086820F4E060049A926910430860FFE734
:109E3000FFE7049800788006002819D5FFE704980A
:109E4000C06944F22041C5F60201096801F07001C1
:109E500088420CD9FFE744F22041C5F602010868A8
:109E600020F07000049AD26910430860FFE7FFE712
:109E7000049800788007002819D5FFE70498C06887
:109E800044F21841C5F60201096801F00F01884249
:109E90000CD9FFE744F21841C5F60201086820F02A
:109EA0000F00049AD26810430860FFE7FFE70498A8
:109EB0000078C007002800F08C80FFE744F21841CA
:109EC000C5F60201086820F47060049A9268104395
:109ED000086004984068022811D1FFE744F200406E
:109EE000C5F60200006800F400310020B0EB514FCD
:109EF00004D1FFE701208DF8170059E13EE00498F6
:109F00004068032811D1FFE744F20040C5F6020083
:109F1000006800F000710020B0EB516F04D1FFE742
:109F200001208DF8170043E127E0049840680128DC
:109F300011D1FFE744F20040C5F60200006800F4CA
:109F400080710020B0EB112F04D1FFE701208DF8C4
:109F500017002DE110E044F20040C5F60200006851
:109F600000F004010020B0EB910F04D1FFE70120C5
:109F70008DF817001CE1FFE7FFE7FFE744F210410F
:109F8000C5F60201086820F00700049A52681043E1
:109F90000860FDF775FB0190FFE744F21040C5F63D
:109FA0000200006800F0380004994968B0EBC10F66
:109FB0000ED0FFE7FDF764FB0199401A41F28931A9
:109FC000884204D3FFE703208DF81700F0E0E4E7B0
:109FD000FFE7049800788007002819D5FFE7049868
:109FE000C06844F21841C5F60201096801F00F018A
:109FF00088420CD2FFE744F21841C5F60201086816
:10A0000020F00F00049AD26810430860FFE7FFE7D2
:10A01000039842F20001C5F20021096801F00F0126
:10A02000884216D2FFE742F20000C5F20020016824
:10A0300021F00F01039A11430160006800F00F0046
:10A040000399884204D0FFE701208DF81700AFE0A4
:10A05000FFE7049800784007002819D5FFE7049827
:10A06000006944F21841C5F60201096801F0700167
:10A0700088420CD2FFE744F21841C5F60201086895
:10A0800020F07000049A126910430860FFE7FFE7B0
:10A09000049800780007002819D5FFE70498406964
:10A0A00044F21C41C5F60201096801F070018842C2
:10A0B0000CD2FFE744F21C41C5F60201086820F00B
:10A0C0007000049A526910430860FFE7FFE70498A4
:10A0D0000078C006002819D5FFE70498806944F28B
:10A0E0001C41C5F60201096801F4E06188420CD206
:10A0F000FFE744F21C41C5F60201086820F4E06065
:10A10000049A926910430860FFE7FFE7049800781B
:10A110008006002819D5FFE70498C06944F2204161
:10A12000C5F60201096801F0700188420CD2FFE710
:10A1300044F22041C5F60201086820F07000049A3C
:10A14000D26910430860FFE7FFE700F0CDF844F262
:10A150001842C5F602021168C1F3032347F68C21A9
:10A16000C0F60201CB5C03F01F03D84000900098BA
:10A17000126802F00F02895C01F01F01C84040F232
:10A180001801C2F200410860009840F21401C2F2C6
:10A190000041086040F2CC00C2F200400068FDF7C8
:10A1A000C7FA8DF80B009DF80B008DF81700FFE73C
:10A1B0009DF8170006B080BD82B001900091019912
:10A1C0003F20086044F21040C5F60200006800F02D
:10A1D00007000199486044F21840C5F60200016882
:10A1E00001F47061019A9160016801F00F01019A18
:10A1F000D160006800F070000199086144F21C40D1
:10A20000C5F60200016801F07001019A5161006811
:10A2100000F4E0600199886144F22040C5F6020034
:10A22000006800F070000199C86142F20000C5F2B8
:10A230000020006800F00F000099086002B070472D
:10A2400080B582B000F050F844F21842C5F6020220
:10A250001168C1F3032347F68C21C0F60201CB5CE1
:10A2600003F01F03D84001900198126802F00F021A
:10A27000895C01F01F0120FA01F140F21800C2F2DE
:10A2800000400160019940F21402C2F200421160E4
:10A29000006802B080BD000080B5FFF7D1FF44F236
:10A2A0001C41C5F602010968C1F3021247F68C2170
:10A2B000C0F60201895C01F01F01C84080BD0000AA
:10A2C00080B5FFF7BDFF44F21C41C5F602010968E5
:10A2D000C1F3022247F68C21C0F60201895C01F02D
:10A2E0001F01C84080BD00008AB044F21040C5F68E
:10A2F0000200006800F0380001460191182800F2C1
:10A3000069810199DFE811F01900660166016601B3
:10A3100066016601660166013A0066016601660132
:10A32000660166016601660140006601660166011C
:10A330006601660166016601460044F20040C5F60A
:10A340000200006800F020010020B0EB511F0ED089
:10A35000FFE744F20040C5F602000068C0F3C10107
:10A3600049F20000C0F2D030C840029005E049F246
:10A370000000C0F2D0300290FFE731E140F600105B
:10A38000C0F23D0002902BE143F20060C0F26E107B
:10A39000029025E144F22840C5F60200016801F070
:10A3A000030108910068C0F30510079044F22C40A7
:10A3B000C5F60200006800F001000690069844F21D
:10A3C0003441C5F60201096889B2C908484300EE64
:10A3D000100AB8EE400A8DED040A0798002800F034
:10A3E000F580FFE70898009048B1FFE70098012842
:10A3F00069D0FFE70098022800F08980ABE044F2C2
:10A400000040C5F60200006800F020010020B0EB1B
:10A41000511F33D0FFE744F20040C5F60200006848
:10A42000C0F3C10149F20000C0F2D030C84005902D
:10A430009DED050AB8EE400A9DED071AB8EE411AE7
:10A4400080EE010A44F23040C5F6020000686FF366
:10A450005F2001EE100AB8EE411A9DED042A9FED2F
:10A46000633A82EE032A31EE021AB7EE002A31EE89
:10A47000021A20EE010A8DED030A23E09DED070A82
:10A48000B8EE401A9FED5B0A80EE010A44F23040BC
:10A49000C5F6020000686FF35F2001EE100AB8EE07
:10A4A000411A9DED042A9FED513A82EE032A31EEC6
:10A4B000021AB7EE002A31EE021A20EE010A8DEDE3
:10A4C000030AFFE76BE09DED070AB8EE401A9FED27
:10A4D000480A80EE010A44F23040C5F602000068E6
:10A4E0006FF35F2001EE100AB8EE411A9DED042AC9
:10A4F0009FED3E3A82EE032A31EE021AB7EE002AB1
:10A5000031EE021A20EE010A8DED030A47E09DEDBF
:10A51000070AB8EE401A9FED340A80EE010A44F2B1
:10A520003040C5F6020000686FF35F2001EE100AAC
:10A53000B8EE411A9DED042A9FED2C3A82EE032AD3
:10A5400031EE021AB7EE002A31EE021A20EE010AAD
:10A550008DED030A23E09DED070AB8EE401A9FED4A
:10A56000240A80EE010A44F23040C5F60200006879
:10A570006FF35F2001EE100AB8EE411A9DED042A38
:10A580009FED1A3A82EE032A31EE021AB7EE002A44
:10A5900031EE021A20EE010A8DED030AFFE744F2C4
:10A5A0003040C5F60200006881B2012000EB512066
:10A5B00009909DED030A9DED091AB8EE411A80EE4F
:10A5C000010ABCEEC00A8DED020A02E000200290F2
:10A5D000FFE705E040F60010C0F23D000290FFE703
:10A5E00002980AB0704700BF001BB74B000000463E
:10A5F0000024744A0024744C80B58CB00A900A98E8
:10A6000028B9FFE701208DF82F0000F001BD0A985E
:10A610000078C007002800F0B980FFE744F210403E
:10A62000C5F60200006800F03800069044F22840A9
:10A63000C5F6020000680590069810280AD0FFE7CA
:10A64000069818281CD1FFE7059800F0030002289F
:10A6500016D1FFE744F20040C5F60200006800F49E
:10A6600000310020B0EB514F09D0FFE70A98406855
:10A6700028B9FFE701208DF82F0000F0C9BC84E065
:10A68000FFE70A984068B0F5803F09D1FFE744F240
:10A690000041C5F60201086840F48030086032E0ED
:10A6A0000A98406868B9FFE744F20041C5F6020124
:10A6B000086820F480300860086820F48020086072
:10A6C00020E00A984068B0F5A02F0DD1FFE744F2D2
:10A6D0000041C5F60201086840F48020086008685F
:10A6E00040F4803008600CE044F20041C5F60201FD
:10A6F000086820F480300860086820F48020086032
:10A70000FFE7FFE7FFE7FFE70A984068F0B1FFE7E0
:10A71000FCF7B6FF0990FFE744F20040C5F60200DF
:10A72000006800F400310020B0EB514F0DD1FFE77D
:10A73000FCF7A6FF0999401A652805D3FFE7032017
:10A740008DF82F0000F064BCE6E71DE0FCF798FFF1
:10A750000990FFE744F20040C5F60200006800F4EB
:10A7600000310020B0EB514F0DD0FFE7FCF788FF20
:10A770000999401A652805D3FFE703208DF82F00BB
:10A7800000F046BCE6E7FFE7FFE7FFE70A9800783E
:10A790008007002840F1C580FFE744F21040C5F66D
:10A7A0000200006800F03800049044F22840C5F62A
:10A7B000020000680390049850B1FFE7049818283D
:10A7C00050D1FFE79DF80C00800700284AD1FFE731
:10A7D00044F20040C5F60200006800F004010020C9
:10A7E000B0EB910F09D0FFE70A98C06828B9FFE7DE
:10A7F00001208DF82F0000F00BBC44F20041C5F69B
:10A800000201086820F019000A9AD2681043086013
:10A81000FCF736FF0990FFE744F20040C5F602005E
:10A82000006800F004010020B0EB910F0CD1FFE7AD
:10A83000FCF726FF0999401A032804D3FFE70320F9
:10A840008DF82F00E4E3E7E744F20441C5F6020186
:10A85000086820F0FE400A9A126940EA0260086027
:10A86000FFE75DE00A98C068A0B3FFE744F200414B
:10A87000C5F60201086820F019000A9AD268104350
:10A880000860FCF7FDFE0990FFE744F20040C5F6C2
:10A890000200006800F004010020B0EB910F0CD121
:10A8A000FFE7FCF7EDFE0999401A032804D3FFE700
:10A8B00003208DF82F00ABE3E7E744F20441C5F62F
:10A8C0000201086820F0FE400A9A126940EA02601C
:10A8D000086024E044F20041C5F60201086820F057
:10A8E00001000860FCF7CCFE0990FFE744F200404D
:10A8F000C5F60200006800F004010020B0EB910FE3
:10A900000CD0FFE7FCF7BCFE0999401A032804D3DA
:10A91000FFE703208DF82F007AE3E7E7FFE7FFE783
:10A92000FFE70A980078C006002840F1A080FFE702
:10A9300044F21040C5F60200006800F038000290B2
:10A9400044F22840C5F602000068019002980828E9
:10A950000AD0FFE7029818282BD1FFE7019800F0F2
:10A960000300012825D1FFE744F20040C5F60200AC
:10A97000006800F480710020B0EB112F09D0FFE7D0
:10A980000A98C069802804D0FFE701208DF82F00C5
:10A990003EE3FFE744F20C41C5F60201086820F0EF
:10A9A0007C500A9A126A40EA02600860FFE7FFE7FB
:10A9B0005CE00A98C06998B3FFE744F20041C5F62D
:10A9C0000201086840F080000860FCF759FE099019
:10A9D000FFE744F20040C5F60200006800F4807111
:10A9E0000020B0EB112F0CD1FFE7FCF749FE0999CD
:10A9F000401A032804D3FFE703208DF82F0007E354
:10AA0000E7E7FFE744F20C41C5F60201086820F0D1
:10AA10007C500A9A126A40EA02600860FFE724E06C
:10AA200044F20041C5F60201086820F08000086089
:10AA3000FCF726FE0990FFE744F20040C5F602004D
:10AA4000006800F480710020B0EB112F0CD0FFE7FC
:10AA5000FCF716FE0999401A032804D3FFE70320E8
:10AA60008DF82F00D4E2E7E7FFE7FFE7FFE70A985A
:10AA70000078000700284FD5FFE70A98406928B3FF
:10AA8000FFE744F27441C5F60201086840F0010096
:10AA90000860FCF7F5FD0990FFE744F27440C5F645
:10AAA0000200006800F002010020B0EB510F0CD151
:10AAB000FFE7FCF7E5FD0999401A032804D3FFE7F7
:10AAC00003208DF82F00A3E2E7E724E044F274416D
:10AAD000C5F60201086820F001000860FCF7D0FD0F
:10AAE0000990FFE744F27440C5F60200006800F0E8
:10AAF00002010020B0EB510F0CD0FFE7FCF7C0FDC6
:10AB00000999401A032804D3FFE703208DF82F008A
:10AB10007EE2E7E7FFE7FFE70A9800788006002873
:10AB20004FD5FFE70A98806928B3FFE744F2004158
:10AB3000C5F60201086840F480500860FCF7A0FDEB
:10AB40000990FFE744F20040C5F60200006800F4F7
:10AB500000510020B0EB513F0CD1FFE7FCF790FD16
:10AB60000999401A032804D3FFE703208DF82F002A
:10AB70004EE2E7E724E044F20041C5F6020108682E
:10AB800020F480500860FCF77BFD0990FFE744F259
:10AB90000040C5F60200006800F400510020B0EB50
:10ABA000513F0CD0FFE7FCF76BFD0999401A0328D1
:10ABB00004D3FFE703208DF82F0029E2E7E7FFE742
:10ABC000FFE70A9800784007002840F1A780FFE7D8
:10ABD00044F60001C5F60201086840F48070086080
:10ABE000FCF74EFD0990FFE744F60000C5F60200B1
:10ABF0000068C00500280CD4FFE7FCF741FD099967
:10AC0000401A652804D3FFE703208DF82F00FFE1E9
:10AC1000EAE7FFE70A988068012809D1FFE744F2D4
:10AC20007041C5F60201086840F00100086031E09B
:10AC30000A98806868B9FFE744F27041C5F60201DE
:10AC4000086820F001000860086820F0040008602F
:10AC50001FE00A98806805280DD1FFE744F2704193
:10AC6000C5F60201086840F004000860086840F07A
:10AC7000010008600CE044F27041C5F6020108686A
:10AC800020F001000860086820F004000860FFE779
:10AC9000FFE7FFE7FFE70A988068F8B1FFE7FCF7F6
:10ACA000EFFC0990FFE744F27040C5F6020000682F
:10ACB00000F002010020B0EB510F0ED1FFE7FCF7CE
:10ACC000DFFC0999401A41F28931884204D3FFE739
:10ACD00003208DF82F009BE1E5E71EE0FCF7D0FC98
:10ACE0000990FFE744F27040C5F60200006800F0EA
:10ACF00002010020B0EB510F0ED0FFE7FCF7C0FCC3
:10AD00000999401A41F28931884204D3FFE70320B0
:10AD10008DF82F007CE1E5E7FFE7FFE70A98406A3E
:10AD2000002800F07181FFE744F21040C5F60200F0
:10AD3000006800F03800182800F0E080FFE70A986B
:10AD4000406A022840F0B480FFE744F20041C5F6B3
:10AD50000201086820F080700860FCF791FC0990FF
:10AD6000FFE744F20040C5F60200006800F0007101
:10AD70000020B0EB516F0CD0FFE7FCF781FC099984
:10AD8000401A032804D3FFE703208DF82F003FE18A
:10AD9000E7E7FFE744F22841C5F60201086840F200
:10ADA000F33290430A9B9A6ADB6A42EA0312104329
:10ADB00008600A99086BD1F834C08B6BCA6B0138F4
:10ADC0006FF35F204FF60061CFF6FF7101EB4C216E
:10ADD00089B208440021CFF6FF7101EB034101F471
:10ADE000FE0108444FF07F4101EB026101F0FE419A
:10ADF000084444F23041C5F602010860FFE744F21E
:10AE00002C41C5F602010091086820F0010008609D
:10AE100044F23442C5F6020210684FF6F8739843C4
:10AE20000A9B9B6C40EAC3001060086820F00C008D
:10AE30000A9A126C10430860086820F002000A9A0F
:10AE4000526C10430860086840F48030086008685D
:10AE500040F400300860086840F48020086008680A
:10AE600040F00100086044F20041C5F602010868A4
:10AE700040F080700860FCF703FC0990FFE744F2A3
:10AE80000040C5F60200006800F000710020B0EB41
:10AE9000516F0CD1FFE7FCF7F3FB0999401A032827
:10AEA00004D3FFE703208DF82F00B1E0E7E724E0AB
:10AEB00044F20041C5F60201086820F08070086085
:10AEC000FCF7DEFB0990FFE744F20040C5F6020004
:10AED000006800F000710020B0EB516F0CD0FFE76C
:10AEE000FCF7CEFB0999401A032804D3FFE703209F
:10AEF0008DF82F008CE0E7E7FFE784E044F228407C
:10AF0000C5F602000068089044F23040C5F6020021
:10AF1000006807900A98406A012837D0FFE7089830
:10AF200000F003000A99896A88422FD1FFE7089848
:10AF300000F47C710A98C06AB0EB111F26D1FFE7BC
:10AF400007986FF35F200A99096B013988421DD178
:10AF5000FFE7BDF81C100A98406B0138B0EB512F89
:10AF600014D1FFE7079800F4FE010A98806B0138BE
:10AF7000B0EB114F0AD1FFE7079800F0FE410A98A5
:10AF8000C06B0138B0EB116F04D0FFE701208DF8E2
:10AF90002F003DE044F23440C5F60200006880B264
:10AFA000C00808900A98806C0899884229D0FFE769
:10AFB00044F22C41C5F60201086820F00100086047
:10AFC000FCF75EFB0990FFE7FCF75AFB0999401A72
:10AFD00008B9FFE7F8E744F23441C5F60201086812
:10AFE0004FF6F87290430A9A926C40EAC2000860E9
:10AFF00044F22C41C5F60201086840F001000860E7
:10B00000FFE7FFE7FFE7FFE700208DF82F00FFE7EE
:10B010009DF82F000CB080BD80B586B004900391E0
:10B0200002920193049820B9FFE701208DF81700E0
:10B0300056E00498D0F8880040B9FFE70499002052
:10B0400081F88400049802F017FFFFE70499242098
:10B05000C1F8880004980168086820F001000860C1
:10B060000498806A20B1FFE7049805F0D5FAFFE75D
:10B07000049806F07DFA012804D1FFE701208DF83D
:10B0800017002DE004980168886840F480408860CB
:10B0900004980068806820F40040039908430499EC
:10B0A000096888600298400500900199009840EA7C
:10B0B000014000900498006800686FF319400099FF
:10B0C000084304990968086004980168086840F01A
:10B0D00001000860049805F043FB8DF81700FFE7B6
:10B0E0009DF8170006B080BD81B0009001B0704798
:10B0F00080B588B0079007980068006906900798A7
:10B1000000684069059006980599084004900798E2
:10B1100000688068039000200290079890F88100F2
:10B120008DF8070007980068303000909DF81500F2
:10B130000007002810D5FFE79DF818000007002839
:10B140000AD5FFE707980168886940F400608861C4
:10B15000079800F0D1FB91E19DF81000400600280F
:10B1600015D4FFE79DF81000800600280FD4FFE7F4
:10B170009DF810004007002809D5FFE70798416FA8
:10B1800088470798016F884701200290FFE79DF8E4
:10B1900010004006002811D4FFE79DF81000C007FA
:10B1A00060B1FFE79DF810004007002806D4FFE7D4
:10B1B0000798016F884701200290FFE79DF8100073
:10B1C0008006002812D4FFE79DF8100080070028B1
:10B1D0000CD5FFE79DF810004007002806D4FFE7D4
:10B1E0000798416F884701200290FFE7029808B155
:10B1F000FFE743E19DF810000007002840F1898037
:10B20000FFE707980168886940F00800886107989F
:10B210000168886940F010008861079801688869B2
:10B2200040F40060886107980168086920F0080010
:10B23000086107980068806810F4404F3AD1FFE732
:10B24000FFE70798B0F86A0098B3FFE70798C0686F
:10B2500010280BD3FFE707980068006B0799496E29
:10B2600008600799486E043048661BE00798C0687C
:10B2700008280AD3FFE7009800880799496E0880DC
:10B280000799486E023048660BE00798006890F80E
:10B2900030000799496E08700799486E013048667A
:10B2A000FFE7FFE70799B1F86A000138A1F86A00E3
:10B2B000C7E7FFE7079804F017FE0799012081F818
:10B2C00081000798D0F8840020B1FFE70798FFF7C6
:10B2D0000BFFD3E09DF80700052804D1FFE707988E
:10B2E00001F08AF814E09DF80700042804D1FFE774
:10B2F000079800F0FDFA0AE09DF80700032804D142
:10B30000FFE7079801F074F800E0FFE7FFE7FFE7C9
:10B31000B4E0BDF8100010F4587F00F0AF80FFE7F4
:10B320009DF81000400600280ED5FFE70799D1F8D8
:10B33000840040F00400C1F884000798016888691F
:10B3400040F040008861FFE79DF811008007002869
:10B350000ED5FFE70799D1F8840040F00100C1F84D
:10B36000840007980168886940F400708861FFE7ED
:10B370009DF81100C00770B1FFE70799D1F884006C
:10B3800040F00800C1F8840007980168886940F41B
:10B3900080708861FFE79DF81000800600280ED5B8
:10B3A000FFE70799D1F8840040F08000C1F88400DD
:10B3B00007980168886940F020008861FFE70798D6
:10B3C000D0F88400002858D0FFE707980168086883
:10B3D00020F00100086007980168086940F26B32AC
:10B3E00090430861039800F44040B0F5404F3BD1D2
:10B3F000FFE707980168886820F440408860079854
:10B40000C06FB0B1FFE70798C16F40F20100C0F60E
:10B41000010008650798C06FF8F726F840B1FFE70C
:10B420000799D1F8840040F04000C1F88400FFE79C
:10B43000FFE70798806FB0B1FFE70798816F40F290
:10B440000100C0F6010008650798806FF8F70CF856
:10B4500040B1FFE70799D1F8840040F04000C1F8FF
:10B460008400FFE7FFE707E00799012081F88100EA
:10B470000798FFF739FEFFE7FFE7FFE708B080BD59
:10B4800080B586B00490049820B9FFE701208DF8BC
:10B4900017003AE10498406A08B9FFE7FFE704990A
:10B4A000002088620498006843F20001C4F20101A0
:10B4B00088421BD0FFE70498006843F60001C4F2FD
:10B4C0000001884212D0FFE70498006843F600416B
:10B4D000C4F20001884209D0FFE70498C068102830
:10B4E00004D3FFE701208DF817000EE1049804F063
:10B4F0009FFD02900498006843F20001C4F201012C
:10B50000884216D0FFE70498006843F60001C4F2B1
:10B51000000188420DD0FFE70498006843F600411F
:10B52000C4F20001884204D0FFE7029808281FD81F
:10B53000FFE70498006843F20001C4F20101884269
:10B5400012D0FFE70498006843F60001C4F200013E
:10B55000884209D0FFE70498006843F60041C4F22E
:10B560000001884208D1FFE70298112804D3FFE7C1
:10B5700001208DF81700C8E0049890F8810040B9C8
:10B58000FFE70499002081F88000049800F0C4F8D7
:10B59000FFE70499022081F8810004980168086897
:10B5A00020F00100086004980068806800F4F8103A
:10B5B000039004988069B0F1806F1BD1FFE7049875
:10B5C0004068B0F5800F04D1FFE70498806B50B15C
:10B5D000FFE70498406868B9FFE70498806BB0F112
:10B5E000805F07D1FFE704980168086840F4805045
:10B5F0000860FFE7049880794006002810D5FFE72F
:10B600000498C06807280BD3FFE704980068006817
:10B6100020F48070049A1168126D1043086006E0EF
:10B6200004980168086820F480700860FFE7049BB4
:10B630001968DA68D869D3F828C040EA0C00DDF848
:10B640000CC040EA0C00DB6B184310438860049A7E
:10B650000192506B516A0843916B0843916908430A
:10B660001168D2F804C09368D2F810E040EA0E00E6
:10B67000D2F814E040EA0E00D2F820E040EA0E00D2
:10B6800040EA0C00D2F84CC040EA0C001843936C1E
:10B690001843926D1043C8600498406898B9FFE75A
:10B6A000049800688068012161F3CC20049909683E
:10B6B0008860049800688068022161F34A20049938
:10B6C00009688860FFE704980168086D20F00100B0
:10B6D000086504988079400600280BD5FFE7049898
:10B6E0000068C06820F00040049A1168526D104351
:10B6F000C860FFE704990020C1F88400049A012182
:10B7000082F881108DF81700FFE79DF8170006B04A
:10B7100080BD00000000000080B5C0B03F90002058
:10B720003E903D903C903B903A900CA8B821F4F7A5
:10B730003BFE3F98006843F60001C4F200018842D6
:10B7400040F0D180FFE700200D904FF480510C9124
:10B7500018211691A02117910221189119911A917F
:10B760001B904FF400711C911D904FF400502390DA
:10B770000CA8FDF7DDFA18B1FFE7F6F7ADFFFFE71C
:10B78000FFE744F2E840C5F60200016841F4804159
:10B790000160006800F480400B900B98FFE7FFE722
:10B7A00044F2E040C5F60200016841F00401016086
:10B7B000006800F004000A900A98FFE7FFE744F2EF
:10B7C000E040C5F60200016841F002010160006836
:10B7D00000F0020009900998FFE706203A90022045
:10B7E00003903B90002007903C90032004903D90F4
:10B7F000052005903E9040F60000C5F602003AA9EB
:10B800000691FBF751FDDDF80CC0049A05980699E6
:10B81000079B4FF4005ECDF8E8E0CDF8ECC03C9318
:10B820003D923E9040F20040C5F60200FBF73CFD21
:10B83000079940F61C50C2F20040089040F258426E
:10B84000C4F202020260272242608160C1604FF4AC
:10B850008062026141618161C16101624162F9F707
:10B860003BFA18B1FFE7F6F737FFFFE7FFE73F982E
:10B8700040F61C51C2F20041C1673F988863FFE760
:10B8800040F69450C2F20040029040F27041C4F27F
:10B890000201016028214160402181600021C160D6
:10B8A0004FF48062026141618161C1610162416264
:10B8B000F9F712FA18B1FFE7F6F70EFFFFE7FFE717
:10B8C0003F9840F69451C2F2004181673F988863E7
:10B8D000FFE72420019005210022FBF7B5FF019826
:10B8E000FBF7A6FFFFE740B080BD000000000000AE
:10B8F00081B0009001B0704781B0009001B07047F6
:10B9000080B588B006900591ADF812200393069893
:10B91000006820300290FBF7B3FE0190069890F883
:10B920008100012804D0FFE702208DF81F00D5E137
:10B93000059820B1FFE7BDF8120020B9FFE701200C
:10B940008DF81F00CAE1FFE7069890F880000128F3
:10B9500004D1FFE702208DF81F00BFE10699012006
:10B9600081F88000FFE7FFE70699032081F8810056
:10B9700006990020C1F884000599069AD165BDF8A2
:10B980001210069AA2F86010BDF81210069AA2F8DA
:10B990006210069948660699A1F868000699A1F810
:10B9A0006A00069948670699086706988068B0F5A6
:10B9B000C02F07D1FFE706980168086840F40060CF
:10B9C000086009E006980068C068012161F35240F0
:10B9D00006990968C860FFE70698006840684FF656
:10B9E000FF718843BDF81210084406990968486041
:10B9F00006980168086840F00100086006984068F1
:10BA0000B0F5800F07D1FFE706980168086840F499
:10BA100000700860FFE70698C068102848D3FFE769
:10BA2000FFE70698B0F86200002840D0FFE70698CC
:10BA3000006840698007002810D5FFE70698016874
:10BA4000C06D006808620699C86D0430C865069923
:10BA5000B1F862000138A1F8620027E0FBF710FEA0
:10BA60000199401A0399884204D3FFE703980130F3
:10BA700018B9FFE70398C0B9FFE7069804F034FA55
:10BA80000699D1F8840040F48070C1F884000699CA
:10BA9000012081F88100FFE70699002081F88000ED
:10BAA000FFE703208DF81F0018E1FFE7B9E7E8E0A2
:10BAB0000698C068082863D3FFE7FFE70698B0F848
:10BAC000620000285BD0FFE70698006840698007A5
:10BAD00000282BD5FFE70698B0F86200022814D39F
:10BAE000FFE70698C06B80B1FFE706980168C06D5C
:10BAF000006808620699C86D0430C8650699B1F8F7
:10BB000062000238A1F862000FE00698C06D00885C
:10BB1000029908800699C86D0230C8650699B1F887
:10BB200062000138A1F86200FFE727E0FBF7A8FDFB
:10BB30000199401A0399884204D3FFE70398013022
:10BB400018B9FFE70398C0B9FFE7069804F0CCF9ED
:10BB50000699D1F8840040F48070C1F884000699F9
:10BB6000012081F88100FFE70699002081F880001C
:10BB7000FFE703208DF81F00B0E0FFE79EE77FE0BE
:10BB8000FFE70698B0F86200002878D0FFE7069833
:10BB9000006840698007002848D5FFE70698B0F89C
:10BBA0006200042815D3FFE70698C06B412810D324
:10BBB000FFE706980168C06D006808620699C86DC5
:10BBC0000430C8650699B1F862000438A1F8620033
:10BBD0002BE00698B0F86200022814D3FFE706981D
:10BBE000C06B80B1FFE70698C06D0088029908809D
:10BBF0000699C86D0230C8650699B1F8620002382E
:10BC0000A1F8620010E006980168C06D007881F824
:10BC100020000699C86D0130C8650699B1F8620028
:10BC20000138A1F86200FFE7FFE727E0FBF728FDF6
:10BC30000199401A0399884204D3FFE70398013021
:10BC400018B9FFE70398C0B9FFE7069804F04CF96C
:10BC50000699D1F8840040F48070C1F884000699F8
:10BC6000012081F88100FFE70699002081F880001B
:10BC7000FFE703208DF81F0030E0FFE781E7FFE7D3
:10BC8000FFE70698039B01996A461160082100228C
:10BC900004F0E6F940B1FFE70699D1F8840040F0DE
:10BCA0002000C1F88400FFE7069804F01DF906990A
:10BCB000012081F88100FFE70699002081F88000CB
:10BCC000FFE70698D0F8840020B1FFE701208DF847
:10BCD0001F0003E000208DF81F00FFE79DF81F0004
:10BCE00008B080BD0000000080B590B0DDF848C00D
:10BCF0000E900D910C92ADF82E300E980068203009
:10BD00000A900E980068303009900E98C16B01209F
:10BD100000EB5110ADF81200FBF7B2FC0890BDF833
:10BD20002E00ADF81600BDF82E00ADF814000E98E8
:10BD300090F88100012804D0FFE702208DF83F0031
:10BD400050E30D9838B1FFE70C9820B1FFE7BDF83C
:10BD50002E0020B9FFE701208DF83F0042E3FFE706
:10BD60000E9890F88000012804D1FFE702208DF89A
:10BD70003F0037E30E99012081F88000FFE7FFE7DD
:10BD80000E99052081F881000E990020C1F88400E9
:10BD90000C990E9A5166BDF82E100E9AA2F86A10F0
:10BDA000BDF82E100E9AA2F868100D990E9AD16562
:10BDB000BDF82E100E9AA2F86210BDF82E100E9A41
:10BDC000A2F860100E9908670E9948670E980068EF
:10BDD000C06820F4C0200E990968C8600E980068F9
:10BDE00043F20001C4F20101884212D0FFE70E982D
:10BDF000006843F60001C4F20001884209D0FFE761
:10BE00000E98006843F60041C4F20001884203D155
:10BE1000FFE71020079002E008200790FFE70E9848
:10BE2000006840684FF6FF718843BDF82E10084443
:10BE30000E99096848600E980168086840F0010092
:10BE400008600E984068B0F5800F07D1FFE70E98A4
:10BE50000168086840F400700860FFE70E98C06849
:10BE60001028C0F0B580FFE7079880080790FFE72B
:10BE7000BDF816100120039039B9FFE7BDF8140092
:10BE8000002818BF01200390FFE70398C00700288F
:10BE900000F09D80FFE70E98006840698007002849
:10BEA00022D5FFE7BDF81600F0B1FFE7BDF814009A
:10BEB000BDF81610079A1144884215D2FFE70E9874
:10BEC0000168C06D006808620E99C86D0430C865CD
:10BED0000E99B1F862000138A1F862000E98B0F82E
:10BEE0006200ADF81600FFE70E9800684069069002
:10BEF000BDF81400002869D0FFE70E98006840697B
:10BF0000C007B0B1FFE70E980068006B0E99496E4C
:10BF100008600E99486E043048660E99B1F86A00C0
:10BF20000138A1F86A000E98B0F86A00ADF8140064
:10BF30004BE0BDF81400BDF8121088421CDAFFE790
:10BF40009DF819000006002816D5FFE70E98006836
:10BF5000006B0E99496E08600E99486E0430486671
:10BF60000E99B1F86A000138A1F86A000E98B0F88D
:10BF70006A00ADF8140027E0FBF782FB0899401A2D
:10BF80001299884204D3FFE71298013018B9FFE7ED
:10BF90001298C0B9FFE70E9803F0A6FF0E99D1F8EA
:10BFA000840040F48070C1F884000E99012081F86B
:10BFB0008100FFE70E99002081F88000FFE7032051
:10BFC0008DF83F000EE2FFE7FFE7FFE750E7DCE117
:10BFD0000E98C0680828C0F0DE80FFE70798400888
:10BFE0000790FFE7BDF816100120029039B9FFE76E
:10BFF000BDF81400002818BF01200290FFE7029846
:10C00000C007002800F0C680FFE70E98006840696E
:10C010008007002822D5FFE7BDF81600F0B1FFE742
:10C02000BDF81400BDF81610079A1144884215D2C5
:10C03000FFE70E98C06D00880A9908800E99C86DB8
:10C040000230C8650E99B1F862000138A1F86200AB
:10C050000E98B0F86200ADF81600FFE70E98006881
:10C0600040690690BDF81400002800F09280FFE7B8
:10C070000E9800684069C007A8B1FFE709980088DA
:10C080000E99496E08800E99486E023048660E99E6
:10C09000B1F86A000138A1F86A000E98B0F86A0099
:10C0A000ADF8140074E0BDF81400BDF81210884219
:10C0B00024DAFFE79DF81900000600281ED5FFE7E7
:10C0C000099800880E99496E08800E99486E0230D2
:10C0D0004866099800880E99496E08800E99486E46
:10C0E000023048660E99B1F86A000238A1F86A0079
:10C0F0000E98B0F86A00ADF8140048E0BDF81400DE
:10C1000001281BD1FFE79DF819008006002815D5EE
:10C11000FFE7099800880E99496E08800E99486ECD
:10C12000023048660E99B1F86A000138A1F86A0039
:10C130000E98B0F86A00ADF8140027E0FBF7A0FAFB
:10C140000899401A1299884204D3FFE712980130E7
:10C1500018B9FFE71298C0B9FFE70E9803F0C4FEC4
:10C160000E99D1F8840040F48070C1F884000E99D3
:10C17000012081F88100FFE70E99002081F88000FE
:10C18000FFE703208DF83F002CE1FFE7FFE7FFE723
:10C19000FFE727E7F8E0FFE7BDF816100120019060
:10C1A00039B9FFE7BDF81400002818BF012001903D
:10C1B000FFE70198C007002800F0E580FFE70E9830
:10C1C000006840698007002823D5FFE7BDF8160006
:10C1D000F8B1FFE7BDF81400BDF81610079A114436
:10C1E000884216D2FFE70E980168C06D007881F88A
:10C1F00020000E99C86D0130C8650E99B1F8620033
:10C200000138A1F862000E98B0F86200ADF816008F
:10C21000FFE70E98006840690690BDF814000028FA
:10C2200000F0B080FFE70E9800684069C007B8B121
:10C23000FFE70E98006890F830000E99496E08707C
:10C240000E99486E013048660E99B1F86A000138BF
:10C25000A1F86A000E98B0F86A00ADF8140090E0FA
:10C26000BDF81400BDF8121088423EDAFFE79DF8D1
:10C2700019000006002838D5FFE70E98006890F8EE
:10C2800030000E99496E08700E99486E013048666C
:10C290000E98006890F830000E99496E08700E995B
:10C2A000486E013048660E98006890F830000E998C
:10C2B000496E08700E99486E013048660E98006805
:10C2C00090F830000E99496E08700E99486E013052
:10C2D00048660E99B1F86A000438A1F86A000E9811
:10C2E000B0F86A00ADF814004AE0BDF81400032865
:10C2F0001DD8FFE79DF8190010F0600F17D0FFE779
:10C300000E98006890F830000E99496E08700E99EA
:10C31000486E013048660E99B1F86A000138A1F8FC
:10C320006A000E98B0F86A00ADF8140027E0FBF739
:10C33000A7F90899401A1299884204D3FFE7129886
:10C34000013018B9FFE71298C0B9FFE70E9803F063
:10C35000CBFD0E99D1F8840040F48070C1F88400C0
:10C360000E99012081F88100FFE70E99002081F8E5
:10C370008000FFE703208DF83F0033E0FFE7FFE791
:10C38000FFE7FFE708E7FFE7FFE70E98129B089932
:10C390006A4611600821002203F062FE40B1FFE707
:10C3A0000E99D1F8840040F02000C1F88400FFE726
:10C3B0000E9803F099FD0E99012081F88100FFE7A6
:10C3C0000E99002081F88000FFE70E98D0F88400D5
:10C3D00020B1FFE701208DF83F0003E000208DF839
:10C3E0003F00FFE79DF83F0010B080BD0000000057
:10C3F00081B0009001B0704781B0009001B07047EB
:10C4000082B00190009140F20441C5F60001086835
:10C41000019A9043009A1043086002B070470000F0
:10C4200081B0009001B0704781B0009001B07047BA
:10C4300081B0009001B0704785B003900291FFE792
:10C44000039890F83C00012804D1FFE702208DF802
:10C450001300ABE00399012081F83C00FFE7FFE700
:10C460000399022081F83D0003980068406801901C
:10C470000398006880680090039800680021C4F267
:10C480000101884209D0FFE70398006840F20041AB
:10C49000C4F2010188420AD1FFE7019820F470003C
:10C4A000019002984168019808430190FFE70198C4
:10C4B00020F07000019002980168019808430190F3
:10C4C0000198039909684860039800680021C4F244
:10C4D000010188424ED0FFE703980068B0F1804F19
:10C4E00048D0FFE70398006840F20041C4F2000121
:10C4F00088423FD0FFE70398006840F60001C4F28D
:10C500000001884236D0FFE70398006840F60041FA
:10C51000C4F2000188422DD0FFE70398006840F282
:10C520000041C4F20101884224D0FFE7039800686B
:10C5300041F60001C4F2000188421BD0FFE70398D6
:10C54000006844F20001C4F20101884212D0FFE702
:10C55000039800684EF20001C4F20001884209D03D
:10C56000FFE7039800684EF20041C4F200018842E0
:10C570000ED1FFE7009820F08000009002988168BB
:10C580000098084300900098039909688860FFE7C5
:10C590000399012081F83D00FFE70399002081F80D
:10C5A0003C00FFE700208DF81300FFE79DF8130023
:10C5B00005B070470000000080B582B00090009880
:10C5C00020B9FFE701208DF8070045E0009890F8BA
:10C5D0003D0040B9FFE70099002081F83C00009839
:10C5E00000F03EF8FFE70099022081F83D00009935
:10C5F00051F8040B03F0D8FE0099012081F848009F
:10C60000FFE70099012081F83E00009981F83F0082
:10C61000009981F84000009981F84100009981F863
:10C620004200009981F84300FFE7FFE700990120ED
:10C6300081F84400009981F84500009981F846008E
:10C64000009981F84700FFE70099012081F83D003B
:10C6500000208DF80700FFE79DF8070002B080BDBD
:10C6600082B001900198006841F20001C4F200011B
:10C67000884210D1FFE7FFE744F2E840C5F6020028
:10C68000016841F010010160006800F010000090A6
:10C690000098FFE7FFE702B07047000000000000CD
:10C6A00083B00190019890F83D00012804D0FFE785
:10C6B00001208DF80B0083E00199022081F83D00F4
:10C6C00001980168C86840F00100C86001980068DE
:10C6D0000021C4F2010188424ED0FFE701980068B2
:10C6E000B0F1804F48D0FFE70198006840F2004168
:10C6F000C4F2000188423FD0FFE70198006840F68D
:10C700000001C4F20001884236D0FFE701980068BA
:10C7100040F60041C4F2000188422DD0FFE70198A5
:10C72000006840F20041C4F20101884224D0FFE7D2
:10C730000198006841F60001C4F2000188421BD054
:10C74000FFE70198006844F20001C4F20101884249
:10C7500012D0FFE7019800684EF20001C4F2000118
:10C76000884209D0FFE7019800684EF20041C4F208
:10C770000001884219D1FFE701980068806807210D
:10C78000C0F2010108400090009806280CD0FFE795
:10C790000098B0F5803F07D0FFE70198016808686E
:10C7A00040F001000860FFE706E0019801680868B2
:10C7B00040F001000860FFE700208DF80B00FFE764
:10C7C0009DF80B0003B0704781B0009001B0704736
:10C7D00080B584B0039003980068C0680290039805
:10C7E0000068006901909DF804008007002824D5A6
:10C7F000FFE79DF80800800700281DD5FFE7039894
:10C8000001686FF00200086103990120087703981E
:10C8100000688069800720B1FFE70398FFF7D4FF25
:10C8200006E0039800F0FCF8039800F0FDF8FFE73D
:10C83000039900200877FFE7FFE79DF80400400711
:10C84000002825D5FFE79DF80800400700281ED5E1
:10C85000FFE7039801686FF0040008610399022064
:10C86000087703980068806910F4407F04D0FFE7E0
:10C870000398FFF7A9FF06E0039800F0D1F80398AA
:10C8800000F0D2F8FFE7039900200877FFE7FFE701
:10C890009DF804000007002824D5FFE79DF8080054
:10C8A000000700281DD5FFE7039801686FF0080016
:10C8B000086103990420087703980068C06980071D
:10C8C00020B1FFE70398FFF77FFF06E0039800F031
:10C8D000A7F8039800F0A8F8FFE70399002008776D
:10C8E000FFE7FFE79DF80400C006002825D5FFE715
:10C8F0009DF80800C00600281ED5FFE703980168D0
:10C900006FF0100008610399082008770398006809
:10C91000C06910F4407F04D0FFE70398FFF754FF8D
:10C9200006E0039800F07CF8039800F07DF8FFE73C
:10C93000039900200877FFE7FFE79DF80400C00790
:10C9400078B1FFE79DF80800C00748B1FFE70398FA
:10C9500001686FF001000861039800F069F8FFE7D3
:10C96000FFE7019800F08000802806D0FFE79DF8DF
:10C9700005008006002810D5FFE79DF80800000696
:10C98000002809D5FFE7039801686FF40250086199
:10C990000398FFF749FDFFE7FFE79DF80500C00793
:10C9A00080B1FFE79DF808000006002809D5FFE7E1
:10C9B000039801686FF4807008610398FFF730FDF9
:10C9C000FFE7FFE79DF804004006002810D5FFE7C9
:10C9D0009DF808004006002809D5FFE70398016884
:10C9E0006FF040000861039800F036F8FFE7FFE7BA
:10C9F0009DF804008006002810D5FFE79DF8080088
:10CA00008006002809D5FFE7039801686FF0200031
:10CA100008610398FFF70CFDFFE7FFE704B080BD56
:10CA200081B0009001B0704781B0009001B07047B4
:10CA300080B582B00190019800684EF20001C4F206
:10CA40000001884203D1FFE7FAF722FEFFE702B0B8
:10CA500080BD00000000000081B0009001B0704770
:10CA600083B00190FFE7019890F88400012804D179
:10CA7000FFE702208DF80B002CE00199012081F8DE
:10CA80008400FFE7FFE701992420C1F8880001989E
:10CA900000680068009001980168086820F00100B3
:10CAA0000860009820F0005000900199002048662E
:10CAB000009801990968086001992020C1F8880050
:10CAC000FFE70199002081F88400FFE700208DF83E
:10CAD0000B00FFE79DF80B0003B07047000000005B
:10CAE00080B586B004900391ADF80A200498D0F880
:10CAF0008C00202844D1FFE7039820B1FFE7BDF860
:10CB00000A0020B9FFE701208DF817003CE00499E6
:10CB10000120C86604990020086704980399BDF8AD
:10CB20000A2005F04DFA8DF809009DF8090010BBA8
:10CB3000FFE70498C06E012818D1FFE70498016848
:10CB400010200862FFE7FFE70498006850E8000F34
:10CB500040F010000190FFE701990498026842E854
:10CB600000100028F0D1FFE7FFE703E001208DF877
:10CB70000900FFE7FFE79DF809008DF8170003E0C3
:10CB800002208DF81700FFE79DF8170006B080BD62
:10CB900080B592B01190ADF842101198006845F23E
:10CBA0000001C4F20001884240F0FB80FFE747F635
:10CBB0006421C0F60201086849680F910E900FF0D9
:10CBC00033F80FF0A5F90D90119803900D980168B6
:10CBD000896B884701460398884240F0E180FFE76F
:10CBE0000D9801688A6A0EA9904740F60C60C2F25F
:10CBF000004000681021C4F20201884200F0B280B7
:10CC0000FFE740F60C60C2F2004000682821C4F241
:10CC10000201884200F0A680FFE740F60C60C2F2F5
:10CC2000004000684021C4F20201884200F09A806E
:10CC3000FFE740F60C60C2F2004000685821C4F2E1
:10CC40000201884200F08E80FFE740F60C60C2F2DD
:10CC5000004000687021C4F20201884200F0828026
:10CC6000FFE740F60C60C2F2004000688821C4F281
:10CC70000201884276D0FFE740F60C60C2F2004025
:10CC80000068A021C4F2020188426BD0FFE740F6A1
:10CC90000C60C2F200400068B821C4F20201884270
:10CCA00060D0FFE740F60C60C2F20040006840F23E
:10CCB0001041C4F20201884254D0FFE740F60C60F4
:10CCC000C2F20040006840F22841C4F202018842EA
:10CCD00048D0FFE740F60C60C2F20040006840F226
:10CCE0004041C4F2020188423CD0FFE740F60C60AC
:10CCF000C2F20040006840F25841C4F2020188428A
:10CD000030D0FFE740F60C60C2F20040006840F20D
:10CD10007041C4F20201884224D0FFE740F60C6063
:10CD2000C2F20040006840F28841C4F20201884229
:10CD300018D0FFE740F60C60C2F20040006840F2F5
:10CD4000A041C4F2020188420CD0FFE740F60C601B
:10CD5000C2F20040006840F2B841C4F202018842C9
:10CD60000AD1FFE740F60C60C2F200400168086893
:10CD700020F00800086009E040F60C60C2F20040B4
:10CD80000168086820F004000860FFE7BDF8420071
:10CD9000ADF83C000D9801680A6B0EA99047FFE7BB
:10CDA0000EE31198006847F60001C4F200018842C2
:10CDB00040F0FB80FFE747F66C21C0F602010868EF
:10CDC00049680C910B900EF02FFF0FF0ADF80A9010
:10CDD000119802900A980168896B88470146029869
:10CDE000884240F0E180FFE70A9801688A6A0BA94F
:10CDF000904740F68460C2F2004000681021C4F2FF
:10CE00000201884200F0B280FFE740F68460C2F27F
:10CE1000004000682821C4F20201884200F0A68088
:10CE2000FFE740F68460C2F2004000684021C4F28F
:10CE30000201884200F09A80FFE740F68460C2F267
:10CE4000004000685821C4F20201884200F08E8040
:10CE5000FFE740F68460C2F2004000687021C4F22F
:10CE60000201884200F08280FFE740F68460C2F24F
:10CE7000004000688821C4F20201884276D0FFE7B2
:10CE800040F68460C2F200400068A021C4F20201B2
:10CE900088426BD0FFE740F68460C2F20040006831
:10CEA000B821C4F20201884260D0FFE740F68460F6
:10CEB000C2F20040006840F21041C4F20201884210
:10CEC00054D0FFE740F68460C2F20040006840F2B0
:10CED0002841C4F20201884248D0FFE740F684604E
:10CEE000C2F20040006840F24041C4F202018842B0
:10CEF0003CD0FFE740F68460C2F20040006840F298
:10CF00005841C4F20201884230D0FFE740F6846005
:10CF1000C2F20040006840F27041C4F2020188424F
:10CF200024D0FFE740F68460C2F20040006840F27F
:10CF30008841C4F20201884218D0FFE740F68460BD
:10CF4000C2F20040006840F2A041C4F202018842EF
:10CF50000CD0FFE740F68460C2F20040006840F267
:10CF6000B841C4F2020188420AD1FFE740F684606A
:10CF7000C2F200400168086820F00800086009E07B
:10CF800040F68460C2F200400168086820F00400A6
:10CF90000860FFE7BDF84200ADF830000A9801686C
:10CFA0000A6B0BA99047FFE709E21198006841F26C
:10CFB0000001C4F20101884240F0FB80FFE747F620
:10CFC0007421C0F6020108684968099108900EF0C2
:10CFD0002BFE0EF091FF07901198019007980168C1
:10CFE000896B884701460198884240F0E180FFE75D
:10CFF000079801688A6A08A9904741F26400C2F262
:10D00000004000681021C4F20201884200F0B280A2
:10D01000FFE741F26400C2F2004000682821C4F238
:10D020000201884200F0A680FFE741F26400C2F2EC
:10D03000004000684021C4F20201884200F09A805A
:10D04000FFE741F26400C2F2004000685821C4F2D8
:10D050000201884200F08E80FFE741F26400C2F2D4
:10D06000004000687021C4F20201884200F0828012
:10D07000FFE741F26400C2F2004000688821C4F278
:10D080000201884276D0FFE741F26400C2F200401C
:10D090000068A021C4F2020188426BD0FFE741F290
:10D0A0006400C2F200400068B821C4F20201884264
:10D0B00060D0FFE741F26400C2F20040006840F235
:10D0C0001041C4F20201884254D0FFE741F26400EB
:10D0D000C2F20040006840F22841C4F202018842D6
:10D0E00048D0FFE741F26400C2F20040006840F21D
:10D0F0004041C4F2020188423CD0FFE741F26400A3
:10D10000C2F20040006840F25841C4F20201884275
:10D1100030D0FFE741F26400C2F20040006840F204
:10D120007041C4F20201884224D0FFE741F264005A
:10D13000C2F20040006840F28841C4F20201884215
:10D1400018D0FFE741F26400C2F20040006840F2EC
:10D15000A041C4F2020188420CD0FFE741F2640012
:10D16000C2F20040006840F2B841C4F202018842B5
:10D170000AD1FFE741F26400C2F20040016808688A
:10D1800020F00800086009E041F26400C2F20040AB
:10D190000168086820F004000860FFE7BDF842005D
:10D1A000ADF82400079801680A6B08A99047FFE7CB
:10D1B00004E11198006841F60041C4F2010188427F
:10D1C00040F0FB80FFE747F67C21C0F602010868CB
:10D1D0004968069105900EF027FD0EF081FE04903F
:10D1E0001198009004980168896B8847014600985F
:10D1F000884240F0E180FFE7049801688A6A05A947
:10D20000904740F67470C2F2004000681021C4F2EA
:10D210000201884200F0B280FFE740F67470C2F26B
:10D22000004000682821C4F20201884200F0A68074
:10D23000FFE740F67470C2F2004000684021C4F27B
:10D240000201884200F09A80FFE740F67470C2F253
:10D25000004000685821C4F20201884200F08E802C
:10D26000FFE740F67470C2F2004000687021C4F21B
:10D270000201884200F08280FFE740F67470C2F23B
:10D28000004000688821C4F20201884276D0FFE79E
:10D2900040F67470C2F200400068A021C4F202019E
:10D2A00088426BD0FFE740F67470C2F2004000681D
:10D2B000B821C4F20201884260D0FFE740F67470E2
:10D2C000C2F20040006840F21041C4F202018842FC
:10D2D00054D0FFE740F67470C2F20040006840F29C
:10D2E0002841C4F20201884248D0FFE740F674703A
:10D2F000C2F20040006840F24041C4F2020188429C
:10D300003CD0FFE740F67470C2F20040006840F283
:10D310005841C4F20201884230D0FFE740F67470F1
:10D32000C2F20040006840F27041C4F2020188423B
:10D3300024D0FFE740F67470C2F20040006840F26B
:10D340008841C4F20201884218D0FFE740F67470A9
:10D35000C2F20040006840F2A041C4F202018842DB
:10D360000CD0FFE740F67470C2F20040006840F253
:10D37000B841C4F2020188420AD1FFE740F6747056
:10D38000C2F200400168086820F00800086009E067
:10D3900040F67470C2F200400168086820F0040092
:10D3A0000860FFE7BDF84200ADF818000498016876
:10D3B0000A6B05A99047FFE7FFE7FFE7FFE7FFE7F5
:10D3C00012B080BD0000000081B0009001B0704735
:10D3D00080B584B002900191FFE7029890F8840034
:10D3E000012804D1FFE702208DF80F0032E00299F6
:10D3F000012081F88400FFE7FFE702992420C1F8AB
:10D400008800029800680068009002980168086827
:10D4100020F00100086002980068806820F06060D9
:10D4200001990843029909688860029803F0B0F8EE
:10D43000009802990968086002992020C1F88800C4
:10D44000FFE70299002081F88400FFE700208DF8B3
:10D450000F00FFE79DF80F0004B080BD0000000042
:10D4600080B584B002900191FFE7029890F88400A3
:10D47000012804D1FFE702208DF80F0032E0029965
:10D48000012081F88400FFE7FFE702992420C1F81A
:10D490008800029800680068009002980168086897
:10D4A00020F00100086002980068806820F0604069
:10D4B00001990843029909688860029803F068F8A6
:10D4C000009802990968086002992020C1F8880034
:10D4D000FFE70299002081F88400FFE700208DF823
:10D4E0000F00FFE79DF80F0004B080BD00000000B2
:10D4F00081B0009001B0704781B0009001B07047DA
:10D5000080B582B001900198006845F20001C4F234
:10D51000000188422AD1FFE701980168086820F0DD
:10D5200020000860019801680820086201980168DD
:10D5300004200862019801680220086201980168CD
:10D540000120086201992020C1F88C000199002077
:10D5500081F884000EF068FB0EF0DAFC01688A6A3C
:10D5600040F2F411C2F2004190479BE0019800683C
:10D5700047F60001C4F2000188422AD1FFE7019872
:10D580000168086820F02000086001980168082000
:10D59000086201980168042008620198016802206D
:10D5A0000862019801680120086201992020C1F8F1
:10D5B0008C000199002081F884000EF035FB0EF0FC
:10D5C000B3FC01688A6A40F2FC11C2F20041904744
:10D5D00067E00198006841F20001C4F2010188424D
:10D5E0002AD1FFE701980168086820F02000086050
:10D5F0000198016808200862019801680420086207
:10D6000001980168022008620198016801200862FF
:10D6100001992020C1F88C000199002081F8840034
:10D620000EF002FB0EF068FC01688A6A42F6247173
:10D63000C2F20041904733E00198006841F6004192
:10D64000C4F2010188422AD1FFE701980168086805
:10D6500020F0200008600198016808200862019805
:10D66000016804200862019801680220086201989C
:10D6700001680120086201992020C1F88C000199FD
:10D68000002081F884000EF0CFFA0EF029FC01682A
:10D690008A6A40F20421C2F200419047FFE7FFE7A7
:10D6A000FFE7FFE702B080BD83B002900298D0F898
:10D6B000880001900298D0F88C00009001980099A1
:10D6C000084303B07047000080B592B011901198E4
:10D6D0000068C06910901198006800680F90119858
:10D6E000006880680E90109840F60F0108400D9079
:10D6F0000D98E0B9FFE79DF840008006002815D599
:10D70000FFE79DF83C008006002806D4FFE79DF85F
:10D710003B00C006002809D5FFE71198406F20B1F3
:10D72000FFE71198416F8847FFE74AE3FFE70D984D
:10D73000002800F00C81FFE70E980121C1F20001E2
:10D74000084209D1FFE70F9840F22011C0F20041D2
:10D75000084200F0FC80FFE79DF84000C00788B158
:10D76000FFE79DF83D00C00760B1FFE71198016831
:10D77000012008621199D1F8900040F00100C1F831
:10D780009000FFE79DF840008007002811D5FFE7D3
:10D790009DF83800C00760B1FFE7119801680220CA
:10D7A00008621199D1F8900040F00400C1F890008F
:10D7B000FFE79DF840004007002811D5FFE79DF8DE
:10D7C0003800C00760B1FFE71198016804200862C3
:10D7D0001199D1F8900040F00200C1F89000FFE7E5
:10D7E0009DF840000007002819D5FFE79DF83C0090
:10D7F0008006002807D4FFE70E980121C1F200013E
:10D8000008420CD0FFE711980168082008621199BE
:10D81000D1F8900040F00800C1F89000FFE79DF8B3
:10D8200041000007002813D5FFE79DF83F0040079F
:10D8300000280DD5FFE7119801684FF400600862D9
:10D840001199D1F8900040F02000C1F89000FFE756
:10D850001198D0F89000002878D0FFE79DF840009C
:10D860008006002815D5FFE79DF83C0080060028BB
:10D8700006D4FFE79DF83B00C006002809D5FFE766
:10D880001198406F20B1FFE71198416F8847FFE77B
:10D89000FFE71198D0F890000C901198006880680C
:10D8A00000F04000402806D0FFE79DF8300010F05F
:10D8B000280F42D0FFE7119803F02AF91198006869
:10D8C00080684006002833D5FFE7FFE7FFE711989F
:10D8D000006850E8020F20F040000B90FFE70B9922
:10D8E0001198026842E802100028F0D1FFE7FFE734
:10D8F0001198D0F88000B0B1FFE71198D0F88010EF
:10D9000040F6A900C0F6010008651198D0F8800023
:10D91000F5F7AAFD30B1FFE71198D0F88000016D4E
:10D920008847FFE703E01198FFF7EAFDFFE703E010
:10D930001198FFF7E5FDFFE707E01198FFF7E0FD1D
:10D9400011990020C1F89000FFE7FFE739E2119834
:10D95000C06E012840F0D681FFE79DF84000C00668
:10D96000002840F1CF81FFE79DF83C00C006002869
:10D9700040F1C881FFE711980168102008621198F2
:10D98000006880684006002840F15A81FFE711983E
:10D99000D0F8800000681021C4F20201884200F033
:10D9A000A280FFE71198D0F8800000682821C4F217
:10D9B0000201884200F09780FFE71198D0F88000BC
:10D9C00000684021C4F20201884200F08C80FFE729
:10D9D0001198D0F8800000685821C4F202018842F2
:10D9E00000F08180FFE71198D0F880000068702176
:10D9F000C4F20201884276D0FFE71198D0F8800087
:10DA000000688821C4F2020188426CD0FFE71198B7
:10DA1000D0F880000068A021C4F20201884262D0E0
:10DA2000FFE71198D0F880000068B821C4F2020125
:10DA3000884258D0FFE71198D0F88000006840F283
:10DA40001041C4F2020188424DD0FFE71198D0F88E
:10DA50008000006840F22841C4F20201884242D0AE
:10DA6000FFE71198D0F88000006840F24041C4F20E
:10DA70000201884237D0FFE71198D0F88000006893
:10DA800040F25841C4F2020188422CD0FFE71198BD
:10DA9000D0F88000006840F27041C4F20201884270
:10DAA00021D0FFE71198D0F88000006840F288414B
:10DAB000C4F20201884216D0FFE71198D0F8800026
:10DAC000006840F2A041C4F2020188420BD0FFE797
:10DAD0001198D0F88000006840F2B841C4F2020109
:10DAE000884207D1FFE71198D0F8800000684068AD
:10DAF000019006E01198D0F880000068406801901D
:10DB0000FFE70198ADF82A00BDF82A0000287BD075
:10DB1000FFE7BDF82A001199B1F85C10884273DA6A
:10DB2000FFE7BDF82A001199A1F85E001198D0F81E
:10DB30008000C069B0F5807F59D0FFE7FFE7FFE7BD
:10DB40001198006850E8000F20F480700990FFE7FA
:10DB500009991198026842E800100028F0D1FFE707
:10DB6000FFE7FFE7FFE71198006850E8020F20F099
:10DB700001000890FFE708991198026842E8021036
:10DB80000028F0D1FFE7FFE7FFE7FFE71198006803
:10DB900050E8020F20F040000790FFE70799119826
:10DBA000026842E802100028F0D1FFE7FFE7119970
:10DBB0002020C1F88C0011990020C866FFE7FFE71C
:10DBC0001198006850E8000F20F010000690FFE761
:10DBD00006991198026842E800100028F0D1FFE78A
:10DBE000FFE71198D0F88000F4F782FFFFE7119962
:10DBF000022008671198B0F85C10B0F85E20891A0E
:10DC000089B2FEF7C5FF1AE0BDF82A001199B1F8F4
:10DC10005C10884212D1FFE71198D0F88000C069EB
:10DC2000B0F5807F09D1FFE71199022008671198AC
:10DC3000B0F85C10FEF7ACFFFFE7FFE7FFE7C0E0DE
:10DC40001199B1F85C00B1F85E10401AADF81600F9
:10DC50001198B0F85E00002853D0FFE7BDF8160019
:10DC600000284ED0FFE7FFE7FFE71198006850E873
:10DC7000000F20F490700490FFE704991198026857
:10DC800042E800100028F0D1FFE7FFE7FFE7FFE7D9
:10DC90001198006850E8020F4FF6FE71CEF6FF7142
:10DCA00008400390FFE703991198026842E80210C8
:10DCB0000028EDD1FFE7FFE711992020C1F88C0083
:10DCC00011990020C86611994867FFE7FFE711988E
:10DCD000006850E8000F20F010000290FFE7029962
:10DCE0001198026842E800100028F0D1FFE7FFE732
:10DCF0001199022008671198BDF81610FEF748FF29
:10DD0000FFE75EE09DF84200C00600280FD5FFE760
:10DD10009DF83A004006002809D5FFE711980168F0
:10DD20004FF4801008621198FFF7E6FB49E09DF878
:10DD300040000006002815D5FFE79DF83C000006CE
:10DD4000002806D4FFE79DF83A000006002809D510
:10DD5000FFE71198806F20B1FFE71198816F884726
:10DD6000FFE72EE09DF84000400600280AD5FFE7B7
:10DD70009DF83C004006002804D5FFE7119802F00A
:10DD800017FF1EE09DF84200000600280AD5FFE7B5
:10DD90009DF83F004006002804D5FFE71198FFF7E3
:10DDA000A7FB0EE09DF84300C00750B1FFE79DF8C8
:10DDB0003F000006002804D5FFE71198FFF704FB99
:10DDC000FFE712B080BD000080B582B000900098DF
:10DDD00020B9FFE701208DF8070046E00098806930
:10DDE00008B1FFE700E0FFE70098D0F8880040B9ED
:10DDF000FFE70099002081F88400009800F03CF8CB
:10DE0000FFE700992420C1F888000098016808689D
:10DE100020F0010008600098806A20B1FFE70098B8
:10DE200002F0FAFBFFE7009803F0A2FB012804D1FF
:10DE3000FFE701208DF8070017E0009801684868A7
:10DE400020F49040486000980168886820F02A001B
:10DE5000886000980168086840F001000860009838
:10DE600002F07EFC8DF80700FFE79DF8070002B086
:10DE700080BD00000000000080B5E2B0619000208D
:10DE800060905F905E905D905C902EA8B821F2F754
:10DE90008BFA6198006845F20001C4F200018842E3
:10DEA00040F09480FFE700202F9002212E914B90AC
:10DEB0002EA8FAF73DFF18B1FFE7F4F70DFCFFE7D6
:10DEC000FFE744F2E840C5F60200016841F4801122
:10DED0000160006800F480102D902D98FFE7FFE7A7
:10DEE00044F2E040C5F60200016841F0040101601F
:10DEF000006800F004002C902C98FFE7FFE744F244
:10DF0000E040C5F60200016841F0080101600068C8
:10DF100000F008002B902B98FFE74FF480505C90A6
:10DF200002201B905D9000201E905E905F90082064
:10DF30001C90609040F60000C5F602005CA91D919F
:10DF4000F9F7B2F91B9B1C981D991E9A4FF0040C0F
:10DF5000CDF870C15D935E925F92609040F6004094
:10DF6000C5F60200F9F7A0F91E9940F60C60C2F25E
:10DF700000401F901022C4F202020260412242605F
:10DF80008160C1604FF48062026141618161C16161
:10DF900001624162F6F7A0FE18B1FFE7F4F79CFBBF
:10DFA000FFE7FFE7619840F60C61C2F20041C0F85C
:10DFB000801061988863FFE735201A9005210022C0
:10DFC000F9F742FC1A98F9F733FC5EE361980068B0
:10DFD00047F60001C4F20001884240F09880FFE754
:10DFE00000202F9002212E914B902EA8FAF7A0FE30
:10DFF00018B1FFE7F4F770FBFFE7FFE744F2E840F2
:10E00000C5F60200016841F080410160006800F03F
:10E0100080402A902A98FFE7FFE744F2E040C5F6E7
:10E020000200016841F010010160006800F010007A
:10E0300029902998FFE74FF4C0705C9002205D9012
:10E04000002018905E905F900720609041F20000E1
:10E05000C5F602005CA9F9F727F9189940F6846023
:10E06000C2F2004019902822C4F2020202604F223C
:10E0700042608160C1604FF48062026141618161F0
:10E08000C16101624162F6F727FE18B1FFE7F4F7BC
:10E0900023FBFFE7FFE7619840F68461C2F200418D
:10E0A000C0F8801061988863FFE740F6FC60C2F218
:10E0B000004017904021C4F20201016050214160EC
:10E0C000402181600021C1604FF4806202614161A2
:10E0D0008161C16101624162F6F7FEFD18B1FFE79F
:10E0E000F4F7FAFAFFE7FFE7619840F6FC61C2F245
:10E0F0000041C16761988863FFE7522016900521AF
:10E100000022F9F7A1FB1698F9F792FBBCE261989F
:10E11000006841F20001C4F20101884240F097809A
:10E12000FFE700202F9001212E914C902EA8FAF7A6
:10E13000FFFD18B1FFE7F4F7CFFAFFE7FFE744F27E
:10E14000F040C5F60200016841F01001016000686E
:10E1500000F0100028902898FFE7FFE744F2E04025
:10E16000C5F60200016841F001010160006800F09D
:10E17000010027902798FFE74FF4C0605C900220D1
:10E180005D90002014905E905F90072060900020CA
:10E19000C5F602005CA9F9F787F8149941F264000A
:10E1A000C2F2004015905822C4F2020202602922F5
:10E1B00042608160C1604FF48062026141618161AF
:10E1C000C16101624162F6F787FD18B1FFE7F4F71C
:10E1D00083FAFFE7FFE7619841F26401C2F2004170
:10E1E000C0F8801061988863FFE741F2DC00C2F25A
:10E1F000004013907021C4F2020101602A214160A5
:10E20000402181600021C1604FF480620261416160
:10E210008161C16101624162F6F75EFD18B1FFE7FD
:10E22000F4F75AFAFFE7FFE7619841F2DC01C2F226
:10E230000041C16761988863FFE72520129005219E
:10E240000022F9F701FB1298F9F7F2FA1BE2619844
:10E25000006844F20041C4F20001884240F0988016
:10E26000FFE700202F9002212E914B902EA8FAF765
:10E270005FFD18B1FFE7F4F72FFAFFE7FFE744F27D
:10E28000E840C5F60200016841F400310160006811
:10E2900000F4003026902698FFE7FFE744F2E040C4
:10E2A000C5F60200016841F008010160006800F055
:10E2B000080025902598FFE770205C9002205D9073
:10E2C000002010905E905F900720609040F6004024
:10E2D000C5F602005CA9F8F7E7FF109941F2541067
:10E2E000C2F200401190B822C4F2020202602B2256
:10E2F00042608160C1604FF480620261416181616E
:10E30000C16101624162F6F7E7FC18B1FFE7F4F77B
:10E31000E3F9FFE7FFE7619841F25411C2F20041CF
:10E32000C0F8801061988863FFE741F2CC10C2F218
:10E3300000400F9040F21041C4F2020101602C2114
:10E340004160402181600021C1604FF48062026120
:10E3500041618161C16101624162F6F7BDFC18B1A2
:10E36000FFE7F4F7B9F9FFE7FFE7619841F2CC1155
:10E37000C2F20041C16761988863FFE726200E90D2
:10E3800005210022F9F760FA0E98F9F751FA79E1C0
:10E390006198006844F60001C4F20001884240F030
:10E3A000BE80FFE700202F9002212E914B902EA8D7
:10E3B000FAF7BEFC18B1FFE7F4F78EF9FFE7FFE7C5
:10E3C00044F2E840C5F60200016841F48021016092
:10E3D000006800F4802024902498FFE7FFE744F2CF
:10E3E000E040C5F60200016841F0020101600068EA
:10E3F00000F0020023902398FFE7FFE744F2E0409B
:10E40000C5F60200016841F008010160006800F0F3
:10E41000080022902298FFE74FF480405C90022091
:10E4200009905D9000200C905E905F9007200A900C
:10E43000609040F20040C5F602005CA90B91F8F72D
:10E4400033FF099B0A980B990C9A4FF4407CCDF846
:10E4500070C15D935E925F92609040F60040C5F699
:10E460000200F8F721FF0C9941F24420C2F200406B
:10E470000D9040F22842C4F2020202602D22426056
:10E480008160C1604FF48062026141618161C1615C
:10E4900001624162F6F720FC18B1FFE7F4F71CF9BE
:10E4A000FFE7FFE7619841F24421C2F20041C0F862
:10E4B000801061988863FFE741F2BC20C2F20040FF
:10E4C000089040F24041C4F2020101602E214160F7
:10E4D000402181600021C1604FF48062026141618E
:10E4E0008161C16101624162F6F7F6FB18B1FFE795
:10E4F000F4F7F2F8FFE7FFE7619841F2BC21C2F2BE
:10E500000041C16761988863FFE7272007900521D4
:10E510000022F9F799F90798F9F78AF9B1E06198BB
:10E52000006841F60041C4F20101884240F0A88031
:10E53000FFE700202F9001212E914C902EA8FAF792
:10E54000F7FB18B1FFE7F4F7C7F8FFE7FFE744F27E
:10E55000F040C5F60200016841F0800101600068EA
:10E5600000F0800021902198FFE7FFE744F2E040AF
:10E57000C5F60200016841F010010160006800F07A
:10E58000100020902098FFE704205C900221029167
:10E590005D91002105915E915F91609041F20000D4
:10E5A000C5F6020003905CA90491F8F77DFE029B7A
:10E5B00003980499059A4FF0080CCDF870C15D934B
:10E5C0005E925F920B226092F8F76EFE059940F61C
:10E5D0007470C2F2004006908822C4F20202026007
:10E5E000762242608160C1604FF4806202614161C5
:10E5F0008161C16101624162F6F76EFB18B1FFE70C
:10E60000F4F76AF8FFE7FFE7619840F67471C2F229
:10E610000041C0F8801061988863FFE740F6EC7015
:10E62000C2F200400190A021C4F2020101607721F2
:10E630004160402181600021C1604FF4806202612D
:10E6400041618161C16101624162F6F745FB18B128
:10E65000FFE7F4F741F8FFE7FFE7619840F6EC7158
:10E66000C2F20041C16761988863FFE79C20009077
:10E6700005210022F9F7E8F80098F9F7D9F8FFE743
:10E68000FFE7FFE7FFE7FFE7FFE762B080BD0000BD
:10E6900080B58AB008900791ADF81A2005930898C4
:10E6A000D0F88C00202840F0C680FFE7079820B102
:10E6B000FFE7BDF81A0020B9FFE701208DF8270019
:10E6C000BDE008990020C1F89000089A2221C2F804
:10E6D0008C100899C866F8F7D3FF0190BDF81A00AE
:10E6E0000899A1F85C00BDF81A000899A1F85E002D
:10E6F000FFE708988068B0F5805F10D1FFE70898C1
:10E70000006930B9FFE7089940F2FF10A1F86000F6
:10E7100004E00899FF20A1F86000FFE72EE00898C8
:10E72000806878B9FFE70898006928B9FFE7089979
:10E73000FF20A1F8600004E008997F20A1F86000A4
:10E74000FFE71AE008988068B0F1805F0FD1FFE71B
:10E750000898006928B9FFE708997F20A1F86000B0
:10E7600004E008993F20A1F86000FFE704E0089961
:10E770000020A1F86000FFE7FFE7FFE7FFE7089848
:10E78000B0F86000ADF80A0008988068B0F5805FC6
:10E7900009D1FFE70898006928B9FFE70020049035
:10E7A0000798039004E00798049000200390FFE787
:10E7B000FFE70898B0F85E00A8B3FFE70898019B50
:10E7C00005996A4611602021002203F005FF40B13F
:10E7D000FFE708992020C1F88C0003208DF827005E
:10E7E0002DE0049860B9FFE708980068406ABDF81A
:10E7F0000A100840039908800398023003900BE048
:10E8000008980068406A9DF80A100840049908704A
:10E81000049801300490FFE70899B1F85E000138D0
:10E82000A1F85E00C5E708992020C1F88C000020FF
:10E830008DF8270003E002208DF82700FFE79DF800
:10E8400027000AB080BD000080B586B00490039117
:10E85000ADF80A200498D0F88C0020283CD1FFE7BE
:10E86000039820B1FFE7BDF80A0020B9FFE70120B7
:10E870008DF8170034E004990020C86604980068F9
:10E8800040F60041C5F6000188421CD0FFE704981D
:10E89000006840680002002814D5FFE7FFE7FFE7A3
:10E8A0000498006850E8000F40F080600190FFE796
:10E8B00001990498026842E800100028F0D1FFE7AF
:10E8C000FFE7FFE7FFE704980399BDF80A2003F08C
:10E8D00077FB8DF8170003E002208DF81700FFE7A3
:10E8E0009DF8170006B080BD80B586B004900391F6
:10E8F000ADF80A200498D0F88C0020283CD1FFE71E
:10E90000039820B1FFE7BDF80A0020B9FFE7012016
:10E910008DF8170034E004990020C8660498006858
:10E9200040F60041C5F6000188421CD0FFE704987C
:10E93000006840680002002814D5FFE7FFE7FFE702
:10E940000498006850E8000F40F080600190FFE7F5
:10E9500001990498026842E800100028F0D1FFE70E
:10E96000FFE7FFE7FFE704980399BDF80A2003F0EB
:10E97000BFFB8DF8170003E002208DF81700FFE7BA
:10E980009DF8170006B080BD81B0009001B07047BF
:10E9900081B0009001B0704780B58AB008900791AF
:10E9A000ADF81A2005930898D0F88800202840F088
:10E9B0008780FFE7079820B1FFE7BDF81A0020B96C
:10E9C000FFE701208DF827007EE008990020C1F8BC
:10E9D000900008992120C1F88800F8F751FE0290B4
:10E9E000BDF81A000899A1F85400BDF81A0008995A
:10E9F000A1F8560008988068B0F5805F09D1FFE75C
:10EA00000898006928B9FFE7002004900798039050
:10EA100004E00798049000200390FFE7FFE70898C0
:10EA2000B0F8560088B3FFE70898029B05996A463C
:10EA300011608021002203F0CFFD40B1FFE708996B
:10EA40002020C1F8880003208DF827003CE00498BE
:10EA500058B9FFE7039800886FF35F2008990968A9
:10EA6000886203980230039008E0049800780899BF
:10EA700009688862049801300490FFE70899B1F8AA
:10EA800056000138A1F85600C9E70898029B05997D
:10EA90006A4611604021002203F09EFD40B1FFE76D
:10EAA00008992020C1F8880003208DF827000BE08A
:10EAB00008992020C1F8880000208DF8270003E085
:10EAC00002208DF82700FFE79DF827000AB080BDDF
:10EAD00080B586B004900391ADF80A200498D0F870
:10EAE0008800202870D1FFE7039820B1FFE7BDF828
:10EAF0000A0020B9FFE701208DF8170068E00398AD
:10EB000004990865BDF80A000499A1F85400BDF8FD
:10EB10000A000499A1F8560004990020C1F8900059
:10EB200004992120C1F888000498C06F88B3FFE7DA
:10EB30000498C16F40F67920C0F60100C8630498BC
:10EB4000C16F40F6F920C0F6010008640498C16F57
:10EB500040F6C900C0F60100C8640498C16F0020E7
:10EB6000086504980268016DC06F2832BDF80A304C
:10EB7000F6F762FD60B1FFE704991020C1F890003C
:10EB800004992020C1F8880001208DF817001FE0AB
:10EB9000FFE70498016840200862FFE7FFE7049858
:10EBA000006850E8020F40F080000190FFE70199F3
:10EBB0000498026842E802100028F0D1FFE7FFE75E
:10EBC00000208DF8170003E002208DF81700FFE702
:10EBD0009DF8170006B080BD86B004900391ADF893
:10EBE0000A200498D0F88800202840F08580FFE7AC
:10EBF000039820B1FFE7BDF80A0020B9FFE7012024
:10EC00008DF817007CE0039804990865BDF80A00A8
:10EC10000499A1F85400BDF80A000499A1F856001F
:10EC20000499002088670499C1F890000499212074
:10EC3000C1F888000498406EB0F1005F2CD1FFE766
:10EC400004988068B0F5805F0BD1FFE704980069F5
:10EC500038B9FFE7049942F2B130C0F60100886785
:10EC600006E0049942F21150C0F601008867FFE700
:10EC7000FFE7FFE70498006850E8020F40F4000047
:10EC80000190FFE701990498026842E80210002809
:10EC9000F0D1FFE7FFE72BE004988068B0F5805FD4
:10ECA0000BD1FFE70498006938B9FFE7049942F2F5
:10ECB0001930C0F60100886706E0049942F28140ED
:10ECC000C0F601008867FFE7FFE7FFE704980068E8
:10ECD00050E8000F40F080000090FFE70099049892
:10ECE000026842E800100028F0D1FFE7FFE7FFE7E5
:10ECF00000208DF8170003E002208DF81700FFE7D1
:10ED00009DF8170006B0704781B0009001B07047C1
:10ED100081B0009001B07047FFE7FEE700000000FF
:10ED200080B592B0FFE744F2D840C5F60200016812
:10ED300041F001010160006800F00100119011989C
:10ED4000FFE7FFE744F2D840C5F60200016841F052
:10ED500002010160006800F0020010901098FFE7C7
:10ED60000B20019005210D9100220E92F8F76CFD09
:10ED70000198F8F75DFD0D990E9A0C200290F8F7B6
:10ED800063FD0298F8F754FD0D990E9A0D2003903B
:10ED9000F8F75AFD0398F8F74BFD0D990E9A0E20DF
:10EDA0000490F8F751FD0498F8F742FD0D990E9A7A
:10EDB0000F200590F8F748FD0598F8F739FD0D99F3
:10EDC0000E9A10200690F8F73FFD0698F8F730FDF0
:10EDD0000D990E9A11200790F8F736FD0798F8F76D
:10EDE00027FD0D990E9A2F200890F8F72DFD089811
:10EDF000F8F71EFD0D990E9A38200990F8F724FDBA
:10EE00000998F8F715FD0D990E9A39200A90F8F730
:10EE10001BFD0A98F8F70CFD0D990E9A3A200B90FD
:10EE2000F8F712FD0B98F8F703FD0D990E9A3B20A9
:10EE30000C90F8F709FD0C98F8F7FAFC0D990E9A6A
:10EE40003C200F90F8F700FD0F98F8F7F1FC12B096
:10EE500080BD00000000000080B582B041F2383073
:10EE6000C2F2004000904AF20001C4F200010160C9
:10EE7000002201928260C260012101744274827496
:10EE80004FF0030EC0F814E00A2383614FF01D0C0D
:10EE9000C0F81CC00362C0F824E08362C0F82CC034
:10EEA000036342638163C2631021016404214164EE
:10EEB0008264C164026541658265C2650823036698
:10EEC00042668166F7F7A8FD18B1FFE7F3F704FC87
:10EED000FFE702B080BD000080B582B041F2D830BB
:10EEE000C2F2004000904AF20041C4F20001016009
:10EEF000002201928260C260012101744274827416
:10EF00004FF0030EC0F814E00A2383614FF01D0C8C
:10EF1000C0F81CC00362C0F824E08362C0F82CC0B3
:10EF2000036340F2553343638163C263102101647C
:10EF3000042141648264C164026541658265C265E1
:10EF40000823036642668166F7F766FD18B1FFE79E
:10EF5000F3F7C2FBFFE702B080BD00000000000035
:10EF600080B582B041F27840C2F2004000904DF28C
:10EF70000041C4F200010160002201928260C2607F
:10EF800001210174427482744FF0030EC0F814E042
:10EF90000A2383614FF01D0CC0F81CC00362C0F847
:10EFA00024E08362C0F82CC0036340F2AA63436389
:10EFB0008163C26310210164042141648264C164DD
:10EFC000026541658265C265082303664266816603
:10EFD000F7F722FD18B1FFE7F3F77EFBFFE702B07A
:10EFE00080BD00000000000080B586B043F60C0034
:10EFF000C2F200406946486020200390086041F258
:10F00000B950C0F6020048F24511C0F602014FF4B3
:10F0100080620023059316F0B7FE059B0146039816
:10F0200042F6A452C2F20042116043F6B002C2F2AC
:10F03000004269464A60086043F2D160C0F60200AF
:10F0400048F25311C0F602014FF48072049216F098
:10F050009BFE049A059B42F6AC51C2F20041086047
:10F0600043F6F400C2F20040694648601820086088
:10F0700043F6B960C0F6020048F23411C0F602014E
:10F0800016F082FE049A059B43F64000C2F200404F
:10F09000694648602820086042F29920C0F60200C4
:10F0A00048F23C11C0F6020116F06EFE059B42F6D6
:10F0B000A851C2F20041086043F6F800C2F20040D5
:10F0C000694648603020086044F21100C0F6020032
:10F0D00048F26711C0F602014FF4007216F054FEB8
:10F0E00042F6B051C2F20041086006B080BD000097
:10F0F00080B592B00020119010900F900E900D905E
:10F10000FFE744F2E040C5F60200016841F010015B
:10F110000160006800F010000C900C98FFE7FFE71A
:10F1200044F2E040C5F60200016841F004010160CC
:10F13000006800F004000B900B98FFE7FFE744F233
:10F14000E040C5F60200016841F0800101600068FE
:10F1500000F080000A900A98FFE7FFE744F2E040E1
:10F16000C5F60200016841F002010160006800F08C
:10F17000020009900998FFE7FFE744F2E040C5F676
:10F180000200016841F008010160006800F0080019
:10F1900008900898FFE7FFE744F2E040C5F6020058
:10F1A000016841F001010160006800F00100079072
:10F1B0000798FFE740F60000C5F6020003904FF401
:10F1C0000041009100220592F8F742FA03980921C4
:10F1D000019101220292F8F73BFA009B029A0398F0
:10F1E00005990D930E920F9110910DA90491F8F7C6
:10F1F0005BF8DDF804C0029B03980499059ACDF8EA
:10F2000034C00E930F9203221092F8F74DF8049930
:10F2100005984FF4A0520D924FF488120E920F9061
:10F2200041F20000C5F60200F8F73EF805994FF0EC
:10F230000060FDF7E5F8059A282006900521F8F70B
:10F2400003FB0698F8F7F4FA12B080BD0000000046
:10F2500080B582B041F60C20C2F20040009043F627
:10F260000001C4F2000101604FF4800141600021FF
:10F27000019181600722C2604FF0007202614FF07D
:10F28000807242614FF0806282614FF00052C26131
:10F29000016241628162C1624FF0804242638163D8
:10F2A000C163016441648164C16401654165816534
:10F2B000FCF7E6F818B1FFE7F3F70EFAFFE702B044
:10F2C00080BD00000000000080B584B000210391E3
:10F2D0000291019141F6E020C2F2004041F20002A9
:10F2E000C4F200020260416081604FF6FF72C260AA
:10F2F0008161FDF761F918B1FFE7F3F7EDF9FFE779
:10F3000000200190039041F6E020C2F2004001A9E4
:10F31000FDF792F818B1FFE7F3F7DEF9FFE704B065
:10F3200080BD00000000000080B582B041F67C5036
:10F33000C2F20040019045F20001C4F200010160F8
:10F3400048F2A061C0F2010141604FF48051816038
:10F350004FF40051C1604FF4806101610C214161A3
:10F3600000218161C161016241628162FEF72CFD71
:10F3700018B1FFE7F3F7B0F9FFE741F67C50C2F2AE
:10F3800000400021FEF76CF818B1FFE7F3F7A4F98D
:10F39000FFE741F67C50C2F200400021FEF718F86A
:10F3A00018B1FFE7F3F798F9FFE741F67C50C2F296
:10F3B0000040FDF755FB18B1FFE7F3F78DF9FFE7C4
:10F3C00002B080BD0000000080B582B041F6106040
:10F3D000C2F20040009047F60001C4F20001016053
:10F3E0004FF4E1314160002101918160C160016110
:10F3F0000C2242618161C161016241628162FEF75A
:10F40000E3FC18B1FFE7F3F767F9FFE741F6106097
:10F41000C2F200400021FEF723F818B1FFE7F3F72E
:10F420005BF9FFE741F61060C2F200400021FDF7F2
:10F43000CFFF18B1FFE7F3F74FF9FFE741F6106090
:10F44000C2F20040FDF70CFB18B1FFE7F3F744F9F7
:10F45000FFE702B080BD000080B582B041F6C03049
:10F46000C2F20040009041F60041C4F20101016087
:10F470004FF4E1314160002101918160C16001617F
:10F480000C2242618161C161016241628162FEF7C9
:10F490009BFC18B1FFE7F3F71FF9FFE741F6C03017
:10F4A000C2F200400021FDF7DBFF18B1FFE7F3F7E0
:10F4B00013F9FFE741F6C030C2F200400021FDF72A
:10F4C00087FF18B1FFE7F3F707F9FFE741F6C03010
:10F4D000C2F20040FDF7C4FA18B1FFE7F3F7FCF8F9
:10F4E000FFE702B080BD000080B582B041F62C304D
:10F4F000C2F20040009041F20001C4F2010101603B
:10F500004FF4E1314160002101918160C1600161EE
:10F510000C2242618161C161016241628162FEF738
:10F5200053FC18B1FFE7F3F7D7F8FFE741F62C30AB
:10F53000C2F200400021FDF793FF18B1FFE7F3F797
:10F54000CBF8FFE741F62C30C2F200400021FDF776
:10F550003FFF18B1FFE7F3F7BFF8FFE741F62C30A4
:10F56000C2F20040FDF77CFA18B1FFE7F3F7B4F8F8
:10F57000FFE702B080BD000080B582B041F6544084
:10F58000C2F20040009044F20041C4F20001016068
:10F5900044F24021C0F20F014160002301938360D7
:10F5A000C36003610C2141618361C36103624362F3
:10F5B000836219461A46FBF72FFD18B1FFE7F3F7F0
:10F5C0008BF8FFE741F65440C2F200400021FDF7FE
:10F5D00047FF18B1FFE7F3F77FF8FFE741F6544024
:10F5E000C2F200400021FDF7F3FE18B1FFE7F3F788
:10F5F00073F8FFE741F65440C2F20040FDF730FADD
:10F6000018B1FFE7F3F768F8FFE702B080BD00002C
:10F6100080B582B041F6E840C2F20040009044F666
:10F620000001C4F20001016044F24021C0F20F0168
:10F630004160002301938360C36003610C21416139
:10F640008361C36103624362836219461A46FBF712
:10F65000E3FC18B1FFE7F3F73FF8FFE741F6E840B6
:10F66000C2F200400021FDF7FBFE18B1FFE7F3F7FF
:10F6700033F8FFE741F6E840C2F200400021FDF711
:10F68000A7FE18B1FFE7F3F727F8FFE741F6E840D8
:10F69000C2F20040FDF7E4F918B1FFE7F3F71CF8F8
:10F6A000FFE702B080BD0000FFE7FEE700000000BA
:10F6B000FFE7FEE70000000088B007900691059282
:10F6C000079800F0070004900498C0F1070005288F
:10F6D00003D3FFE70420019004E00498C0F1070081
:10F6E0000190FFE70198039004980430062803D89E
:10F6F000FFE70020009003E0049803380090FFE744
:10F700000098029006980399012202FA01F101394A
:10F710000840029B984005999A40013A11400843DD
:10F7200008B070470000000080B541F22850C2F2D6
:10F730000040F8F7DDFA80BD80B586B005900491F1
:10F74000059800680390039802900398006C01905C
:10F750000298049900EB4110D0F8080B0090019832
:10F7600043F20B01C4F6547188420FD3FFE79DF8B2
:10F7700001000006002809D5FFE70298049900EB74
:10F7800041114FF40040C1F8080BFFE70598F8F766
:10F790008BFF019843F20B01C4F6547188420DD3DC
:10F7A000FFE705988079012808D1FFE705990868E7
:10F7B00001F29C42012104F097FBFFE7002006B014
:10F7C00080BD00000000000080B588B00790069161
:10F7D000079800680490049803900498006C0290C5
:10F7E0000398069900EB4110D0F8080B0190079898
:10F7F0008079012840F08180FFE79DF80400000730
:10F80000002818D5FFE7029843F20B01C4F65471A3
:10F8100088420FD3FFE79DF805000006002809D5B0
:10F82000FFE70398069900EB41114FF40040C1F83F
:10F83000080BFFE760E09DF804008006002808D56B
:10F84000FFE70398069900EB41112020C1F8080B4F
:10F8500051E09DF8040010F0280F4AD1FFE702980C
:10F8600043F20B01C4F6547188420FD3FFE79DF8B1
:10F8700005000006002809D5FFE70398069900EB6C
:10F8800041114FF40040C1F8080B31E00798069988
:10F8900001EBC10100EB810000F5157005900598A2
:10F8A000006A0399069A01EB4211D1F8101B6FF31D
:10F8B000DF41401A05994861069898B9FFE7059815
:10F8C000006940B9FFE70799086801F29C420121ED
:10F8D00004F00AFB05E00599C8684A691044C8604D
:10F8E000FFE7FFE707989DF81810F7F7F5FFFFE728
:10F8F00000E0FFE7FFE7FFE747E0029843F20A1165
:10F90000C4F65471884224D1FFE79DF80500000633
:10F91000002809D5FFE70398069900EB41114FF441
:10F920000040C1F8080B13E09DF804008006002891
:10F9300008D5FFE70398069900EB41112020C1F894
:10F94000080BFFE707989DF81810F7F7C5FFFFE7CA
:10F950001AE0069890B9FFE70798069901EBC101F4
:10F9600000EB8100D0F8640240B9FFE7079908680E
:10F9700001F29C42002104F0B7FAFFE707989DF8D6
:10F980001810F7F7A9FFFFE7FFE7002008B080BDD8
:10F9900080B58CB00A9009910A9800680890089880
:10F9A00007900A98099901EBC10100EB810014301E
:10F9B0000690069801694069884204D9FFE7012052
:10F9C0008DF82F0079E0069908694969401A059079
:10F9D000059806998968884204D9FFE706988068E7
:10F9E0000590FFE70598033080080490FFE707982B
:10F9F000099900EB4110D0F8180981B2049A00204F
:10FA0000914202900FD3FFE70698026941690020F6
:10FA10009142029007D2FFE706980069002818BFBC
:10FA200001200290FFE70298C00770B3FFE7069934
:10FA300008694969401A05900598069989688842BD
:10FA400004D9FFE7069880680590FFE70598033022
:10FA50008008049008980699C9689DF82420BDF88C
:10FA60001430DDF828C09CF806C0EE46CEF800C081
:10FA700004F0FAFF059A0699C8681044C860059A10
:10FA80000699486910444861B1E7069908694969CF
:10FA900088420ED8FFE7099800F00F010120884046
:10FAA0000390039A0799D1F834089043C1F83408B9
:10FAB000FFE700208DF82F00FFE79DF82F000CB026
:10FAC00080BD0000000000000000000000000000F9
:10FAD000EFF30980BFF36F8F154B1A681EF0100FFC
:10FAE00008BF20ED108A20E9F04F10602DE90900D1
:10FAF0004FF0500080F31188BFF34F8FBFF36F8F2B
:10FB000015F012FC4FF0000080F31188BDE80900E9
:10FB100019680868B0E8F04F1EF0100F08BFB0EC8D
:10FB2000108A80F30988BFF36F8F704700BF00BF52
:10FB30004C2300240000000080B586B0049003919F
:10FB400000208DF8070044F22840C5F60200006846
:10FB500000F00300032804D1FFE701208DF817000F
:10FB6000CBE044F20041C5F60201086820F0806055
:10FB70000860F7F785FD0290FFE744F20040C5F604
:10FB80000200006800F000610020B0EBD16F0CD0E3
:10FB9000FFE7F7F775FD0299401A032804D3FFE742
:10FBA00003208DF81700A8E0E7E7FFE744F22841BB
:10FBB000C5F60201086820F47C30049A126840EA15
:10FBC0000230086004994868D1F808C0CB680A6917
:10FBD00001386FF35F204FF60061CFF6FF7101EB44
:10FBE0004C2189B208440021CFF6FF7101EB03419B
:10FBF00001F4FE0108444FF07F4101EB026101F086
:10FC0000FE41084444F23841C5F602010860FFE7AE
:10FC100044F22C41C5F602010091086820F0C000B2
:10FC2000049A526910430860086820F02000049A82
:10FC3000926910430860086820F01000086044F2E0
:10FC40003C42C5F6020210684FF6F8739843049BD5
:10FC5000DB6940EAC3001060086840F010000860EB
:10FC6000039848B9FFE744F22C41C5F60201086841
:10FC700040F40020086016E00398012809D1FFE74E
:10FC800044F22C41C5F60201086840F48010086077
:10FC900008E044F22C41C5F60201086840F4001067
:10FCA0000860FFE7FFE744F20041C5F6020108687B
:10FCB00040F080600860F7F7E3FC0290FFE744F251
:10FCC0000040C5F60200006800F000610020B0EBC3
:10FCD000D16F0CD1FFE7F7F7D3FC0299401A032844
:10FCE00004D3FFE703208DF8170006E0E7E7FFE7FE
:10FCF0009DF807008DF81700FFE79DF8170006B084
:10FD000080BD00000000000080B586B00490039123
:10FD100000208DF8070044F22840C5F60200006874
:10FD200000F00300032804D1FFE701208DF817003D
:10FD3000CBE044F20041C5F60201086820F0805093
:10FD40000860F7F79DFC0290FFE744F20040C5F61B
:10FD50000200006800F000510020B0EB517F0CD091
:10FD6000FFE7F7F78DFC0299401A032804D3FFE759
:10FD700003208DF81700A8E0E7E7FFE744F22841E9
:10FD8000C5F60201086820F07C70049A126840EA07
:10FD90000250086004994868D1F808C0CB680A6925
:10FDA00001386FF35F204FF60061CFF6FF7101EB72
:10FDB0004C2189B208440021CFF6FF7101EB0341C9
:10FDC00001F4FE0108444FF07F4101EB026101F0B4
:10FDD000FE41084444F24041C5F602010860FFE7D5
:10FDE00044F22C41C5F602010091086820F44060FD
:10FDF000049A526910430860086820F40070049A5D
:10FE0000926910430860086820F48070086044F22A
:10FE10004442C5F6020210684FF6F8739843049BFB
:10FE2000DB6940EAC3001060086840F48070086035
:10FE3000039848B9FFE744F22C41C5F6020108686F
:10FE400040F48000086016E00398012809D1FFE71C
:10FE500044F22C41C5F60201086840F40000086035
:10FE600008E044F22C41C5F60201086840F08070B9
:10FE70000860FFE7FFE744F20041C5F602010868A9
:10FE800040F080500860F7F7FBFB0290FFE744F278
:10FE90000040C5F60200006800F000510020B0EB01
:10FEA000517F0CD1FFE7F7F7EBFB0299401A0328CB
:10FEB00004D3FFE703208DF8170006E0E7E7FFE72C
:10FEC0009DF807008DF81700FFE79DF8170006B0B2
:10FED00080BD00000000000080B541F60C20C2F299
:10FEE0000040FBF705F980BD82B0019001980068E1
:10FEF0004069009001980168886940F008008861B5
:10FF000001980168886940F01000886101980168D3
:10FF1000086820F00100086001980168086940F253
:10FF20006F329043086101980168886820F440406E
:10FF30008860019890F88100042815D0FFE79DF8AB
:10FF40000000800600280ED5FFE70199D1F8840053
:10FF500040F08000C1F8840001980168886940F091
:10FF600020008861FFE7FFE7019890F881000328EF
:10FF700015D0FFE79DF80000400600280ED5FFE7EA
:10FF80000199D1F8840040F00400C1F88400019880
:10FF90000168886940F040008861FFE7FFE79DF84D
:10FFA0000100800700280ED5FFE70199D1F88400F1
:10FFB00040F00100C1F8840001980168886940F4AC
:10FFC00000708861FFE79DF80100C00770B1FFE78E
:10FFD0000199D1F8840040F00800C1F8840001982C
:10FFE0000168886940F480708861FFE7019900200A
:10FFF000A1F862000199A1F86A0002B07047000000
:020000040801F1
:1000000080B582B001900198806B0090009900202B
:10001000A1F86A000099A1F862000099012081F816
:1000200081000098FBF760F802B080BD000000007E
:1000300083B002900298C16B012000EB5110019037
:100040000298C0680130009000980730C008009006
:1000500000980199484303B0704700000000000079
:1000600080B586B0DDF820C0049003918DF80B2098
:100070000193FFE704980068406903990840401A1B
:10008000B0FA80F040099DF80B10884214D1FFE7C8
:10009000F7F7F6FA0899401A0199884204D3FFE766
:1000A0000198013018B9FFE7019820B9FFE7032054
:1000B0008DF8170004E0DDE700208DF81700FFE75A
:1000C0009DF8170006B080BD000000000000000091
:1000D000074B19680868B0E8F04F80F30988BFF350
:1000E0006F8F4FF0000080F31188704700BF00BF92
:1000F0004C2300240000000080B56FF004000021B4
:1001000010F03EFE80BD000084B003900398009084
:1001100000980078ADF80800009801300090009831
:100120000078ADF80600BDF80610BDF8080040EAFA
:100130000120ADF80A00BDF80A0004B070470000C5
:1001400080B54EF21000CEF20000006815F0D4FE2B
:10015000012803D0FFE715F0F7F9FFE780BD0000A5
:1001600080B59EB00BA84C21F0F71EF9002001903D
:100170000A900990089007900690059004900390CB
:100180000220F8F7BDFAFFE70020029044F61800BD
:10019000C5F60200016821F440410160006800F4E6
:1001A000404002900298FFE7FFE744F61800C5F6CA
:1001B0000200006800F40050B0F5005F01D0FFE7D6
:1001C000F3E721200B904FF480300C900121119126
:1001D000022014901590169028221792189104214D
:1001E00019911A900C201B9000201C901D900BA8B8
:1001F000FAF702FA18B1FFE7F2F76EFAFFE73F20CD
:1002000003900321049100200590082006904020CF
:10021000079008904FF4806209920A9003A8F9F7BA
:100220007FFD18B1FFE7F2F757FAFFE71EB080BD78
:100230004EF68851CEF20001086840F47000086064
:1002400042F20000C5F20020006800F00F0006280E
:100250000AD8FFE742F20001C5F200210868072230
:1002600062F303000860FFE744F20041C5F60201B3
:10027000086840F00100086044F21042C5F602022E
:100280000020106008684EF67F52CEF6F62210402D
:10029000086042F20000C5F20020006800F00F0084
:1002A00008280AD3FFE742F20001C5F200210868DE
:1002B000072262F303000860FFE744F21841C5F625
:1002C00002010020086044F21C41C5F602010860EA
:1002D00044F22041C5F60201086044F22842C5F606
:1002E000020240F20021C0F20221116044F22C42CD
:1002F000C5F602020021C0F2FF11116044F2304243
:10030000C5F6020240F28021C0F20111116044F2F0
:100310003442C5F60202106044F23842C5F60202C9
:10032000116044F23C42C5F60202106044F24042C1
:10033000C5F60202116044F24441C5F602010860AC
:1003400044F20042C5F60202116821F480211160D6
:1003500044F26041C5F60201086044F2D440C5F69B
:1003600002000068C004002814D4FFE744F2D4411E
:10037000C5F60201086840F48050086044F20002AB
:10038000C5F2002243F2D2001060086820F48050C9
:100390000860FFE77047000080B541F69420C2F284
:1003A0000040FCF715FA80BD83B0029001910298DD
:1003B0000068009002980021C4F20101884225D013
:1003C000FFE70298B0F1804F20D0FFE7029840F29B
:1003D0000041C4F20001884218D0FFE7029840F6BD
:1003E0000001C4F20001884210D0FFE7029840F6F5
:1003F0000041C4F20001884208D0FFE7029840F2B1
:100400000041C4F2010188420AD1FFE7009820F0C0
:100410007000009001984168009808430090FFE741
:1004200002980021C4F2010188424DD0FFE70298F2
:10043000B0F1804F48D0FFE7029840F20041C4F28B
:100440000001884240D0FFE7029840F60001C4F264
:100450000001884238D0FFE7029840F60041C4F21C
:100460000001884230D0FFE7029840F20041C4F218
:100470000101884228D0FFE7029844F20001C4F24B
:100480000101884220D0FFE7029844F20041C4F203
:100490000101884218D0FFE7029844F60001C4F237
:1004A0000101884210D0FFE702984EF20001C4F229
:1004B0000001884208D0FFE702984EF20041C4F2E2
:1004C000000188420AD1FFE7009820F440700090B4
:1004D0000198C168009808430090FFE7009820F059
:1004E0008000019949690843009001988068029949
:1004F000C862019800680299886202980021C4F2DB
:100500000101884220D0FFE7029840F20041C4F286
:100510000101884218D0FFE7029844F20001C4F2BA
:100520000101884210D0FFE7029844F20041C4F272
:100530000101884208D0FFE7029844F60001C4F2A6
:100540000101884205D1FFE701980069029908631B
:10055000FFE70299086840F0040008600299012052
:10056000486100980299086003B0704700000000DD
:1005700080B541F67C50C2F20040FDF7A5F880BD81
:1005800080B541F61060C2F20040FDF79DF880BDD5
:1005900082B001900198406E40B9FFE701990120B7
:1005A000A1F86A000199A1F8680032E010208DF8E6
:1005B00003008DF80200019800688068C0F3426073
:1005C0008DF80100019800688068400F8DF80000E8
:1005D0009DF802009DF8002047F6BC23C0F60203F8
:1005E000995C484347F6B421C0F602018A5CB0FB2F
:1005F000F2F0019AA2F86A009DF803009DF801202C
:100600009B5C5843895CB0FBF1F00199A1F868004C
:10061000FFE702B07047000081B00090009890F8AA
:100620002800000700280BD5FFE700980068406805
:1006300020F40040009A1168926B10434860FFE775
:10064000009890F82800C00758B1FFE700980068AC
:10065000406820F40030009A1168D26A1043486064
:10066000FFE7009890F82800800700280BD5FFE7E7
:1006700000980068406820F48030009A1168126B7E
:1006800010434860FFE7009890F8280040070028D2
:100690000BD5FFE700980068406820F48020009A9E
:1006A0001168526B10434860FFE7009890F82800EB
:1006B000C00600280BD5FFE700980068806820F48A
:1006C0008050009A1168D26B10438860FFE7009851
:1006D00090F82800800600280BD5FFE700980068F6
:1006E000806820F40050009A1168126C10438860F2
:1006F000FFE7009890F82800400600281CD5FFE787
:1007000000980068406820F48010009A1168526CCC
:10071000104348600098406CB0F5801F0BD1FFE794
:1007200000980068406820F4C000009A1168926C3C
:1007300010434860FFE7FFE7009890F828000006A4
:1007400000280BD5FFE700980068406820F40020DF
:10075000009A1168D26C10434860FFE701B07047FF
:1007600080B588B0069006990020C1F89000F6F791
:1007700087FF0590069800680068000700282FD5BD
:10078000FFE70698059B6A466FF07E4111604FF4C3
:100790000011002201F020FF08B3FFE7FFE7FFE7A9
:1007A0000698006850E8000F20F080000490FFE7F2
:1007B00004990698026842E800100028F0D1FFE78B
:1007C000FFE706992020C1F88800FFE7069900207E
:1007D00081F88400FFE703208DF81F005FE0FFE74A
:1007E0000698006800684007002842D5FFE7069891
:1007F000059B6A466FF07E4111604FF48001002234
:1008000001F0EAFEA0B3FFE7FFE7FFE70698006804
:1008100050E8000F20F490700390FFE703990698CA
:10082000026842E800100028F0D1FFE7FFE7FFE789
:10083000FFE70698006850E8020F20F001000290E0
:10084000FFE702990698026842E802100028F0D1FA
:10085000FFE7FFE706992020C1F88C00FFE7069923
:10086000002081F88400FFE703208DF81F0016E0C8
:10087000FFE706992020C1F888000699C1F88C008E
:1008800006990020C86606990867FFE706990020C8
:1008900081F88400FFE700208DF81F00FFE79DF836
:1008A0001F0008B080BD000080B582B001900198A3
:1008B000806B009000990020A1F85E000098FCF782
:1008C0001FFE02B080BD000080B584B00390039885
:1008D000806B02900298D0F8880001900298D0F8BE
:1008E0008C000090029800688068000600280CD5F3
:1008F000FFE70198212808D1FFE702990020A1F81D
:100900005600029800F078F9FFE7029800688068C6
:10091000400600280CD5FFE70098222808D1FFE701
:1009200002990020A1F85E00029800F0F1F8FFE7BC
:100930000299D1F8900040F01000C1F890000298A0
:10094000FCF7DEFD04B080BD80B586B0059005984B
:10095000806B04900598C069B0F5807F5BD0FFE79D
:1009600004990020A1F85E00FFE7FFE70498006803
:1009700050E8000F20F480700390FFE7039904987B
:10098000026842E800100028F0D1FFE7FFE7FFE728
:10099000FFE70498006850E8020F20F00100029081
:1009A000FFE702990498026842E802100028F0D19B
:1009B000FFE7FFE7FFE7FFE70498006850E8020F52
:1009C00020F040000190FFE701990498026842E896
:1009D00002100028F0D1FFE7FFE704992020C1F8BA
:1009E0008C000498C06E012814D1FFE7FFE7FFE7F1
:1009F0000498006850E8000F20F010000090FFE716
:100A000000990498026842E800100028F0D1FFE73E
:100A1000FFE7FFE7FFE70499002008670498C06E2E
:100A2000012806D1FFE70498B0F85C10FCF7B0F895
:100A300003E00498FDF7A8FFFFE706B080BD0000C3
:100A400080B582B001900198806B009000990120E0
:100A500008670098C06E012807D1FFE70098B0F83A
:100A60005C104908FCF794F803E00098FDF790FF4C
:100A7000FFE702B080BD000080B584B0039003980A
:100A8000806B02900398C069B0F5807F2BD0FFE7A0
:100A900002990020A1F85600FFE7FFE702980068DE
:100AA00050E8020F20F080000190FFE701990298C2
:100AB000026842E802100028F0D1FFE7FFE7FFE7F5
:100AC000FFE70298006850E8000F40F040000090F7
:100AD000FFE700990298026842E800100028F0D170
:100AE000FFE7FFE703E00298FEF70EF9FFE704B027
:100AF00080BD00000000000080B582B00190019828
:100B0000806B00900098FEF703F902B080BD0000F2
:100B100084B00390FFE7FFE70398006850E8000FF8
:100B200020F490700290FFE702990398026842E86F
:100B300000100028F0D1FFE7FFE7FFE7FFE7039889
:100B4000006850E8020F4FF6FE71CEF6FF710840C4
:100B50000190FFE701990398026842E8021000281B
:100B6000EDD1FFE7FFE70398C06E012814D1FFE73E
:100B7000FFE7FFE70398006850E8000F20F010003F
:100B80000090FFE700990398026842E800100028EF
:100B9000F0D1FFE7FFE7FFE703992020C1F88C00C1
:100BA00003990020C8660399486704B070470000A5
:100BB00080B582B00190FFE7FFE70198006850E838
:100BC000000F20F040000090FFE7009901980268B4
:100BD00042E800100028F0D1FFE7FFE7019920204C
:100BE000C1F888000199002088670198FEF78CF809
:100BF00002B080BD0000000083B00290FFE7FFE775
:100C00000298006850E8000F20F0C0000190FFE754
:100C100001990298026842E800100028F0D1FFE72D
:100C2000FFE7FFE7FFE70298006850E8020F20F4B3
:100C300000000090FFE700990298026842E8021065
:100C40000028F0D1FFE7FFE702992020C1F88800D3
:100C500003B070470000000080B588B00790079887
:100C6000B0F86000ADF816000798D0F88C00222884
:100C700040F0AB80FFE707980068406AADF81400C9
:100C80000798806D0690BDF81400BDF81610084056
:100C9000069908800799886D023088650799B1F830
:100CA0005E000138A1F85E000798B0F85E000028E9
:100CB00040F08A80FFE7FFE7FFE70798006850E809
:100CC000000F20F490700490FFE7049907980268E1
:100CD00042E800100028F0D1FFE7FFE7FFE7FFE759
:100CE0000798006850E8020F20F001000390FFE72A
:100CF00003990798026842E802100028F0D1FFE744
:100D0000FFE707992020C1F88C0007990020486769
:100D1000079908670798006840F60041C5F600018A
:100D200088421CD0FFE7079800684068000200284E
:100D300014D5FFE7FFE7FFE70798006850E8000FCA
:100D400020F080600290FFE702990798026842E86D
:100D500000100028F0D1FFE7FFE7FFE7FFE7079863
:100D6000C06E01282BD1FFE707990020C866FFE776
:100D7000FFE70798006850E8000F20F0100001908E
:100D8000FFE701990798026842E800100028F0D1B7
:100D9000FFE7FFE707980068C06900F01001012035
:100DA000B0EB111F05D1FFE707980168102008621A
:100DB000FFE70798B0F85C10FBF7EAFE03E007983E
:100DC000FDF7E2FDFFE7FFE706E0079801688869A5
:100DD00040F008008861FFE708B080BD0000000017
:100DE00080B58EB00D900D98B0F86000ADF82E0073
:100DF0000D980068C06909900D9800680068089017
:100E00000D980068806807900D98D0F88C00222813
:100E100040F06181FFE70D98B0F86800ADF82A0056
:100E2000FFE7BDF82A100020009031B1FFE79DF8E0
:100E30002400C0F340100090FFE70098C00700288E
:100E400000F00A81FFE70D980068406AADF82C00B9
:100E50000D98806D0C90BDF82C00BDF82E10084048
:100E60000C9908800D99886D023088650D99B1F84C
:100E70005E000138A1F85E000D980068C069099015
:100E80009DF824004007002852D0FFE79DF8240079
:100E9000C00788B1FFE79DF82100C00760B1FFE7F8
:100EA0000D980168012008620D99D1F8900040F07A
:100EB0000100C1F89000FFE79DF82400800700289A
:100EC00011D5FFE79DF81C00C00760B1FFE70D9842
:100ED0000168022008620D99D1F8900040F00400EA
:100EE000C1F89000FFE79DF824004007002811D5C5
:100EF000FFE79DF81C00C00760B1FFE70D9801688F
:100F0000042008620D99D1F8900040F00200C1F869
:100F10009000FFE70D98D0F8900040B1FFE70D98E2
:100F2000FCF7EEFA0D990020C1F89000FFE7FFE70B
:100F30000D98B0F85E00002840F08D80FFE7FFE7D5
:100F4000FFE70D98006850E8000F20F480700690CD
:100F5000FFE706990D98026842E800100028F0D1DA
:100F6000FFE7FFE7FFE7FFE70D98006850E8020F93
:100F70004FF6FE71CEF6FF7108400590FFE7059928
:100F80000D98026842E802100028EDD1FFE7FFE764
:100F90000D992020C1F88C000D99002048670D990B
:100FA00008670D98006840F60041C5F600018842C8
:100FB0001CD0FFE70D98006840680002002814D597
:100FC000FFE7FFE7FFE70D98006850E8000F20F00B
:100FD00080600490FFE704990D98026842E80010D1
:100FE0000028F0D1FFE7FFE7FFE7FFE70D98C06EAD
:100FF00001282BD1FFE70D990020C866FFE7FFE726
:101000000D98006850E8000F20F010000390FFE7F3
:1010100003990D98026842E800100028F0D1FFE71C
:10102000FFE70D980068C06900F010010120B0EBE7
:10103000111F05D1FFE70D98016810200862FFE736
:101040000D98B0F85C10FBF7A3FD03E00D98FDF7D9
:101050009BFCFFE700E0E4E60D98B0F85E00ADF819
:101060002800BDF82800A8B3FFE7BDF828000D99B7
:10107000B1F8681088422DDAFFE7FFE7FFE70D9827
:10108000006850E8020F20F080500290FFE70299BC
:101090000D98026842E802100028F0D1FFE7FFE750
:1010A0000D9940F65940C0F601004867FFE7FFE799
:1010B0000D98006850E8000F40F020000190FFE715
:1010C00001990D98026842E800100028F0D1FFE76E
:1010D000FFE7FFE706E00D980168886940F0080027
:1010E0008861FFE70EB080BD80B586B00590059899
:1010F000B0F86000ADF812000598D0F88C002228F6
:1011000040F0A980FFE705980068406AADF810003C
:10111000BDF810009DF8121008400599896D0870FF
:101120000599886D013088650599B1F85E00013830
:10113000A1F85E000598B0F85E00002840F08A80B3
:10114000FFE7FFE7FFE70598006850E8000F20F48D
:1011500090700390FFE703990598026842E8001039
:101160000028F0D1FFE7FFE7FFE7FFE705980068F9
:1011700050E8020F20F001000290FFE70299059865
:10118000026842E802100028F0D1FFE7FFE7059966
:101190002020C1F88C000599002048670599086750
:1011A0000598006840F60041C5F6000188421CD051
:1011B000FFE70598006840680002002814D5FFE7A3
:1011C000FFE7FFE70598006850E8000F20F0806017
:1011D0000190FFE701990598026842E80010002895
:1011E000F0D1FFE7FFE7FFE7FFE70598C06E0128B2
:1011F0002BD1FFE705990020C866FFE7FFE70598B8
:10120000006850E8000F20F010000090FFE7009900
:101210000598026842E800100028F0D1FFE7FFE7D8
:1012200005980068C06900F010010120B0EB111FA3
:1012300005D1FFE70598016810200862FFE70598CF
:10124000B0F85C10FBF7A4FC03E00598FDF79CFBED
:10125000FFE7FFE706E005980168886940F00800AD
:101260008861FFE706B080BD80B58EB00D900D9807
:10127000B0F86000ADF832000D980068C0690A90BF
:101280000D980068006809900D98006880680890C3
:101290000D98D0F88C00222840F05F81FFE70D9870
:1012A000B0F86800ADF82E00FFE7BDF82E10002062
:1012B000019031B1FFE79DF82800C0F34010019084
:1012C000FFE70198C007002800F00881FFE70D98AC
:1012D0000068406AADF83000BDF830009DF832106B
:1012E00008400D99896D08700D99886D01308865E9
:1012F0000D99B1F85E000138A1F85E000D98006804
:10130000C0690A909DF828004007002852D0FFE7E6
:101310009DF82800C00788B1FFE79DF82500C007A9
:1013200060B1FFE70D980168012008620D99D1F8BE
:10133000900040F00100C1F89000FFE79DF8280000
:101340008007002811D5FFE79DF82000C00760B195
:10135000FFE70D980168022008620D99D1F890000E
:1013600040F00400C1F89000FFE79DF82800400716
:10137000002811D5FFE79DF82000C00760B1FFE706
:101380000D980168042008620D99D1F8900040F092
:101390000200C1F89000FFE70D98D0F8900040B12E
:1013A000FFE70D98FCF7ACF80D990020C1F890000C
:1013B000FFE7FFE70D98B0F85E00002840F08D8051
:1013C000FFE7FFE7FFE70D98006850E8000F20F403
:1013D00080700790FFE707990D98026842E80010B7
:1013E0000028F0D1FFE7FFE7FFE7FFE70D9800686F
:1013F00050E8020F4FF6FE71CEF6FF7108400690DE
:10140000FFE706990D98026842E802100028EDD126
:10141000FFE7FFE70D992020C1F88C000D9900200F
:1014200048670D9908670D98006840F60041C5F6B9
:10143000000188421CD0FFE70D9800684068000258
:10144000002814D5FFE7FFE7FFE70D98006850E894
:10145000000F20F080600590FFE705990D98026865
:1014600042E800100028F0D1FFE7FFE7FFE7FFE7C1
:101470000D98C06E01282BD1FFE70D990020C8669A
:10148000FFE7FFE70D98006850E8000F20F010001C
:101490000490FFE704990D98026842E800100028C4
:1014A000F0D1FFE7FFE70D980068C06900F0100178
:1014B0000120B0EB111F05D1FFE70D980168102046
:1014C0000862FFE70D98B0F85C10FBF761FB03E0E2
:1014D0000D98FDF759FAFFE700E0E6E60D98B0F841
:1014E0005E00ADF82C00BDF82C00A8B3FFE7BDF8F6
:1014F0002C000D99B1F8681088422DDAFFE7FFE75C
:10150000FFE70D98006850E8020F20F0805003902C
:10151000FFE703990D98026842E802100028F0D115
:10152000FFE7FFE70D9941F2E900C0F601004867C7
:10153000FFE7FFE70D98006850E8000F40F020003B
:101540000290FFE702990D98026842E80010002817
:10155000F0D1FFE7FFE7FFE706E00D980168886933
:1015600040F008008861FFE70EB080BD0000000079
:1015700080B59EB01D9000208DF867001D98006812
:1015800040F60041C5F60001884201D1FFE700E0C6
:10159000FFE71D9988680B694A69C96918431043B8
:1015A00008431C901D980068006846F6F311CCF6BD
:1015B000FF7108401C9908431D99096808601D982F
:1015C0000068406820F440501D9A1168D2681043AA
:1015D00048601D9880691C901D98006840F6004185
:1015E000C5F60001884206D0FFE71D98016A1C98E5
:1015F00008431C90FFE71D98006880684FF2FF4188
:10160000C1F2FF1108401C9908431D9909688860C0
:101610001D980068C06A20F00F001D9A1168526A78
:101620001043C862FFE71D98006841F20001C4F250
:101630000101884240F04180FFE744F25440C5F682
:101640000200006800F038000146109128282FD8C9
:101650001099DFE801F0152D2D2D2D2D2D2D192D93
:101660002D2D2D2D2D2D1D2D2D2D2D2D2D2D212DC6
:101670002D2D2D2D2D2D252D2D2D2D2D2D2D2900D3
:1016800001208DF86D0017E004208DF86D0013E047
:1016900008208DF86D000FE010208DF86D000BE034
:1016A00020208DF86D0007E040208DF86D0003E0EC
:1016B00080208DF86D00FFE76CE21D98006844F211
:1016C0000041C4F2000188422ED1FFE744F25440A9
:1016D000C5F60200006800F0070001460F910528DA
:1016E0001DD80F99DFE801F003070B0F1317002037
:1016F0008DF86D0017E004208DF86D0013E00820D0
:101700008DF86D000FE010208DF86D000BE02020AB
:101710008DF86D0007E040208DF86D0003E080201B
:101720008DF86D00FFE734E21D98006844F6000173
:10173000C4F2000188422ED1FFE744F25440C5F6BE
:101740000200006800F0070001460E9105281DD830
:101750000E99DFE801F003070B0F131700208DF837
:101760006D0017E004208DF86D0013E008208DF85F
:101770006D000FE010208DF86D000BE020208DF83B
:101780006D0007E040208DF86D0003E080208DF8AB
:101790006D00FFE7FCE11D98006844F60041C4F2CB
:1017A000000188422ED1FFE744F25440C5F6020002
:1017B000006800F0070001460D9105281DD80D991D
:1017C000DFE801F003070B0F131700208DF86D0001
:1017D00017E004208DF86D0013E008208DF86D00EF
:1017E0000FE010208DF86D000BE020208DF86D00CB
:1017F00007E040208DF86D0003E080208DF86D003B
:10180000FFE7C4E11D98006845F20001C4F2000141
:1018100088422ED1FFE744F25440C5F6020000682A
:1018200000F0070001460C9105281DD80C99DFE84F
:1018300001F003070B0F131700208DF86D0017E060
:1018400004208DF86D0013E008208DF86D000FE086
:1018500010208DF86D000BE020208DF86D0007E062
:1018600040208DF86D0003E080208DF86D00FFE7CB
:101870008CE11D98006841F20041C4F201018842E8
:1018800040F04180FFE744F25440C5F60200006892
:1018900000F0380001460B9128282FD80B99DFE87B
:1018A00001F0152D2D2D2D2D2D2D192D2D2D2D2DFD
:1018B0002D2D1D2D2D2D2D2D2D2D212D2D2D2D2D74
:1018C0002D2D252D2D2D2D2D2D2D290001208DF88F
:1018D0006D0017E004208DF86D0013E008208DF8EE
:1018E0006D000FE010208DF86D000BE020208DF8CA
:1018F0006D0007E040208DF86D0003E080208DF83A
:101900006D00FFE741E11D98006847F60001C4F251
:10191000000188422ED1FFE744F25440C5F6020090
:10192000006800F0070001460A9105281DD80A99B1
:10193000DFE801F003070B0F131700208DF86D008F
:1019400017E004208DF86D0013E008208DF86D007D
:101950000FE010208DF86D000BE020208DF86D0059
:1019600007E040208DF86D0003E080208DF86D00C9
:10197000FFE709E11D98006847F60041C4F2000145
:1019800088422ED1FFE744F25440C5F602000068B9
:1019900000F007000146099105281DD80999DFE8E4
:1019A00001F003070B0F131700208DF86D0017E0EF
:1019B00004208DF86D0013E008208DF86D000FE015
:1019C00010208DF86D000BE020208DF86D0007E0F1
:1019D00040208DF86D0003E080208DF86D00FFE75A
:1019E000D1E01D98006841F60001C4F2010188426F
:1019F00040F04180FFE744F25440C5F60200006821
:101A000000F038000146089128282FD80899DFE80F
:101A100001F0152D2D2D2D2D2D2D192D2D2D2D2D8B
:101A20002D2D1D2D2D2D2D2D2D2D212D2D2D2D2D02
:101A30002D2D252D2D2D2D2D2D2D290001208DF81D
:101A40006D0017E004208DF86D0013E008208DF87C
:101A50006D000FE010208DF86D000BE020208DF858
:101A60006D0007E040208DF86D0003E080208DF8C8
:101A70006D00FFE786E01D98006841F60041C4F262
:101A80000101884240F04180FFE744F25440C5F62E
:101A90000200006800F038000146079128282FD87E
:101AA0000799DFE801F0152D2D2D2D2D2D2D192D48
:101AB0002D2D2D2D2D2D1D2D2D2D2D2D2D2D212D72
:101AC0002D2D2D2D2D2D252D2D2D2D2D2D2D29007F
:101AD00001208DF86D0017E004208DF86D0013E0F3
:101AE00008208DF86D000FE010208DF86D000BE0E0
:101AF00020208DF86D0007E040208DF86D0003E098
:101B000080208DF86D00FFE73BE01D98006840F6EF
:101B10000041C5F6000188422ED1FFE744F258404B
:101B2000C5F60200006800F007000146069105288E
:101B30001DD80699DFE801F003070B0F13170220E9
:101B40008DF86D0017E004208DF86D0013E008207B
:101B50008DF86D000FE010208DF86D000BE0202057
:101B60008DF86D0007E040208DF86D0003E08020C7
:101B70008DF86D00FFE703E080208DF86D00FFE732
:101B8000FFE7FFE7FFE7FFE7FFE7FFE7FFE7FFE725
:101B9000FFE7FFE7FFE71D98006840F60041C5F644
:101BA0000001884240F0B480FFE79DF86D000146D7
:101BB0000591022814D0FFE70598042814D0FFE708
:101BC0000598082816D0FFE70598102818D0FFE7D9
:101BD0000598202835D0FFE70598402837D03AE00F
:101BE000F6F7E2FD11903CE015A8F6F7F1FD169826
:101BF000119036E012A8F6F743FF1398119030E0E9
:101C000044F20040C5F60200006800F02001002008
:101C1000B0EB511F0ED0FFE744F20040C5F60200C2
:101C20000068C0F3C10149F20000C0F2D030C840E2
:101C3000119005E049F20000C0F2D0301190FFE7AA
:101C40000FE040F60010C0F23D00119009E04FF4A3
:101C50000040119005E00020119001208DF86700F0
:101C6000FFE71198002852D0FFE711981D994A6AA2
:101C700047F6C421C0F6020131F81210B0FBF1F0B2
:101C8000189018981D99496801EB4101884207D3C3
:101C9000FFE718981D994968B0EB013F04D9FFE7A9
:101CA00001208DF8670031E011981D994A68039270
:101CB0004A6A47F6C421C0F6020131F81220002317
:101CC00004931946EEF726FB039A049B090241EAA6
:101CD0001061000210EB520041F10001EEF71AFB17
:101CE0001A901A98B0F5407F0BD3FFE71A9900209D
:101CF000B0EB115F05D1FFE71A981D990968C8601C
:101D000003E001208DF86700FFE7FFE7FFE746E10A
:101D10001D98C069B0F5004F40F0A880FFE79DF81E
:101D20006D0001460291402800F263800299DFE8CD
:101D300001F021256060296060602F606060606054
:101D400060603560606060606060606060606060BE
:101D5000606056606060606060606060606060608D
:101D60006060606060606060606060606060606073
:101D700060605C00F8F790FA119040E0F8F7A0FA84
:101D800011903CE015A8F6F723FD1698119036E067
:101D900012A8F6F775FE1398119030E044F2004057
:101DA000C5F60200006800F020010020B0EB511FD2
:101DB0000ED0FFE744F20040C5F602000068C0F311
:101DC000C10149F20000C0F2D030C840119005E0D6
:101DD00049F20000C0F2D0301190FFE70FE040F66A
:101DE0000010C0F23D00119009E04FF40040119046
:101DF00005E00020119001208DF86700FFE71198A1
:101E000098B3FFE711981D9A5168536A47F6C422A8
:101E1000C0F6020232F81320B0FBF2F0400000EBF3
:101E20005100B0FBF1F01A901A98102818D3FFE770
:101E3000BDF86A00A0B9FFE71A9820F00F00ADF8CE
:101E40006E001A9800F00E01BDF86E0040EA5100D5
:101E5000ADF86E00BDF86E001D990968C86003E01A
:101E600001208DF86700FFE7FFE797E09DF86D0020
:101E700001460191402800F263800199DFE801F0FA
:101E800021256060296060602F6060606060606034
:101E9000356060606060606060606060606060606D
:101EA000566060606060606060606060606060603C
:101EB0006060606060606060606060606060606022
:101EC0005C00F8F7E9F9119040E0F8F7F9F91190A2
:101ED0003CE015A8F6F77CFC1698119036E012A8A5
:101EE000F6F7CEFD1398119030E044F20040C5F6AD
:101EF0000200006800F020010020B0EB511F0ED05E
:101F0000FFE744F20040C5F602000068C0F3C101DB
:101F100049F20000C0F2D030C840119005E049F20B
:101F20000000C0F2D0301190FFE70FE040F6001043
:101F3000C0F23D00119009E04FF40040119005E01F
:101F40000020119001208DF86700FFE7119820B361
:101F5000FFE711981D9A5168536A47F6C422C0F6EC
:101F6000020232F81320B0FBF2F000EB5100B0FB9C
:101F7000F1F01A901A9810280AD3FFE7BDF86A000A
:101F800030B9FFE7BDF868001D990968C86003E033
:101F900001208DF86700FFE7FFE7FFE7FFE71D99E6
:101FA0000120A1F86A001D99A1F868001D99002080
:101FB00048671D9988679DF867001EB080BD0000C6
:101FC00080B588B006900591ADF812200598069965
:101FD0008865BDF812000699A1F85C0006990020FA
:101FE000C1F8900006992220C1F88C000698D0F81C
:101FF0008000B0B3FFE70698D0F8801040F6491093
:10200000C0F60100C8630698D0F8801040F6412061
:10201000C0F6010008640698D0F8801040F6C900A8
:10202000C0F60100C8640698D0F88010002008654A
:1020300006980168826DD0F880002431BDF8123016
:10204000F3F7FAFA60B1FFE706991020C1F89000A3
:1020500006992020C1F88C0001208DF81F0042E075
:10206000FFE706980069A0B1FFE7FFE7FFE70698E2
:10207000006850E8000F40F480700390FFE7039978
:102080000698026842E800100028F0D1FFE7FFE759
:10209000FFE7FFE7FFE70698006850E8020F40F00F
:1020A00001000290FFE702990698026842E80210D8
:1020B0000028F0D1FFE7FFE7FFE7FFE70698006899
:1020C00050E8020F40F040000190FFE701990698A8
:1020D000026842E802100028F0D1FFE7FFE7002085
:1020E0008DF81F00FFE79DF81F0008B080BD0000BD
:1020F00088B007900691ADF8162006980799886574
:10210000BDF816000799A1F85C00BDF81600079904
:10211000A1F85E00079900204867FFE707988068EC
:10212000B0F5805F10D1FFE70798006930B9FFE78D
:10213000079940F2FF10A1F8600004E00799FF2022
:10214000A1F86000FFE72EE00798806878B9FFE704
:102150000798006928B9FFE70799FF20A1F86000F8
:1021600004E007997F20A1F86000FFE71AE00798D4
:102170008068B0F1805F0FD1FFE70798006928B948
:10218000FFE707997F20A1F8600004E007993F204E
:10219000A1F86000FFE704E007990020A1F86000C3
:1021A000FFE7FFE7FFE7FFE707990020C1F890008E
:1021B00007992220C1F88C00FFE7FFE70798006825
:1021C00050E8020F40F001000490FFE704990798DF
:1021D000026842E802100028F0D1FFE7FFE7079805
:1021E000406EB0F1005F4CD1FFE7BDF816000799D3
:1021F000B1F86810884244DBFFE707988068B0F5C3
:10220000805F0BD1FFE70798006938B9FFE70799AE
:1022100040F6E150C0F60100486706E0079941F238
:102220006920C0F601004867FFE707980069A0B180
:10223000FFE7FFE7FFE70798006850E8000F40F46A
:1022400080700390FFE703990798026842E8001046
:102250000028F0D1FFE7FFE7FFE7FFE7FFE7079878
:10226000006850E8020F40F080500290FFE70299AA
:102270000798026842E802100028F0D1FFE7FFE764
:1022800044E007988068B0F5805F0BD1FFE70798BE
:10229000006938B9FFE7079940F65940C0F60100D8
:1022A000486706E0079941F2E900C0F60100486777
:1022B000FFE707980069A0B1FFE7FFE7FFE707988E
:1022C000006850E8000F40F490700190FFE701991A
:1022D0000798026842E800100028F0D1FFE7FFE706
:1022E00013E0FFE7FFE70798006850E8000F40F0B1
:1022F00020000090FFE700990798026842E800106C
:102300000028F0D1FFE7FFE7FFE7FFE7002008B074
:10231000704700000000000084B003900398D0F8DC
:102320008800212842D1FFE70398B0F8560038BB57
:10233000FFE7FFE7FFE70398006850E8000F20F091
:1023400080000190FFE701990398026842E80010BD
:102350000028F0D1FFE7FFE7FFE7FFE703980068F9
:1023600050E8000F40F040000090FFE7009903980C
:10237000026842E800100028F0D1FFE7FFE714E010
:102380000398006D0290029800886FF35F20039914
:10239000096888620399086D023008650399B1F8ED
:1023A00056000138A1F85600FFE7FFE704B0704778
:1023B00085B004900498D0F8880021285DD1FFE70B
:1023C0000498B0F86A00ADF80A00FFE7BDF80A000B
:1023D000002851D0FFE70498B0F8560038BBFFE75B
:1023E000FFE7FFE70498006850E8020F20F40000C0
:1023F0000190FFE701990498026842E80210002862
:10240000F0D1FFE7FFE7FFE7FFE70498006850E837
:10241000000F40F040000090FFE700990498026828
:1024200042E800100028F0D1FFE7FFE724E004981D
:102430000068C0690006002815D5FFE70498006D04
:102440000390039800886FF35F20049909688862FD
:102450000499086D023008650499B1F856000138F6
:10246000A1F8560000E0FFE7FFE7FFE7BDF80A002C
:102470000138ADF80A00A9E7FFE705B07047000092
:1024800083B002900298D0F8880021283DD1FFE760
:102490000298B0F8560038BBFFE7FFE7FFE7029865
:1024A000006850E8000F20F080000190FFE70199DC
:1024B0000298026842E800100028F0D1FFE7FFE729
:1024C000FFE7FFE70298006850E8000F40F0400087
:1024D0000090FFE700990298026842E80010002887
:1024E000F0D1FFE7FFE70FE002980168006D007888
:1024F00088620299086D013008650299B1F85600AA
:102500000138A1F85600FFE7FFE703B0704700006D
:1025100084B003900398D0F88800212858D1FFE7B1
:102520000398B0F86A00ADF80A00FFE7BDF80A00AA
:1025300000284CD0FFE70398B0F8560038BBFFE7FF
:10254000FFE7FFE70398006850E8020F20F400005F
:102550000190FFE701990398026842E80210002801
:10256000F0D1FFE7FFE7FFE7FFE70398006850E8D7
:10257000000F40F040000090FFE7009903980268C8
:1025800042E800100028F0D1FFE7FFE71FE00398C2
:102590000068C0690006002810D5FFE703980168AD
:1025A000006D007888620399086D01300865039911
:1025B000B1F856000138A1F8560000E0FFE7FFE748
:1025C000FFE7BDF80A000138ADF80A00AEE7FFE703
:1025D00004B070470000000080B586B0DDF820C070
:1025E000049003918DF80B200193FFE70498006895
:1025F000C06903990840401AB0FA80F040099DF87C
:102600000B10884266D1FFE708980130002860D09F
:10261000FFE7F5F735F80199401A0899884203D881
:10262000FFE7089820B9FFE703208DF8170055E071
:102630000498006800684007002849D5FFE7039820
:10264000802845D0FFE70398402841D0FFE7049851
:102650000068C06900F008010120B0EBD10F16D16D
:10266000FFE7049801680820009008620498FEF7CC
:102670004FFA00980499C1F89000FFE704990020F0
:1026800081F88400FFE701208DF8170026E0049808
:102690000068C06900F400610120B0EBD12F16D1B1
:1026A000FFE7049801684FF4006008620498FEF7A1
:1026B0002FFA04992020C1F89000FFE70499002028
:1026C00081F88400FFE703208DF8170006E0FFE79C
:1026D000FFE78BE700208DF81700FFE79DF8170054
:1026E00006B080BD0000000080B541F6C030C2F2E7
:1026F0000040FAF7E9FF80BD80B541F62C30C2F208
:102700000040FAF7E1FF80BD80B541F65440C2F2C7
:102710000040FAF7D9FF80BD80B541F6E840C2F22B
:102720000040FAF7D1FF80BD80B582B001908DF8EE
:10273000031000208DF802000198D0F8B8124A6802
:102740009DF80310904720B1FFE703208DF80200A9
:10275000FFE79DF8020002B080BD0000000000000D
:1027600080B582B001900091019890F89C020138E8
:1027700002280ED8FFE700984088012808D1FFE71B
:1027800001990020C1F8A402019800F079F8FFE750
:1027900004E00198009900F033F8FFE702B080BD33
:1027A00082B001908DF80310002002B07047000045
:1027B00082B001908DF80310002002B07047000035
:1027C00080B584B00390029101920398029A019B14
:1027D0000021009100F040FD009804B080BD000091
:1027E00080B584B00390029101920398029A019BF4
:1027F0000021009100F088FE009804B080BD000028
:1028000080B582B0019000910198802100F044FED3
:102810000198002100F040FE02B080BD00000000E1
:1028200080B582B0019001990520C1F89402019809
:102830000023009319461A4600F00EFD009802B0DE
:1028400080BD00000000000080B584B003900291BC
:10285000019203990220C1F89402019803998861BA
:1028600001980399C8610398029A019B0021009185
:1028700000F04AFE009804B080BD00000000000097
:1028800080B582B0019001990420C1F894020198AA
:102890000023009319461A4600F036FE009802B055
:1028A00080BD00000000000080B584B0039002915C
:1028B0000298C088012805D0FFE703980299FFF726
:1028C0009FFF21E0039890F89C12481E0191022876
:1028D00004D3FFE7019803280AD00FE003990020F2
:1028E0008860039800F108010122FFF7ADFF0AE0BC
:1028F0000398011D0122FFF7A7FF04E00398029946
:10290000FFF77EFFFFE7FFE704B080BD0000000097
:1029100080B588B0079006910020ADF816000490AD
:102920008DF80F000698C0780138014602910E28F4
:1029300000F241810299DFE811F02A0034005100D1
:102940003E013E010B0123013E013E013E013E01DD
:102950003E013E013E010F000798D0F8B402C06965
:1029600050B1FFE70798D0F8B412CA69007C0DF1A6
:1029700016019047049009E007980699FFF740FF79
:102980009DF80F0001308DF80F00FFE71DE107985B
:10299000D0F8B4120A68007C0DF11601904704903B
:1029A00013E10798007C60B9FFE70798D0F8B802F8
:1029B000816A0DF11600884704900499022048703E
:1029C0000BE00798D0F8B802C16A0DF116008847ED
:1029D0000490049902204870FFE7F6E0069880789A
:1029E00001460191052800F2A8800199DFE801F075
:1029F000031E39546F8A0798D0F8B402406850B16A
:102A0000FFE70798D0F8B4124A68007C0DF1160170
:102A10009047049009E007980699FFF7F1FE9DF8AA
:102A20000F0001308DF80F00FFE790E00798D0F815
:102A3000B402806850B1FFE70798D0F8B4128A68F2
:102A4000007C0DF116019047049009E00798069963
:102A5000FFF7D6FE9DF80F0001308DF80F00FFE75D
:102A600075E00798D0F8B402C06850B1FFE7079846
:102A7000D0F8B412CA68007C0DF11601904704909A
:102A800009E007980699FFF7BBFE9DF80F0001309B
:102A90008DF80F00FFE75AE00798D0F8B4020069FC
:102AA00050B1FFE70798D0F8B4120A69007C0DF125
:102AB00016019047049009E007980699FFF7A0FED9
:102AC0009DF80F0001308DF80F00FFE73FE00798F9
:102AD000D0F8B402406950B1FFE70798D0F8B412BB
:102AE0004A69007C0DF116019047049009E00798AF
:102AF0000699FFF785FE9DF80F0001308DF80F0055
:102B0000FFE724E00798D0F8B402806950B1FFE7EE
:102B10000798D0F8B4128A69007C0DF1160190472D
:102B2000049009E007980699FFF76AFE9DF80F00E8
:102B300001308DF80F00FFE709E007980699FFF7CD
:102B40005FFE9DF80F0001308DF80F00FFE73CE0BD
:102B50000798007C48B9FFE70798D0F8B802416BA6
:102B60000DF116008847049009E007980699FFF7D1
:102B700047FE9DF80F0001308DF80F00FFE724E0BD
:102B80000798007C60B9FFE70798D0F8B802016B9E
:102B90000DF116008847049004990720487009E059
:102BA00007980699FFF72CFE9DF80F0001308DF86D
:102BB0000F00FFE709E007980699FFF721FE9DF84F
:102BC0000F0001308DF80F00FFE79DF80F0008B1EE
:102BD000FFE72AE00698C08818B3FFE7BDF81600A3
:102BE000C8B1FFE7BDF816000699C988884204DA23
:102BF000FFE7BDF81600009003E00698C08800903B
:102C0000FFE70098ADF8160007980499BDF8162064
:102C1000FFF71AFE04E007980699FFF7F1FDFFE7BA
:102C200003E00798FFF72CFEFFE708B080BD000027
:102C300080B582B001900091019890F89C02013813
:102C400002281FD8FFE70098C088022805D0FFE7B8
:102C500001980099FFF7D4FD19E001990120C8609F
:102C60000198D0F8A40230B1FFE70199C86840F09C
:102C70000200C860FFE7019800F10C010222FFF793
:102C8000E3FD04E001980099FFF7BAFDFFE702B009
:102C900080BD00000000000082B08DF80700002019
:102CA0008DF806009DF8070001460091032814D80E
:102CB0000099DFE801F002060A0E00208DF80600F8
:102CC0000FE003208DF806000BE001208DF80600D0
:102CD00007E003208DF8060003E003208DF80600CE
:102CE000FFE79DF8060002B07047000000000000FA
:102CF00080B582B001908DF8031000208DF802009D
:102D00008DF801000198D0F8C8029DF80310F4F77F
:102D100033FE8DF802009DF80200FFF7BDFF8DF82D
:102D200001009DF8010002B080BD0000000000001D
:102D300080B588B006908DF8171004929DF81700A2
:102D4000002874D1FFE70698143003900698D0F855
:102D5000940202285DD1FFE703998868C968884218
:102D600012D9FFE703998868CA68801A88600698B4
:102D70000499039A9268FFF733FD069800231946D9
:102D80001A4600F069FA43E003988168C0688842F7
:102D90001ED1FFE703994868C968884218D3FFE746
:102DA000039840680699D1F89812884210D2FFE73C
:102DB0000698002201921146FFF712FD019B06982A
:102DC000C0F89832069819461A4600F045FA1EE0F7
:102DD000069890F89C02032811D1FFE70698D0F8D6
:102DE000B802C06850B1FFE706990020C1F8D402CC
:102DF0000698D0F8B812C9688847FFE7FFE7069839
:102E0000802100F049FB0698FFF70AFDFFE7FFE786
:102E1000FFE7069890F8A00240B1FFE7069800F09F
:102E2000CBFB0699002081F8A002FFE740E006985E
:102E30009DF8171041F08001FFF7B2FC8DF80A00F1
:102E40009DF80A00FF2832D0FFE79DF80A0070BB0A
:102E5000FFE7069890F89C02032827D1FFE7069821
:102E60009DF80A1000EB8100D0F8B8024069E0B18B
:102E7000FFE79DF80A000699C1F8D40206989DF86C
:102E80000A1000EB8101D1F8B8124A699DF81710B9
:102E900090478DF80B009DF80B0028B1FFE79DF8D7
:102EA0000B008DF81F0007E0FFE7FFE7FFE7FFE7F4
:102EB00000208DF81F00FFE79DF81F0008B080BDBF
:102EC00080B58AB008908DF81F10069200208DF80A
:102ED00013009DF81F00002840F08280FFE708984B
:102EE00000F5AA7005900898D0F89402032876D1CE
:102EF000FFE705998868C96888421DD9FFE70599E9
:102F00008868CA68801A88600898029006980390BA
:102F100005998868C968884204D2FFE705988068E7
:102F2000019003E00598C0680190FFE703990298BB
:102F3000019AFFF745FC51E0089890F8AA0200F0CA
:102F40001F000146009140B1FFE70098012808D01A
:102F5000FFE7009802280CD013E000208DF8120043
:102F600013E0089890F8AE12FFF722FC8DF81200DB
:102F70000BE0089890F8AE12FFF712FC8DF81200E3
:102F800003E000208DF81200FFE79DF8120008BB57
:102F9000FFE7089890F89C0203281AD1FFE70898E9
:102FA0009DF8121000EB8100D0F8B802006978B1EA
:102FB000FFE79DF812000899C1F8D40208989DF81F
:102FC000121000EB8101D1F8B81209698847FFE7B8
:102FD000FFE7FFE70898FFF753FCFFE7FFE740E054
:102FE00008989DF81F1001F07F01FFF7D9FB8DF8BD
:102FF00012009DF81200FF2832D0FFE79DF8120062
:1030000070BBFFE7089890F89C0203281ED1FFE7E9
:1030100008989DF8121000EB8100D0F8B802806982
:1030200098B1FFE79DF812000899C1F8D4020898FA
:103030009DF8121000EB8101D1F8B8128A699DF851
:103040001F1090478DF81300FFE7FFE79DF813006E
:1030500028B1FFE79DF813008DF8270005E0FFE792
:10306000FFE700208DF82700FFE79DF827000AB052
:1030700080BD00000000000081B00090002001B081
:10308000704700000000000080B582B00190002071
:103090008DF803000199012081F89C020198D0F875
:1030A000B80268B1FFE70198D0F8B8124A68017910
:1030B000904720B1FFE703208DF80300FFE7FFE70B
:1030C0009DF8030002B080BD84B002908DF8071017
:1030D0000298D0F8C80200909DF80700000600286A
:1030E0000DD5FFE700989DF8071001F07F0101EB77
:1030F000C10100EB8100807D8DF80F000DE000988C
:103100009DF8071001F07F0101EBC10100EB810088
:1031100090F856028DF80F00FFE79DF80F0004B0FD
:10312000704700000000000080B584B002908DF868
:1031300007100298D0F8D41200EB8100D0F8B80242
:1031400020B9FFE703208DF80F0020E0029890F8E7
:103150009C02032817D1FFE70298D0F8D41200EBA5
:103160008100D0F8B802006A60B1FFE70298D0F899
:10317000D41200EB8101D1F8B8120A6A9DF8071049
:103180009047FFE7FFE700208DF80F00FFE79DF86D
:103190000F0004B080BD000080B584B002908DF8AF
:1031A00007100298D0F8D41200EB8100D0F8B802D2
:1031B00020B9FFE703208DF80F0020E0029890F877
:1031C0009C02032817D1FFE70298D0F8D41200EB35
:1031D0008100D0F8B802406A60B1FFE70298D0F8E9
:1031E000D41200EB8101D1F8B8124A6A9DF8071099
:1031F0009047FFE7FFE700208DF80F00FFE79DF8FD
:103200000F0004B080BD000080B584B003908DF83D
:103210000B108DF80A20ADF8083000208DF807005B
:103220008DF806000398D0F8C8029DF80B10BDF881
:1032300008209DF80A30F4F703FC8DF807009DF88C
:103240000700FFF729FD8DF806009DF8060004B081
:1032500080BD00000000000080B586B005908DF8AC
:1032600013100392029300208DF807008DF80600DA
:103270000598D0F8C8029DF81310039A029BF4F742
:1032800057FC8DF807009DF80700FFF705FD8DF846
:1032900006009DF8060006B080BD0000000000009A
:1032A00080B586B0059000208DF81300059A0121A5
:1032B00082F89C120599C1F8940205994860059915
:1032C000C1F8A402059981F8A0020598D0F8B802C7
:1032D000A0B1FFE70598D0F8B802406868B1FFE7F1
:1032E0000598D0F8B8124A680179904720B1FFE7F5
:1032F00003208DF81300FFE7FFE7FFE705980022A2
:103300000192402303931146FFF77EFF019A039B2E
:10331000059901200290A1F864010598C0F8603178
:1033200005988021FFF770FF02990398059A918410
:10333000059908629DF8130006B080BD00000000EA
:1033400081B00090009890F89C02042807D1FFE714
:10335000009890F89D02009981F89C02FFE70020F8
:1033600001B070470000000080B582B00190019864
:1033700090F89C02032813D1FFE70198D0F8B80217
:1033800068B1FFE70198D0F8B802C06930B1FFE733
:103390000198D0F8B812C9698847FFE7FFE7FFE74F
:1033A000002002B080BD000082B001908DF80310B3
:1033B0009DF8030001990874002002B070470000D6
:1033C00080B582B001908DF8031000208DF80200C6
:1033D0008DF801000198D0F8C8029DF80310F5F7A8
:1033E00033F98DF802009DF80200FFF755FC8DF8C7
:1033F00001009DF8010002B080BD00000000000047
:1034000080B584B003900291039800F2AA2002993B
:1034100000F09EF803990120C1F894020399B1F8D5
:10342000B002C1F89802039890F8AA0200F01F00B9
:103430000146009140B1FFE7009801280CD0FFE75A
:103440000098022810D017E0039800F2AA2100F09B
:1034500007FA8DF8070019E0039800F2AA2100F09E
:103460003FFC8DF8070011E0039800F2AA2100F05C
:103470005FFA8DF8070009E0039890F8AA1201F0AE
:10348000800100F009F88DF80700FFE79DF80700BC
:1034900004B080BD0000000080B582B001908DF8BE
:1034A000031000208DF802008DF801000198D0F87B
:1034B000C8029DF80310F4F773FB8DF802009DF825
:1034C0000200FFF7E9FB8DF801009DF8010002B052
:1034D00080BD00000000000081B00090009890F8CE
:1034E0009C02042807D0FFE7009890F89C020099FE
:1034F00081F89D02FFE70099042081F89C020020DA
:1035000001B070470000000080B586B005908DF8CE
:1035100013100392029300208DF807008DF8060027
:103520000598D0F8C8029DF81310039A029BF4F78F
:10353000A7FB8DF807009DF80700FFF7ADFB8DF89E
:1035400006009DF8060006B080BD000000000000E7
:1035500080B584B0039002910298019001980078A0
:10356000039908700198013001900198007803993F
:1035700048700198013001900198FCF7C5FD03994E
:103580004880019801300190019801300190019824
:10359000FCF7BAFD039988800198013001900198E9
:1035A000013001900198FCF7AFFD0399C88004B089
:1035B00080BD00000000000081B00090002001B03C
:1035C000704700000000000080B584B003900291B5
:1035D00002988088B8BBFFE70298C08898BBFFE7D5
:1035E000029840887F282ED8FFE70298807800F064
:1035F0007F008DF80700039890F89C02032805D1FE
:10360000FFE703980299FFF7FBF81BE09DF807001E
:10361000039981F89E0203989DF80710FFF7D0FEEA
:103620000398FFF72DF99DF8070028B1FFE70399EC
:10363000022081F89C0204E00399012081F89C0299
:10364000FFE7FFE704E003980299FFF7D9F8FFE7E7
:1036500004B080BD0000000080B582B001908DF8FC
:10366000031000208DF802000198D0F8B80250B184
:10367000FFE70198D0F8B8120A689DF80310904748
:103680008DF80200FFE79DF8020002B080BD000047
:1036900080B586B00490039100208DF80B0003984C
:1036A000817840F2BD10C2F200400170007802281B
:1036B00008D3FFE704980399FFF7A2F803208DF8D9
:1036C0001700A0E0049890F89C020146019102289E
:1036D00004D0FFE7019803282FD07FE040F2BD100F
:1036E000C2F20040007818B3FFE740F2BD11C2F209
:1036F00000410878049A506004980978FFF7ACFFFD
:103700008DF80B009DF80B0048B1FFE70498039972
:10371000FFF776F80499022081F89C0207E00498EC
:10372000FFF7AEF80499032081F89C02FFE703E05D
:103730000498FFF7A5F8FFE760E040F2BD10C2F281
:103740000040007898B9FFE70499022081F89C02B4
:1037500040F2BD11C2F200410878049A506004980A
:103760000978FEF7E1FF0498FFF78AF835E040F2A8
:10377000BD10C2F20040007804994968884227D001
:10378000FFE704980179FEF7CFFF40F2BD11C2F2C6
:1037900000410878049A506004980978FFF75CFFAC
:1037A0008DF80B009DF80B0068B1FFE704980399B2
:1037B000FFF726F804980179FEF7B6FF0499022076
:1037C00081F89C0203E00498FFF75AF8FFE703E052
:1037D0000498FFF755F8FFE7FFE70FE00498039917
:1037E000FFF70EF8049840F2BD11C2F200410978CB
:1037F000FEF79AFF03208DF80B00FFE79DF80B0002
:103800008DF81700FFE79DF8170006B080BD000097
:1038100080B582B00190009100984088012808D1BD
:10382000FFE701990120C1F8A4020198FFF728F8E9
:1038300013E000984088022809D1FFE700984079FA
:10384000019981F8A0020198FFF71AF804E00198A5
:103850000099FEF7D5FFFFE7FFE702B080BD00004B
:1038600080B586B00590049100208DF80F00049873
:10387000007800F0600001460291A8B1FFE70298CD
:10388000202804D0FFE70298402846D1FFE705989A
:10389000D0F8D41200EB8101D1F8B8128A680499EB
:1038A00090478DF80F003DE0049840780146019163
:1038B00009282CD80199DFE801F01B252A202A0AC3
:1038C000052A160F05980499FFF722F824E00598B9
:1038D0000499FFF779FE1FE005980499FFF7D8FED9
:1038E0008DF80F0018E005980499FEF7DDFF13E04E
:1038F00005980499FFF79CF90EE005980499FFF7E5
:1039000087FF09E005980499FEF72AFF04E005986F
:103910000499FEF775FFFFE704E005980499FEF7A8
:103920006FFFFFE79DF80F0006B080BD00000000AC
:1039300080B58CB00B900A9100208DF821000A9878
:1039400080888DF823000A98007800F06000014616
:103950000791B8B3FFE70798202805D0FFE707983D
:10396000402840F0B281FFE70B989DF82310FEF746
:1039700017FF8DF822009DF82200FF2821D0FFE7D5
:103980009DF82200E8B9FFE79DF822000B99C1F8E5
:10399000D4020B989DF8221000EB8100D0F8B802F9
:1039A000806868B1FFE70B989DF8221000EB810159
:1039B000D1F8B8128A680A9990478DF82100FFE77C
:1039C000FFE787E10A98407801460691002800F059
:1039D000BD80FFE7069801284CD0FFE70698032832
:1039E00040F06D81FFE70B9890F89C02014605912D
:1039F000022804D0FFE70598032819D034E09DF889
:103A0000230078B1FFE79DF8230080280AD0FFE764
:103A10000B989DF82310FFF73FFD0B988021FFF7CF
:103A20003BFD04E00B980A99FEF7EAFEFFE720E071
:103A30000A984088A0B9FFE79DF8230078B1FFE716
:103A40009DF8230080280AD0FFE70A98C08830B983
:103A5000FFE70B989DF82310FFF71EFDFFE7FFE738
:103A60000B98FEF70DFF04E00B980A99FEF7C8FECD
:103A7000FFE729E10B9890F89C0201460491022887
:103A800004D0FFE70498032819D059E09DF82300DB
:103A900078B1FFE79DF8230080280AD0FFE70B9854
:103AA0009DF82310FFF7F8FC0B988021FFF7F4FC3A
:103AB00004E00B980A99FEF7A3FEFFE745E00A9899
:103AC0004088E0BBFFE79DF82300400630B1FFE7E8
:103AD0000B989DF82310FFF70BF9FFE70B98FEF703
:103AE000CFFE0B989DF82310FEF75AFE8DF82200AA
:103AF0009DF82200FF2821D0FFE79DF82200E8B9B9
:103B0000FFE79DF822000B99C1F8D4020B989DF8AD
:103B1000221000EB8100D0F8B802806868B1FFE79E
:103B20000B989DF8221000EB8101D1F8B8128A6839
:103B30000A9990478DF82100FFE7FFE7FFE704E0CF
:103B40000B980A99FEF75CFEFFE7BDE00B9890F832
:103B50009C0201460391022804D0FFE70398032842
:103B600038D0A6E09DF8230050B1FFE79DF8230070
:103B7000802805D0FFE70B980A99FEF741FE9DE0EB
:103B80009DF82300000600280CD5FFE70B989DF850
:103B9000231001F07F0101EB810100EB8100143063
:103BA00002900CE00B989DF8231001F07F0101EBCF
:103BB000810100EB810000F5AA700290FFE70298F6
:103BC00009900999002008600B9809990222FEF7D4
:103BD0003BFE73E09DF823000006002812D5FFE7A6
:103BE0000B989DF8231001F00F0101EB810100EB10
:103BF0008100808C28B9FFE70B980A99FEF700FE38
:103C00005CE012E00B989DF8231001F00F0101EB2E
:103C1000810100EB8100B0F8640128B9FFE70B983F
:103C20000A99FEF7EDFD49E0FFE79DF82300000645
:103C300000280CD5FFE70B989DF8231001F07F01B9
:103C400001EB810100EB8100143001900CE00B9836
:103C50009DF8231001F07F0101EB810100EB810051
:103C600000F5AA700190FFE7019809909DF82300E4
:103C700028B1FFE79DF82300802804D1FFE70999C8
:103C8000002008600FE00B989DF82310FFF71CFA46
:103C900020B1FFE709990120086003E0099900209D
:103CA0000860FFE7FFE70B9809990222FEF7CCFDB9
:103CB00004E00B980A99FEF7A3FDFFE704E00B98D8
:103CC0000A99FEF79DFDFFE704E00B980A99FEF7BD
:103CD00097FDFFE79DF821000CB080BD00000000BB
:103CE00080B584B00390029100208DF807000298FF
:103CF000007800F060000146009140B1FFE70098B5
:103D0000202804D0FFE7009840285AD1FFE7039805
:103D100090F89C02013802284DD8FFE702980079FC
:103D2000012842D8FFE7039802990979FEF740FD80
:103D30008DF806009DF80600FF2825D0FFE79DF8C6
:103D4000060008BBFFE703989DF8061000EB810012
:103D5000D0F8B802806890B1FFE79DF8060003999B
:103D6000C1F8D40203989DF8061000EB8101D1F848
:103D7000B8128A68029990478DF8070003E0032083
:103D80008DF80700FFE703E003208DF80700FFE749
:103D90000298C08840B9FFE79DF8070020B9FFE707
:103DA0000398FEF76DFDFFE704E003980299FEF724
:103DB00027FDFFE704E003980299FEF721FDFFE7E6
:103DC00004E003980299FEF71BFDFFE79DF807004A
:103DD00004B080BD0000000084B0039002910398FD
:103DE000019002980078009002984078012830D124
:103DF000FFE70298007800F00F01012000FA01F2BD
:103E00000199D1F81C081043C1F81C0801980099C9
:103E100000EB4110D0F800090004002818D4FFE797
:103E2000029988686FF3DF20097940EA8140009A9F
:103E300040EA8250019901EB4211D1F80029104368
:103E400048F20002C1F200021043C1F80009FFE786
:103E50002EE00298007800F00F01012000FA01F234
:103E60000199D1F81C0840EA0240C1F81C080198E9
:103E7000009900EB4110D0F8000B0004002816D484
:103E8000FFE7029988686FF3DF20097940EA8140F3
:103E90000199009A01EB4211D1F8002B104348F22E
:103EA0000002C1F200021043C1F8000BFFE7FFE778
:103EB000002004B07047000082B00190019800908B
:103EC0000099D1F8000940F2FF729043C1F800094F
:103ED0000099D1F8040840F48070C1F8040800206B
:103EE00002B070470000000086B004908DF80F10FB
:103EF0000292049801900498006C0090009843F29C
:103F00000B01C4F6547188420BD3FFE70198D0F837
:103F1000000BC00F20B1FFE700208DF817002EE046
:103F2000FFE701990020C1F8100B0199D1F8100B9F
:103F300040F40020C1F8100B0199D1F8100B40F0AB
:103F40001800C1F8100B0199D1F8100B40F0C040D7
:103F5000C1F8100B9DF80F0001280CD1FFE7029863
:103F60000199C1F8140B0199D1F8000B40F08020A1
:103F7000C1F8000BFFE700208DF81700FFE79DF860
:103F8000170006B07047000084B0039002910398B8
:103F9000019002980078009002984078012820D182
:103FA000FFE70198009900EB4111D1F8000920F4D6
:103FB0000010C1F8000902980079032805D0FFE736
:103FC0000298007902280BD1FFE70198009900EBD5
:103FD0004111D1F8000940F08050C1F80009FFE715
:103FE0001FE00198009900EB4111D1F8000B20F47B
:103FF0000010C1F8000B02980079032805D0FFE7F4
:104000000298007902280BD1FFE70198009900EB94
:104010004111D1F8000B40F08050C1F8000BFFE7D0
:10402000FFE7002004B0704784B00390029103982A
:10403000019002980078009002984078012822D1DF
:10404000FFE70198009900EB4110D0F80009C00F7C
:1040500070B9FFE7009858B1FFE70198009900EBAD
:104060004111D1F8000920F08040C1F80009FFE7B4
:104070000198009900EB4111D1F8000940F40010BB
:10408000C1F8000921E00198009900EB4110D0F837
:10409000000BC00F70B9FFE7009858B1FFE7019817
:1040A000009900EB4111D1F8000B20F08040C1F8DD
:1040B000000BFFE70198009900EB4111D1F8000BCC
:1040C00040F40010C1F8000BFFE7002004B0704777
:1040D00080B588B0079006918DF817200798049056
:1040E00006980078039006984078012840F02481D3
:1040F000FFE706980069F8B9FFE70498039900EB19
:104100004111D1F810096FF3DC40C1F8100904988F
:10411000039900EB4111D1F8100940F40020C1F8D7
:1041200010090498039900EB4111D1F810096FF3BD
:104130001200C1F8100971E00498039900EB4111D5
:10414000D1F810096FF31200C1F81009049803990F
:1041500000EB4111D1F810096FF3DC40C1F81009F0
:104160000398A8B9FFE7069881680069884204D9D6
:10417000FFE7069988680861FFE70498039900EB58
:104180004111D1F8100940F40020C1F8100937E0BE
:1041900006988168006908440138B0FBF1F0ADF879
:1041A0000A00BDF80A100020C1F6F87000EAC1420A
:1041B0000498039900EB4111D1F810091043C1F89C
:1041C000100906980079012819D1FFE7049803998E
:1041D00000EB4111D1F8100920F0C040C1F81009DE
:1041E000BDF80A0000F003020498039900EB4111A6
:1041F000D1F8100940EA4270C1F81009FFE7FFE763
:10420000069802696FF3DF420498039900EB4111AD
:10421000D1F810091043C1F81009FFE79DF8170005
:1042200001283BD1FFE70698C06948B1FFE706982F
:10423000C0690499039A01EB4211C1F81409FFE720
:104240000698007901281ED1FFE70498D0F80808E5
:10425000C00500280BD4FFE70498039900EB411137
:10426000D1F8000940F00050C1F800090AE00498B4
:10427000039900EB4111D1F8000940F08050C1F8DA
:104280000009FFE7FFE70498039900EB4111D1F81B
:10429000000940F00440C1F800094CE0049803997B
:1042A00000EB4111D1F8000940F00440C1F80009C9
:1042B00006980079012813D0FFE70698006970B1CD
:1042C000FFE70698007800F00F01012000FA01F2E4
:1042D0000499D1F834081043C1F83408FFE729E005
:1042E0000498D0F80808C00500280BD4FFE704980C
:1042F000039900EB4111D1F8000940F00050C1F8DA
:1043000000090AE00498039900EB4111D1F8000973
:1043100040F08050C1F80009FFE70798069BD96874
:104320001A781B8A9DF817C0EE46CEF800C000F040
:104330009BFBFFE7FFE7C4E00498039900EB411102
:10434000D1F8100B6FF31200C1F8100B0498039909
:1043500000EB4111D1F8100B6FF3DC40C1F8100BEA
:10436000039818BBFFE70698006920B1FFE706999C
:1043700088680861FFE70699886808620698026AFB
:104380006FF3DF420498039900EB4111D1F8100B51
:104390001043C1F8100B0498039900EB4111D1F8B8
:1043A000100B40F40020C1F8100B49E0069800699A
:1043B000C0B9FFE7069882686FF3DF42049803995B
:1043C00000EB4111D1F8100B1043C1F8100B049809
:1043D000039900EB4111D1F8100B40F40020C1F813
:1043E000100B2CE006988168006908440138B0FB86
:1043F000F1F0ADF80A0006998868BDF80A2050432C
:104400000862BDF80A100020C1F6F87000EAC14247
:104410000498039900EB4111D1F8100B1043C1F837
:10442000100B0698026A6FF3DF420498039900EBC1
:104430004111D1F8100B1043C1F8100BFFE7FFE753
:104440009DF8170001280ED1FFE70698C06848B113
:10445000FFE70698C0680499039A01EB4211C1F87E
:10446000140BFFE7FFE70698007901281ED1FFE74C
:104470000498D0F80808C00500280BD4FFE704987A
:10448000039900EB4111D1F8000B40F00050C1F846
:10449000000B0AE00498039900EB4111D1F8000BDE
:1044A00040F08050C1F8000BFFE7FFE70498039944
:1044B00000EB4111D1F8000B40F00440C1F8000BB3
:1044C000FFE7002008B080BD85B004900391002074
:1044D00002908DF807000498009003984078012816
:1044E0003ED1FFE700980399097800EB4110D0F81E
:1044F0000009C00F98B3FFE700980399097800EB13
:104500004111D1F8000940F00060C1F8000900989D
:104510000399097800EB4111D1F8000940F080407F
:10452000C1F80009FFE7029801300290029842F2B8
:104530001171884204D3FFE701208DF807000DE0D8
:10454000FFE700980399097800EB4110D0F80009C3
:1045500000F00040B0F1004FE5D0FFE7FFE73DE09D
:1045600000980399097800EB4110D0F8000BC00FB8
:1045700098B3FFE700980399097800EB4111D1F84F
:10458000000B40F00060C1F8000B00980399097817
:1045900000EB4111D1F8000B40F08040C1F8000B56
:1045A000FFE7029801300290029842F211718842AE
:1045B00004D3FFE701208DF807000DE0FFE7009826
:1045C0000399097800EB4110D0F8000B00F000408F
:1045D000B0F1004FE5D0FFE7FFE7FFE79DF80700E8
:1045E00005B070470000000084B0029001910020E7
:1045F0000090FFE70098013000900098B0F1706FD4
:1046000004D9FFE703208DF80F0026E0FFE70298AA
:104610000069C00F0028EDD0FFE70020009001984E
:104620008001203002990861FFE700980130009076
:104630000098B0F1706F04D9FFE703208DF80F00E8
:104640000BE0FFE70298006900F020002028ECD082
:10465000FFE700208DF80F00FFE79DF80F0004B082
:10466000704700000000000084B00390039802909F
:104670000298D0F8080800F006000090009820B9D1
:10468000FFE700208DF8070010E00098022804D012
:10469000FFE70098062804D1FFE702208DF8070005
:1046A00003E00F208DF80700FFE7FFE79DF8070004
:1046B00004B070470000000081B00090009840698D
:1046C00000F0010001B0704783B0029002980190A1
:1046D0000198D0F8180800900198D0F81C1800989C
:1046E00008400090BDF8000003B0704700000000D3
:1046F00083B00290029801900198D0F818080090B9
:104700000198D0F81C18009808400090BDF80200ED
:1047100003B070470000000086B005908DF81310BC
:10472000059803900398D0F8100801900398D0F8EA
:104730003408009000989DF8131001F00F01C84054
:1047400000F00101019840EAC110019003989DF822
:10475000131000EB4110D0F80809019908400290AD
:10476000029806B07047000084B003908DF80B10DB
:104770000398019001989DF80B1000EB4110D0F8C0
:10478000080B00900198D0F8141800980840009089
:10479000009804B07047000082B001900198406911
:1047A000009001988169009808400090009802B03C
:1047B000704700000000000089B008900791ADF834
:1047C0001A200898059007980490BDF81A008008F0
:1047D0000190BDF81A0000F00300ADF802000020BF
:1047E0000290FFE702980199884217D2FFE70598E7
:1047F0004FF48051405804990860049801300490A7
:104800000498013004900498013004900498013019
:104810000490FFE7029801300290E3E7BDF8020040
:1048200008B3FFE70020029005984FF480514058EC
:104830000390FFE703989DF80810C900C840049949
:104840000870029801300290049801300490BDF87D
:1048500002000138ADF80200FFE7BDF802000028B1
:10486000E8D1FFE7FFE7049809B0704700000000B7
:1048700083B002908DF80710029800900099D1F84B
:10488000000820F4FE60C1F800089DF8070000F061
:104890007F020099D1F8000840EA0210C1F8000830
:1048A000002003B07047000084B0039002918DF89F
:1048B00007209DF80700022840F0B880FFE7029823
:1048C0004AF6C041C0F2D80188420BD3FFE70298F4
:1048D0004EF2BF11C0F2E401884203D8FFE70F2077
:1048E0000090A2E002984EF2C011C0F2E4018842AA
:1048F0000BD3FFE7029842F2FF31C0F2F401884285
:1049000003D8FFE70E2000908EE0029842F20041AB
:10491000C0F2F40188420BD3FFE7029847F27F31DF
:10492000C0F20611884203D8FFE70D2000907AE01C
:10493000029847F28031C0F2061188420BD3FFE79C
:10494000029844F69F11C0F21A11884203D8FFE77B
:104950000C20009066E0029844F6A011C0F21A11F3
:1049600088420BD3FFE7029842F6FF41C0F23111B3
:10497000884203D8FFE70B20009052E0029842F6ED
:104980000051C0F2311188420BD3FFE702984AF27E
:104990003F41C0F24C11884203D8FFE70A20009043
:1049A0003EE002984AF24041C0F24C1188420BD3DB
:1049B000FFE7029843F2FF51C0F26E11884203D81C
:1049C000FFE7092000902AE0029843F20061C0F25C
:1049D0006E1188420BD3FFE702984AF61F31C0F2EE
:1049E000A611884203D8FFE70820009016E002983D
:1049F0004AF62031C0F2A61188420BD3FFE7029895
:104A000044F2FF71C0F2E811884203D8FFE70720A3
:104A1000009002E006200090FFE7FFE7FFE7FFE7D6
:104A2000FFE7FFE7FFE7FFE7FFE70AE09DF8070082
:104A300018B9FFE70920009002E009200090FFE785
:104A4000FFE70399C86820F47050C860009800F030
:104A50000F020399C86840EA8220C860002004B0B1
:104A6000704700000000000080B588B084460A98B6
:104A7000CDF81CC006918DF81720ADF814308DF8D4
:104A8000130007980390069802909DF8130048BB06
:104A9000FFE7BDF81400033080080190002000906B
:104AA000FFE70098019988421BD2FFE7029800684F
:104AB00003999DF8172001EB02314FF48052885082
:104AC0000298013002900298013002900298013061
:104AD0000290029801300290FFE7009801300090A8
:104AE000DFE7FFE7002008B080BD00000000000005
:104AF000FFE7FEE70000000080B50CF099F980BDEB
:104B000080B50CF0B1F980BD80B50CF0B9F90CF0AE
:104B1000FFF90CF059FB0CF0C7FB0CF01DFC0CF07E
:104B20005BFC0CF099FC0CF0D7FC0CF011FD0CF0C8
:104B300023FD0CF03DFA0CF04FFA0CF061FA0CF08A
:104B4000C3FA0CF0DDFA0CF0F3FA0CF0F9FA0CF001
:104B5000FFFA0CF011FB0CF01BFB0CF089FB80BD85
:104B600080B50CF0B1F980BD80B50CF095F90CF072
:104B7000F7F980BD0000000080B50CF0B1F90CF031
:104B8000FBF90CF049FB0CF0B7FB0CF0F5FB0CF05B
:104B900033FC0CF071FC0CF0ABFC0CF0E5FC0CF001
:104BA000F7FC80BD0000000080B584B000200390B9
:104BB000FFE70398032800F38780FFE7039801309D
:104BC0008DF80B009DF80B1040F2E850C2F2004047
:104BD000009006F051FD0098039901EBC10242F2EA
:104BE0003801C2F20041019101EB820181ED000A1E
:104BF0009DF80B1006F054FD00980199039A02EB02
:104C0000C20201EB820181ED010A9DF80B1006F052
:104C100097FD00980199039A02EBC20201EB820111
:104C200081ED020A9DF80B1006F04EFD00980199E7
:104C3000039A02EBC20201EB820181ED030A9DF8A7
:104C40000B1006F069FD00980199039A02EBC2026D
:104C500001EB820181ED040A9DF80B1006F084FD42
:104C600000980199039A02EBC20201EB820181EDE7
:104C7000050A9DF80B1006F0EBFC00980199039AC9
:104C800002EBC20201EB820181ED060A9DF80B10D6
:104C900006F02EFD00980199039A02EBC20201EB87
:104CA000820181ED080A9DF80B1006F091FD019834
:104CB000039901EBC10100EB810080ED070AFFE7DA
:104CC00003980130039074E704B080BD0000000039
:104CD00010B582B001900FF0EBFF019940F214245F
:104CE000C2F2004420686268A368D4F80CC0D4F80B
:104CF00010E064694C61C1F810E0C1F80CC08B6031
:104D00004A60086010F000F802B010BD000000001A
:104D100086B0029006988DF817108DF816208DF841
:104D200015308DF814009DF817100020012903900C
:104D300016DBFFE79DF817100020032903900FDC16
:104D4000FFE79DF8161000200129039008DBFFE71C
:104D50009DF8161000200429B8BF01200390FFE73A
:104D6000039800F001008DF813009DF81510012044
:104D7000C907019031B1FFE79DF8130080F00100F1
:104D80000190FFE7019800F001008DF812009DF8F6
:104D90001200C00750B1FFE7029901200870487067
:104DA00000208870C870087148713CE09DF81700B9
:104DB00002280FD1FFE79DF8160002280AD1FFE76D
:104DC000029901200870002048708870C87008712E
:104DD000487128E09DF817100020032900900BD19E
:104DE000FFE79DF8161000200329009004D1FFE78B
:104DF0009DF814000090FFE70299009800F0010070
:104E00008DF8110000200870487001208870C8706B
:104E10009DF8110000F0010008719DF8110000F0EC
:104E200001004871FFE706B0704700000000000075
:104E300080B58CB007900B9102F09AFC0FF038FF10
:104E400042F22600C2F2004001780020C907089013
:104E500069B1FFE70B9842F22001C2F200410968F4
:104E6000411A0020642938BF01200890FFE7089804
:104E700000F001008DF82B0040F6B840C2F200406F
:104E800090ED030ABCEEC00A10EE101A8DF82A103D
:104E900090ED040ABCEEC00A10EE100A8DF829004D
:104EA0009DF82A1000200329069008D1FFE79DF8FD
:104EB00029000338B0FA80F040090690FFE7069811
:104EC00000F001008DF8280040F6D440C2F2004006
:104ED00001780020C907059069B1FFE70B9840F6FB
:104EE000D041C2F200410968411A0020642938BF4C
:104EF00001200590FFE7059800F001008DF82700DC
:104F000040F20C20C2F2004001780020C907049052
:104F100071B1FFE70B9840F21021C2F2004109681D
:104F2000411A0020B1F5FA7F38BF01200490FFE755
:104F3000049800F0010043F60411C2F20041087029
:104F400040F6DC40C2F2004001780020C90703901F
:104F5000E1B3FFE70B9840F6D841C2F2004109687F
:104F6000411A00206329039030D8FFE743F604106C
:104F7000C2F2004001780020C907039031B3FFE777
:104F80009DF82800C00720B1FFE79DF82700029098
:104F900019E040F22C20C2F2004001780020C9073D
:104FA000019069B1FFE70B9840F23021C2F2004155
:104FB0000968411A0020642938BF01200190FFE7E9
:104FC00001980290FFE702980390FFE7039800F032
:104FD00001008DF826000B9842F22002C2F2004236
:104FE0009DF82B10126840F6D84CC2F2004C9DF888
:104FF0002630DCF800C0EE46CEF800C001F001011A
:1050000003F0010300F04CF80146079801700078A6
:1050100001281ED1FFE7079942F69050C2F20040E6
:10502000027B8A70427BCA7042F21C02C2F20042CA
:1050300012888A8042F22402C2F200421288CA8098
:1050400001224A7042688A600268CA60806808610A
:1050500022E00798007802281DD1FFE707999DF804
:105060002A0088709DF82900C87040F6CC40C2F232
:105070000040008888809DF8270000F001004870FB
:1050800040F6B840C2F2004042688A608268CA6056
:1050900000684861FFE7FFE70FF036FE0CB080BD07
:1050A00085B0DDF814C003908DF80B1001928DF8D7
:1050B00003309DF80B00C00750B1FFE7039801993A
:1050C000401A632804D8FFE701208DF8130012E08E
:1050D0009DF80300C00750B1FFE703980599401AF7
:1050E000632804D8FFE702208DF8130003E00020B6
:1050F0008DF81300FFE79DF8130005B0704700001E
:1051000081B08DED000A9DED000AB0EEC00A01B03D
:10511000704700000000000080B58EB08DED0D0AD4
:10512000CDED0C0A8DED0B1ACDED0A1A8DED092A85
:10513000CDED082A8DED073ACDED063A8DED054A05
:1051400006F072FD06F0CCFE049004980168896BAD
:105150008847D0F88800202801D0FFE729E00D9883
:1051600040F2CC11C2F20041009108600C984860F6
:105170000B9888600A98C860099808610898486187
:10518000079888610698C861059808624FF0FF404B
:1051900003900398486247F68421C0F6020108682C
:1051A000496802910190049801680A6A01A9904730
:1051B000FFE70EB080BD000080B58AB005A902915E
:1051C0008DF8270040F21050C2F2004001900068B4
:1051D00008F032FE0198029981ED030A006808F098
:1051E00023FE0198029981ED020A006808F004FE8E
:1051F0000198029981ED010A006808F0F1FD02981A
:1052000080ED000A90ED030A0AF042FD01460020FD
:105210000390D9B1FFE7029890ED020A0AF038FD39
:1052200001460020039089B1FFE7029890ED010A42
:105230000AF02EFD01460020039039B1FFE70298E5
:1052400090ED000A0AF024FD0390FFE7039800F0B8
:1052500001008DF813000FF02BFD9DF82700C0070B
:10526000C8B1FFE79DF81300C007A0B1FFE7089899
:1052700040F21421C2F20041009108600798486092
:10528000069888600598C860F2F7FAF900990861F5
:105290000120087506E040F21421C2F2004100200E
:1052A0000875FFE70FF030FD0AB080BD0000000078
:1052B00080B582B040F2E850C2F2004005F0E4FE52
:1052C0008DF807009DF8070000F0010040F23C0156
:1052D000C2F2004108749DF80700C00750B1FFE713
:1052E00040F23C01C2F20041086801300860002031
:1052F00088600FE040F23C01C2F200410091486832
:1053000001304860886801308860F2F7B9F9009987
:10531000C860FFE702B080BD80B586B004908DED17
:10532000030A0498019090F85C000146029103285A
:1053300016D80299DFE801F00E02110A01989DEDDE
:10534000030A00F0F9F88DED050A0CE00198406DB4
:10535000059008E00020059005E00020059002E09F
:1053600000200590FFE79DED050A06B080BD000016
:1053700080B584B003908DF80B108DF80A208DF85D
:105380000930039801909DF80900C00720B9FFE794
:1053900000208DF808008AE09DF80B00012809D153
:1053A000FFE79DF80A00012804D1FFE702208DF8ED
:1053B00008007BE09DF80B00012809D1FFE79DF86C
:1053C0000A00032804D1FFE703208DF808006CE0F1
:1053D0009DF80B00012809D1FFE79DF80A0002287B
:1053E00004D1FFE701208DF808005DE09DF80B0077
:1053F000032809D1FFE79DF80A00012804D1FFE73F
:1054000003208DF808004EE09DF80B00032809D119
:10541000FFE79DF80A00032804D1FFE702208DF87A
:1054200008003FE09DF80B00032809D1FFE79DF835
:105430000A00022804D1FFE701208DF8080030E0BF
:105440009DF80B00022809D1FFE79DF80A0001280A
:1054500004D1FFE701208DF8080021E09DF80B0042
:10546000022809D1FFE79DF80A00032804D1FFE7CD
:1054700001208DF8080012E09DF80B00022809D1E8
:10548000FFE79DF80A00022804D1FFE700208DF80D
:10549000080003E000208DF80800FFE7FFE7FFE7C2
:1054A000FFE7FFE7FFE7FFE7FFE7FFE7FFE79DF81D
:1054B000080003281AD1FFE7019890F85D00C007A3
:1054C00048B9FFE70199012081F85D00F2F7D8F8AB
:1054D0000199086625E0F2F7D3F80199096E401AA0
:1054E00000097C2801D8FFE71BE004E001990020B7
:1054F00081F85D00FFE701999DF8080091F85C10C4
:1055000088420ED0FFE701989DF8081007F0F4F9E3
:1055100001989DF8081080F85C10643003F018FDC5
:10552000FFE704B080BD000081B0009000986430B7
:1055300001B070470000000080B586B004908DED8A
:10554000030A04980190FFE79DED030A9FED361AC8
:10555000B4EE410AF1EE10FA09DDFFE79DED030A12
:105560009FED361A30EE010A8DED030AECE7FFE7F6
:105570009DED030A9FED2D1AB4EE410AF1EE10FAEB
:1055800009DAFFE79DED030A9FED2B1A30EE010AC1
:105590008DED030AECE79DED030AB0EEC00A9FED26
:1055A000241AB4EE410AF1EE10FA07DAFFE7019887
:1055B000643003F0CDFC0020059030E001986430A9
:1055C0009DED030ADFED1B0A03F0D2FC01988DED7F
:1055D000020A9DED020A90ED161AB4EE410AF1EEB0
:1055E00010FA04DDFFE70198806D0290FFE7019853
:1055F0009DED020A90ED161AB1EE411AB4EE410A81
:10560000F1EE10FA08DAFFE7019890ED160AB1EE14
:10561000400A8DED020AFFE702980590FFE79DED35
:10562000050A06B080BD00BFDB0F4940DB0F49C053
:105630008FC2F53C00000000DB0FC940DB0FC9C082
:1056400080B584B003900398029004210022019257
:1056500007F076F90199029880F85C10643003F045
:1056600077FC04B080BD000081B00090009890F8F5
:105670005C0001B07047000080B588B007908DEDE8
:10568000060ACDED050A8DED041ACDED031A8DED58
:10569000022ACDED012A0798009007F081F90098C1
:1056A0004FF0814141658165002180F85C1080F8F0
:1056B0005D10016664309DED060ADDED050A9DED85
:1056C000041ADDED031A9DED022ADDED012A03F037
:1056D00037FD009808B080BD82B08DED010A9DEDC8
:1056E000010AB5EE400AF1EE10FA0FDBFFE79DED7F
:1056F000010AB7EE001AB4EE410AF1EE10FA05DC29
:10570000FFE79DED010A8DED000A04E0B6EE000A08
:105710008DED000AFFE79DED000A02B07047000022
:1057200080B582B08DED010A9DED010A0AF0B0FA54
:1057300028B1FFE79DED010A8DED000A04E09FED21
:10574000040A8DED000AFFE79DED000A02B080BD5E
:10575000000000000000000083B002900191019859
:105760000090DDF800C00299D1F80320D1F807308D
:10577000D1F80B006CF30900C1F80730C1F8032021
:10578000C1F80B000098C0F38A2C0299D1F80320CD
:10579000D1F80730D1F80B006FF3942040EA8C2049
:1057A000C1F80730C1F80320C1F80B00DDF800C0D4
:1057B0000299D1F80320D1F80730D1F80B004FEA55
:1057C0005C5C6CF35F50C1F80730C1F80320C1F88E
:1057D0000B0003B07047000080B586B040F638304B
:1057E000C2F20040009003F0B3FB0098403003F099
:1057F000AFFB40F6B830C2F20040019003F0A8FBC6
:105800000198403003F0A4FB42F69810C2F2004029
:10581000029003F09DFB0298403003F099FB42F6A2
:105820009820C2F20040039003F092FB03984030AE
:1058300003F08EFB42F61810C2F20040049003F011
:1058400087FB0498403003F083FB42F61820C2F235
:105850000040059003F07CFB0598403003F078FB96
:1058600006B080BD0000000080B582B0019002F05B
:10587000A3FB019900200860486040F6DB73CCF27E
:1058800049038B6040F6DB72C4F249020A61CB60C7
:105890004A6101220A764A764FF07E52CA610A6254
:1058A00048628862C862086348638863C8630864A2
:1058B00002B080BD0000000080B58AB08DED090AFD
:1058C000CDED080A8DED071ACDED061A9DED090AFA
:1058D000FFF726FF40F61820C2F200400190012198
:1058E00002919FED212A8DED052AF0EE420AB0EEDD
:1058F000421AF0EE421A04F077FF9DED080AFFF716
:105900000FFF01989DED052A02210491F0EE420A55
:10591000B0EE421AF0EE421A04F066FF9DED070A5F
:10592000FFF7FEFE02999DED052A42F2F870C2F2E1
:1059300000400390F0EE420AB0EE421AF0EE421A36
:1059400004F052FF9DED060AFFF7EAFE0398049962
:105950009DED052AF0EE420AB0EE421AF0EE421A30
:1059600004F042FF0AB080BD00000000000000000B
:1059700080B583B0029001918DF803208DF802303C
:1059800002990020C1F80B00886048600860019807
:1059900038B1FFE70299019882788A700088088000
:1059A000FFE740F21C00C2F2004090F804E0029AC7
:1059B000D2F80330D2F807C0D2F80B106EF302030E
:1059C000C2F807C0C2F80330C2F80B109DF802E01D
:1059D000029AD2F80330D2F807C0D2F80B100EF0BA
:1059E000070E23F0380343EACE03C2F807C0C2F81B
:1059F0000330C2F80B109DF803E0029AD2F803308E
:105A0000D2F807C0D2F80B100EF00F0E23F470730B
:105A100043EA8E13C2F807C0C2F80330C2F80B1075
:105A200090F802E0029AD2F80330D2F807C0D2F818
:105A30000B100EF00F0E23F4705343EA8E23C2F8BE
:105A400007C0C2F80330C2F80B10B0F800C00299CA
:105A5000D1F80330D1F80720D1F80B006CF309021C
:105A6000C1F80330C1F80720C1F80B0003B080BDB6
:105A700080B58EB084461098CDF834C0ADF83210A1
:105A8000ADF83020ADF82E308DF82D0005A9084670
:105A9000083101910290FFE70299019A002001F874
:105AA000010B084691420290F6D1FFE700200790D3
:105AB0008DF8200009908DF828008DF829004FF40A
:105AC000A461079108218DF820108DF828008DF829
:105AD00029009DF833108DF81410BDF832108DF8A0
:105AE00015109DF831108DF81610BDF830108DF896
:105AF00017109DF82F108DF81810BDF82E108DF886
:105B000019109DF82D10002918BF01218DF81A10C9
:105B10008DF81B0006F0E4FB0490049801688A6885
:105B200001210091904701680A6905A99047014643
:105B300000988DF80F109DF80F1088430EB080BDAF
:105B400081B0009000990020086101B0704700000A
:105B500080B592B00DF1380CCDF804C084460198A0
:105B6000CDF844C080ED020A8DF83F10C0ED000A68
:105B70008DF837208DF8363007A908460831029194
:105B80000390FFE70399029A002001F8010B0846F1
:105B900091420390F6D1FFE701990020009009900F
:105BA0008DF828000B908DF830008DF8310040F210
:105BB0006662099208228DF828208DF830008DF851
:105BC000310091ED020ABDEEC00A10EE102AADF8C8
:105BD0001A209DF81B208DF81C20BDF81A208DF886
:105BE0001D209DF83F208DF81E2091ED000ABDEE8E
:105BF000C00A10EE101AADF818109DF819108DF8A3
:105C00001F10BDF818108DF820109DF837108DF872
:105C100021109DF836108DF822108DF8230006F023
:105C20005FFB0099059005980268926890470168AB
:105C30000A6907A990478DF813009DF813100120F9
:105C4000884312B080BD000082B00190019900919C
:105C500008694969884205D8FFE700990869013059
:105C60000861FFE700990A694B6900209A4298BFD2
:105C70000120887302B0704780B586B0059004910A
:105C8000059801900498806840F27771884205D1A8
:105C9000FFE70498007B072801DCFFE73AE0019862
:105CA00004990A78497841EA0221ADF80E10BDF94D
:105CB0000E1000EE101AB8EEC00AB2EE041A80EE12
:105CC000010A80ED000A04998A78C97841EA022124
:105CD000ADF80C10BDF90C1000EE101AB8EEC00AA9
:105CE00080ED010A04990A79497941EA0221ADF867
:105CF0000A10BDF90A1000EE101AB8EEC00A80EDC5
:105D0000020A0499897901730499C9794173FFF7EB
:105D100017FFFFE706B080BD82B0019000910198A7
:105D200000210160416081600173417381730099BA
:105D3000013101610099416102B07047000000002B
:105D400086B004908DF80F100292049800909DF890
:105D50000F00C007D0B1FFE700994A79012020EA7F
:105D600002028DF807204871002008719DF8070095
:105D7000C00738B1FFE700990298086001208DF84C
:105D800017001DE000208DF8170019E00098002191
:105D900041710079C00738B1FFE70099029809689E
:105DA000401A642808D3FFE7009902980860012090
:105DB00008718DF8170003E000208DF81700FFE749
:105DC0009DF8170006B0704781B000900099002040
:105DD0000871487101B0704782B00190009101993B
:105DE0000098086000200871487102B070470000F8
:105DF00080B582B040F68410C2F20040019003F0FA
:105E0000A7FF019803F0B0FF019807F0C1FF012838
:105E100009D1FFE740F2BC11C2F200410120087035
:105E200000F012F806E040F2BC11C2F2004100207E
:105E30000870FFE740F2BC10C2F20040007800F0AA
:105E4000010002B080BD000080B582B042F624712E
:105E5000C2F20041019142F64430C2F200400860B3
:105E60004FF40070888005F0DFFE06F045F80199D8
:105E70000268926A904702B080BD000000000000F6
:105E800080B582B00190ADF80210019820B1FFE713
:105E9000BDF8020008B9FFE71DE040F68410C2F229
:105EA000004003F095FF0020ADF80000FFE7BDF8CB
:105EB0000000BDF8021088420DDAFFE70198BDF836
:105EC0000010405C00F00CF8FFE7BDF80000013066
:105ED000ADF80000EBE702B080BD0000000000005C
:105EE00080B582B08DF8070040F23520C2F2004044
:105EF000007801460091092800F247810099DFE807
:105F000011F00A0023003F006A007F00A100B600E4
:105F1000D90009011E019DF80700A52813D1FFE74C
:105F20009DF8070040F23A21C2F20041087040F2A9
:105F30003821C2F200410120088040F23521C2F22E
:105F400000410870FFE727E19DF8070040F2382381
:105F5000C2F200431A88511C198040F23A21C2F261
:105F6000004188549DF8070040F23621C2F20041FA
:105F7000088040F23521C2F20041022008700BE196
:105F80009DF8070040F23823C2F200431A88511CE2
:105F9000198040F23A21C2F2004188549DF807204E
:105FA00040F23620C2F20040018841EA022101801D
:105FB0000088F72807D8FFE740F23521C2F20041F8
:105FC0000320087006E040F23521C2F200410020B3
:105FD0000870FFE7E0E09DF8070040F23823C2F2C6
:105FE00000431A88511C198040F23A21C2F2004144
:105FF000885440F23521C2F2004104200870CBE001
:106000009DF8071040F23823C2F200431A88501C52
:10601000188040F23A20C2F200408154052101F07C
:106020000FFB38B1FFE740F23521C2F200410520F5
:10603000087006E040F23521C2F2004100200870ED
:10604000FFE7A9E09DF8070040F23823C2F20043C1
:106050001A88511C198040F23A21C2F2004188543A
:1060600040F23521C2F200410620087094E09DF80C
:10607000070040F23823C2F200431A88511C1980ED
:1060800040F23A21C2F20041885440F23521C2F276
:1060900000410720087040F23620C2F2004000881C
:1060A00038B9FFE740F23521C2F2004108200870FC
:1060B000FFE771E040F23820C2F200400088FD287E
:1060C00020D8FFE79DF8071040F23820C2F20040C8
:1060D00003885A1C028040F23A22C2F20042D15494
:1060E000008840F23621C2F2004109880731884217
:1060F00007DBFFE740F23521C2F2004108200870BB
:10610000FFE706E040F23521C2F2004100200870AE
:10611000FFE741E09DF8070040F23823C2F2004358
:106120001A88511C198040F23A21C2F20041885469
:1061300040F23521C2F20041092008702CE09DF8A0
:10614000072040F23821C2F200410B88581C088019
:1061500040F23A20C2F20040C254098801F0C8FA65
:1061600060B1FFE740F23820C2F20040018840F2FF
:106170003A20C2F2004000F0C7F8FFE740F23521B4
:10618000C2F200410020087006E040F23521C2F260
:10619000004100200870FFE702B080BD0000000051
:1061A0002DE9F047C0B0DDF83C91DDF838814D9F16
:1061B0004C9E4B9D4A9CDDF824E1DDF820C1CDF8D2
:1061C000CC90CDF8C880319730962F952E94CDF88D
:1061D000B4E0CDF8B0C02B932A92299128900DF10C
:1061E000D30028A92D22EAF7C6F8FFE705F01CFD29
:1061F00005F082FE0168896B8847F7F755FA202879
:1062000001D0FFE7F2E70AA8029078210391EAF7AC
:10621000CBF800200190ADF8240008904FF488706E
:10622000ADF8200040F6AC10C2F200400078ADF8A6
:10623000220000F04DFAADF82400A5208DF82800CA
:106240003320ADF8290040F23A32C2F20042107811
:10625000411C11708DF82B0040F20130ADF82D007B
:1062600042F6A460C2F2004004908021EAF79CF854
:106270000199029807910730BDF82410ADF833104A
:106280000899CDF82F10079906310791079C02193C
:10629000DDF8D3E0DDF8D710DDF8DB30DDF8DEC067
:1062A00040F804E0C2F80BC09360516007990F31C9
:1062B0000791079908440DF1D3010F31DDF8D6207D
:1062C000D20DEAF758F80299039A0498EAF753F8BE
:1062D0000498052101F090F90498BDF829100931BE
:1062E00001F0DAF904980590BDF829000930ADF8FD
:1062F000180005F099FC05F0FFFD01680A6A05A980
:10630000904740B0BDE8F08780B586B00590049115
:10631000059848B1FFE70498092805DBFFE70598D1
:106320000078A52801D0FFE7FEE00598017840F24B
:106330004410C2F200400170059A5178927841EA07
:106340000221A0F801100599C978C1700599097951
:106350000171059A5179927941EA0221A0F805105C
:10636000B0F801006F280BD8FFE7049840F2441101
:10637000C2F20041B1F801100931884201DAFFE7A9
:10638000D2E00020ADF80E00FFE7BDF80E0040F2AD
:106390004411C2F20041B1F80110884212DAFFE75D
:1063A0000598BDF80E201044C07940F24411C2F2A5
:1063B00000411144C871FFE7BDF80E000130ADF88F
:1063C0000E00E2E7059A40F24411C2F20041B1F832
:1063D00001001044C079A1F876000598052101F06C
:1063E0002FF960B1FFE7059840F24411C2F2004175
:1063F000B1F80110093101F07BF908B9FFE793E02A
:1064000040F24410C2F20040B0F80500014602918B
:1064100040F2012188420CD0FFE7029840F20221AD
:10642000884213D0FFE7029840F20331884264D0DB
:1064300079E040F24410C2F20040C11D40F6AC10B9
:10644000C2F200401122E9F796FF6DE040F24410DD
:10645000C2F20040B0F8011042F63E32C2F20042F1
:106460001180B0F801000D2808D8FFE740F2441071
:10647000C2F20040B0F80100019002E00E2001904D
:10648000FFE70198ADF80C0040F6BD10C2F20040E5
:1064900000218181816041600160BDF80C2040F2E3
:1064A0004411C2F2004100910731E9F764FF0098FE
:1064B000B0F801000E280DDBFFE740F24410C2F2F5
:1064C0000040C27C42F64231C2F200410A70007DB7
:1064D000487007E042F64231C2F2004100200870E5
:1064E0004870FFE740F6BD10C2F20040808942F6D6
:1064F0004031C2F20041088016E040F24411C2F27D
:106500000041D1F80700D1F80B20D1F80F30D1F8B5
:1065100012C042F22701C2F20041C1F80BC08B60E9
:106520004A60086000E0FFE706B080BD00000000A0
:1065300080B5AAB029902891FFE705F075FB05F01A
:10654000DBFC0168896B8847F7F7AEF8202801D09B
:10655000FFE7F2E70AA87821E9F726FF0020ADF867
:1065600024000890289801380146039106281AD87B
:106570000399DFE801F0040918180E18130040F21F
:106580000110ADF820000EE04FF48170ADF820004E
:1065900009E040F20310ADF8200004E04FF48270EF
:1065A000ADF82000FFE740F6AC10C2F200400078E2
:1065B000ADF8220000F08CF8ADF82400A5208DF88D
:1065C00028002898013801460291062816D8029919
:1065D000DFE801F0040814140C1410001520ADF8C5
:1065E00029000BE02420ADF8290007E05120ADF888
:1065F000290003E06F20ADF82900FFE740F23B32AD
:10660000C2F200421078411C11708DF82B0040F24C
:106610000130ADF82D0042F6A460C2F200408021A6
:10662000E9F7C2FE00200790BDF82410ADF8331042
:106630000899CDF82F100799063107910690FFE7CA
:106640000698289988421DDAFFE707990AA80144AD
:106650002998069AC2EB021283188058C1F80700E5
:1066600058689A68D3F80B30C1F81230C1F80F207F
:10667000C1F80B0007980F300790FFE7069801302C
:106680000690DDE742F6A460C2F2004001900AA93C
:106690007822E9F770FE0198052100F0ADFF01981E
:1066A000BDF82910093100F0F7FF01980490BDF8FA
:1066B00029000930ADF8140005F0B6FA05F01CFC0D
:1066C00001680A6A04A990472AB080BD0000000052
:1066D00083B00020ADF80A0040F6AC10C2F20040D2
:1066E000007863282FDCFFE740F6AC10C2F20040D0
:1066F0000078013801460191052823D80199DFE887
:1067000001F003080D12171C40F20110ADF80A0049
:1067100018E04FF48170ADF80A0013E040F2031066
:10672000ADF80A000EE04FF48270ADF80A0009E0FF
:1067300040F20510ADF80A0004E04FF48370ADF8A4
:106740000A00FFE7FFE740F6AC10C2F20040007815
:1067500065282FDBFFE740F6AC10C2F2004000785E
:10676000653801460091052823D80099DFE801F03B
:1067700003080D12171C40F26510ADF80A0018E06E
:106780004FF4B370ADF80A0013E040F26710ADF8B3
:106790000A000EE04FF4B470ADF80A0009E040F2D0
:1067A0006910ADF80A0004E04FF4B570ADF80A00C6
:1067B000FFE7FFE7BDF80A0003B0704700000000E4
:1067C00010B586B094468E4600900999089ACDF887
:1067D00014E08DF813C00393ADF80A20ADF808104B
:1067E0002D21E9F7E1FD009805999DF81320072375
:1067F000FFF7BEF8009940F21C00C2F2004090F88A
:1068000003C0D1F80320D1F80730D1F80B006FF3A3
:10681000963242EA8C32C1F80730C1F80320C1F841
:106820000B00BDF80AC0D1F80330D1F80720D1F829
:106830000B006FF3DF2C6FF3942242EA8C22C1F835
:106840000330C1F80720C1F80B00BDF808C0D1F82B
:106850000330D1F80720D1F80B006FF35F5242EA02
:106860004C52C1F80330C1F80720C1F80B0003985F
:1068700020B3FFE70398E9F7A2FD019001981F28D4
:1068800003D3FFE71E200190FFE70098DDF804C066
:10689000D0F80320D0F80730D0F80B106FF3DF5298
:1068A00042EACC52C0F80730C0F80320C0F80B1001
:1068B0000F300399019AE9F75EFDFFE706B010BDBE
:1068C00081B08DF803009DF8030040F21C01C2F274
:1068D0000041C87001B0704781B08DF803009DF889
:1068E000030040F21C01C2F20041087101B0704780
:1068F00040F23421C2F200410020087070470000CD
:106900002DE9F047F6B023AA149282ED520AADF8B1
:10691000D201ADF8D01140F23420C2F200401690FE
:106920000078C1070120002918BF0220FFF7D4FF1B
:10693000062000F09DF90220159000F0A5F91598A9
:10694000FFF7BEFF16980078C007002840F0BE8011
:10695000FFE76946A02048604FF4A5600F900860EB
:1069600048F2A311C0F6020148F29713C0F60203E1
:106970000DF2A3100B9001221092FFF721FF0B994B
:106980005CA82D221292E9F7F6FC5C985D995E9A5C
:106990005F9BDDF880C1619C629D639E649FDDF812
:1069A0009481DDF89891DDF89CA1EE46CDF830E0B9
:1069B000CEF81CA0CEF81890CEF81480CEF8107047
:1069C000CEF80C60CEF80850CEF80440CEF800C0E7
:1069D000FFF7E6FB0F98109A6946DC234B600860CE
:1069E00048F2A711C0F6020148F29B13C0F6020359
:1069F0000DF243100D90FFF7E3FE0D99129A44A893
:106A0000E9F7B9FC44984599469A479BDDF820C1BF
:106A1000499C4A9D4B9E4C9FDDF83481DDF83891AE
:106A2000DDF83CA1EE46CDF838E0CEF81CA0CEF85B
:106A30001890CEF81480CEF81070CEF80C60CEF816
:106A40000850CEF80440CEF800C0FFF7A9FB0F981D
:106A5000109A69464FF48C734B60086048F29F119E
:106A6000C0F6020148F29313C0F602030DF1E300F1
:106A70001190FFF7A5FE1199129A2CA8E9F77BFC5B
:106A80002C982D992E9A2F9BDDF8C0C0319C329DF9
:106A9000339E349FDDF8D480DDF8D890DDF8DCA09B
:106AA000EE46CDF84CE0CEF81CA0CEF81890CEF80B
:106AB0001480CEF81070CEF80C60CEF80850CEF8E6
:106AC0000440CEF800C0FFF76BFBFFE7149890ED91
:106AD000520ABEEE002AB6EE001AB5EE400AF1EEFA
:106AE00010FA21FE021A30EE010ABDEEC00A80ED56
:106AF000000A239B6946A020486040F2AA500890F3
:106B0000086048F29711C0F602010DF17D000122E4
:106B10000A9200F055F808980A9ADDF87D10DDF821
:106B20008130DDF885C0DDF888E0CDF89BE0CDF858
:106B300098C025932491BDF8D23169464FF0DC0C02
:106B4000C1F804C0086048F29B11C0F602010DF1C3
:106B50006E0000F035F8DDF86E00DDF87210DDF83B
:106B60007620DDF87930CDF8AA30CDF8A720CDF821
:106B7000A310CDF89F0024A80221FFF7D9FC0898A4
:106B80000A9ABDF8D03169464FF48C7CC1F804C034
:106B9000086048F29311C0F602010DF15F00099000
:106BA00000F00EF809980A99FFF7C2FC0A9840F223
:106BB0003421C2F20041087076B0BDE8F0870000D1
:106BC00010B586B094468E4601900999089ACDF882
:106BD00014E08DF813C00393ADF80A20ADF8081047
:106BE00005999DF813200623FEF7C2FE019840F296
:106BF0001C01C2F2004191F803C0D0F80320D0F884
:106C00000730D0F80B106FF3963242EA8C32C0F89E
:106C10000730C0F80320C0F80B10BDF80AC0D0F848
:106C20000330D0F80720D0F80B106FF3DF2C6FF390
:106C3000942242EA8C22C0F80330C0F80720C0F842
:106C40000B10BDF808C0D0F80330D0F80720D0F8FA
:106C50000B106FF35F5242EA4C52C0F80330C0F899
:106C60000720C0F80B100399FEF776FD06B010BDA3
:106C700081B08DF803009DF8030040F21C01C2F2C0
:106C80000041887001B0704781B0ADF80200BDF8D6
:106C9000020040F21C01C2F20041088001B07047BE
:106CA00082B08DED000A9DED000A9FED111AB4EE41
:106CB000410AF1EE10FA05DDFFE70020C4F22020C2
:106CC000019011E09DED000A9FED0A1AB4EE410A11
:106CD000F1EE10FA05DAFFE70020CCF22020019057
:106CE00002E000980190FFE79DED010A02B07047B5
:106CF00000002042000020C284B00390039800905E
:106D00000021029101910088C00748B1FFE79DED85
:106D1000020AB7EE001A30EE010A8DED020AFFE713
:106D2000009800888007002809D5FFE79DED020A3A
:106D3000BFEE001A30EE010A8DED020AFFE700985F
:106D400000884007002809D5FFE79DED010ABFEE46
:106D5000001A30EE010A8DED010AFFE70098008865
:106D60000007002809D5FFE79DED010AB7EE001ADC
:106D700030EE010A8DED010AFFE7009902980865DF
:106D8000019848650888C0F3001081F8580091F810
:106D90004B0000F0010081F8590091F84F0000F01D
:106DA000010081F85A0004B07047000000000000A4
:106DB00080B582B00190019800F002F802B080BD69
:106DC00080B588B00790079A00920020019010804B
:106DD00050805064012182F8481082F8490082F8FE
:106DE0004A0082F84B0082F84C0082F84D0082F88D
:106DF0004E0082F84F00039004908DF814008DF837
:106E000015008DF816008DF817008DF818008DF814
:106E100019000399049BDDF814C0DDF818E0C2F8EE
:106E20005CE0C2F858C0536511658DF80B00FFE7B0
:106E30009DF80B000F280EDCFFE700989DF80B1063
:106E400000EB810100204860FFE79DF80B00013056
:106E50008DF80B00ECE708B080BD000000000000DA
:106E600080B586B0DDF820C00590ADF812108DF821
:106E700011208DF81030059800909DF81100C00782
:106E800028B1FFE79DF81000C00720B9FFE7009880
:106E9000FFF796FF67E10098012180F85C10002160
:106EA00080F85B1080F85D1090F84800C00730B3A0
:106EB000FFE7009ABDF81200508008985064002047
:106EC00082F84800012182F84F108DF80F00FFE78B
:106ED0009DF80F000F280EDCFFE7009908989DF839
:106EE0000F2001EB82014860FFE79DF80F000130A1
:106EF0008DF80F00ECE70098FFF7FEFE33E10098F5
:106F000090F84900C007B0BBFFE70099BDF8120038
:106F10004988884207D0FFE70099BDF812004880F1
:106F20000898486423E000990898496C401A14288E
:106F30001CD3FFE7009841880180012180F84910A7
:106F40000188C1F3401180F84A100188C1F3C021C3
:106F500080F84C100188C1F3803180F84D10018811
:106F6000C90B80F84E10FFF7C7FEFCE0FFE7009862
:106F7000FFF7C2FEF7E000208DF80E00FFE79DF856
:106F80000E000F2876DCFFE700989DF80E20012107
:106F90009140ADF80C10BDF81210BDF80C20114056
:106FA000002918BF01218DF80B104088BDF80C1086
:106FB0000840002818BF01208DF80A009DF80B003A
:106FC00000F001009DF80A1001F0010188421BD079
:106FD000FFE79DF80B00C00738B1FFE70099BDF847
:106FE0000C2048881043488006E00099BDF80C202A
:106FF000488890434880FFE7009908989DF80E2044
:1070000001EB820148602EE000999DF80B0000F032
:1070100001000988BDF80C201140002918BF01218A
:1070200088421FD0FFE7009908989DF80E2001EBD9
:1070300082014968401A142814D3FFE79DF80B0019
:10704000C00738B1FFE70099BDF80C20088810434D
:10705000088006E00099BDF80C200888904308805D
:10706000FFE7FFE7FFE7FFE79DF80E0001308DF82F
:107070000E0084E700980088C0F340108DF80900E6
:107080009DF80900C00770B1FFE7009890F84A002A
:10709000C00740B9FFE7009991F84B2001209043C9
:1070A00081F84B00FFE700989DF8091001F00101FD
:1070B00080F84A100088C0F3C0208DF808009DF8C1
:1070C0000800C00770B1FFE7009890F84C00C007B7
:1070D00040B9FFE7009991F84F200120904381F8D3
:1070E0004F00FFE700989DF8081001F0010180F8BB
:1070F0004C100088C0F380308DF807009DF8070021
:10710000C00758B1FFE7009890F84D00C00728B9B4
:10711000FFE70099012081F85D00FFE700989DF8E6
:10712000071001F0010180F84D100088C00B8DF8A8
:1071300006009DF80600C00758B1FFE7009890F8D8
:107140004E00C00728B9FFE70099012081F85B00D5
:10715000FFE700989DF8061001F0010180F84E103D
:10716000FFF7CAFDFFE706B080BD00000000000089
:1071700080B586B005900598029000208DF8130028
:10718000FFE79DF8130001283FD8FFE7029805F0BC
:10719000CFFB022806D0FFE7029805F0C9FB0328C1
:1071A0000DD1FFE79DF8131047F62830C0F6020016
:1071B00000EB810090ED000A8DED010A0CE09DF8D6
:1071C000131047F61830C0F6020000EB810090ED76
:1071D000000A8DED010AFFE702989DED010A8DED91
:1071E000030A9DF813109DED030A05F0F1FC0298C7
:1071F0009DF8131000EB810080ED190AFFE79DF860
:10720000130001308DF81300BBE706B080BD00000D
:1072100080B584B003900398019000208DF80B0096
:10722000FFE79DF80B00012826D8FFE701989DF89D
:107230000B1000EB8102002151659DF80B2000EB43
:107240008202D1659DF80B1047F61832C0F6020293
:1072500002EB810292ED000A05F0BAFC01989DF85C
:107260000B1000EB810080ED190AFFE79DF80B0081
:1072700001308DF80B00D4E704B080BD00000000A1
:1072800080B584B0039002910398019005210022FB
:1072900005F056FB01980299C16605F0E5FD01462F
:1072A000019880F87010FFF7B3FF04B080BD0000B4
:1072B00010B58AB00DF11C0CCDF808C086460D98AB
:1072C0000C98CDF824E08CED010ACCED000A8DF885
:1072D0001B108DF81A208DF819308DF818000998B8
:1072E00003909DF81B100020C907049049B1FFE7E7
:1072F0000398029991ED010A012105F091FB049098
:10730000FFE7049800F001008DF817009DF81A10AF
:107310000020C907019049B1FFE70398029991ED58
:10732000000A022105F07CFB0190FFE7019800F0C4
:1073300001008DF816009DF81900C00780B1FFE725
:10734000039890F87000C00750B1FFE79DF8170050
:10735000C00778B9FFE79DF81600C00750B9FFE7EE
:107360000398002105F0C8FA03980D99C166FFF74C
:10737000FFFED1E09DF81700C00760B1FFE703985A
:107380000899416590ED150A002105F021FC03984C
:1073900080ED170AFFE79DF81600C00760B1FFE710
:1073A00003980799816590ED160A012105F010FCFC
:1073B000039880ED180AFFE7039805F0B9FAE0B9E1
:1073C000FFE70398042105F097FA0398FFF7D0FE32
:1073D00003980D99C1669DF816209DF8171001F0CD
:1073E000010102F0010205F057FC28B1FFE7039804
:1073F000012105F081FAFFE78EE09DF81800C00733
:1074000088BBFFE7039805F093FA01280DD1FFE749
:1074100003989DF816209DF8171001F0010102F065
:10742000010205F039FC40B9FFE70398042105F09B
:1074300063FA0398FFF79CFEFFE703989DF8162078
:107440009DF8171001F0010102F0010205F024FC83
:1074500028B1FFE70398012105F04EFAFFE70399F1
:107460000D98C86658E003990D98C96E88421CD0E3
:10747000FFE703980D99C16605F05AFA012806D076
:10748000FFE7039805F054FA042805D1FFE70398B5
:10749000022105F031FA04E00398042105F02CFAEA
:1074A000FFE70398FFF764FEFFE7039805F040FA53
:1074B000022812D1FFE703989DF816209DF81710B7
:1074C00001F0010102F0010205F04AFC28B1FFE7DA
:1074D0000398032105F010FA1EE0039805F028FA3E
:1074E000042806D0FFE7039805F022FA012812D1FC
:1074F000FFE703989DF816209DF8171001F0010191
:1075000002F0010205F0C8FB28B1FFE70398012152
:1075100005F0F2F9FFE7FFE70AB010BD0000000038
:1075200080B582B001900198009005F039FA00987A
:10753000002141658165C165016641668166C1665C
:1075400080F8701002B080BD83B0029001918DF878
:107550000320FFE70198411E019198B1FFE79DF8D4
:10756000030002994A1C0292097848408DF80200F3
:107570009DF8021047F63050C0F60200405C8DF8CE
:107580000300E7E79DF8030003B070470000000028
:1075900084B002900191ADF80220029828B9FFE76B
:1075A0004FF6FF70ADF80E0021E0FFE70198411E95
:1075B0000191B8B1FFE70298411C029100788DF863
:1075C0000100BDF802109DF801004840C2B247F624
:1075D0003030C0F6020030F8120080EA1120ADF819
:1075E0000200E3E7BDF80200ADF80E00FFE7BDF8CA
:1075F0000E0004B07047000080B584B00390029183
:1076000000208DF80700039820B1FFE702980228B8
:1076100001D8FFE70FE0039802990139FF22FFF735
:1076200093FF8DF807009DF80700039A0299114413
:1076300001F8010CFFE704B080BD0000000000006D
:1076400080B584B00290019100208DF8030002986B
:1076500020B1FFE70198022803D8FFE7002003903C
:1076600014E0029801990139FF22FFF76DFF8DF8B0
:1076700003009DF80300029A0199114411F8011CBE
:10768000401AB0FA80F040090390FFE7039804B075
:1076900080BD00000000000080B584B0039002911E
:1076A0000020ADF80600039820B1FFE702980228F9
:1076B00001D8FFE71AE003980299023940F222024A
:1076C000C2F200421288FFF763FFADF80600BDF872
:1076D0000600039A0299114401F8020C9DF8070074
:1076E000039A0299114401F8010CFFE704B080BD30
:1076F00080B586B0049003910020ADF80A0004988C
:1077000020B1FFE70398022803D8FFE70020059087
:1077100029E004980399023940F22202C2F20042A1
:107720001288FFF735FFADF80A009DF80A10049A99
:107730000398104410F8022C0020914201900DD1C2
:10774000FFE79DF80B00049A0399114411F8011CFE
:10775000401AB0FA80F040090190FFE7019800F06C
:1077600001000590FFE7059806B080BD000000000D
:1077700081B0009000980021017041708170C1704B
:107780008180C1808160C1600161416101B0704749
:1077900080B582B001908DED000A01989DED000A40
:1077A00000F002F802B080BD82B001908DED000AB9
:1077B000019900984861009888610098C861009814
:1077C00008620098486202B07047000000000000A4
:1077D00080B582B001908DED000A01989DED000A00
:1077E00000F002F802B080BD82B001908DED000A79
:1077F00001989DED004A90ED055A90ED003A90ED0C
:10780000010A90ED022A90ED031A20EE050AA3EE7C
:10781000040A90ED063AA2EE030A90ED072AA1EEC3
:10782000420A90ED041A90ED082AA1EE420A80ED7A
:10783000090A4169816100994161C1690162416A36
:10784000C16190ED090A02B070470000000000001D
:1078500080B58AB009908DED080ACDED070A8DED4F
:10786000061A09990191089888620798C8620698D3
:1078700008639DED070AB5EE400AF1EE10FA09DD46
:10788000FFE79DED071AB6EE000A80EE010A8DEDC6
:10789000000A04E09FED4B0A8DED000AFFE79DED25
:1078A000000A8DED050A9DED080AB5EE400AF1EEDD
:1078B00010FA1ADDFFE79DED070AB5EE400AF1EE7A
:1078C00010FA12DDFFE79DED060AB5EE400AF1EE73
:1078D00010FA0ADDFFE79DED080A9DED051AB4EEEA
:1078E000410AF1EE10FA0EDBFFE701984FF07E51EE
:1078F0000160002141608160C16001619FED310A3A
:10790000FFF752FF5BE09DED080A9FED2F1A20EE76
:10791000010A9DED071A20EE010A0FF053FA0198B3
:107920008DED040A9DED040A20EE000A8DED030A98
:107930009DED060A30EE002A9DED043AB7EE000AEE
:10794000B0EE401AA2EE031A9DED032A31EE021AA0
:1079500080EE011A8DED021A9DED031A9DED022AAB
:1079600021EE021A80ED001A90ED001A31EE011A94
:1079700080ED011A016881609DED031A31EE401A15
:1079800031EE011A9DED022A21EE021A80ED031A52
:107990009DED061A31EE011A9DED042AA1EE420A70
:1079A0009DED031A30EE010A9DED021A20EE010A48
:1079B00080ED040A9FED030AFFF7F6FEFFE70AB029
:1079C00080BD00BF00000000DB0F49400000000048
:1079D00080B586B005908DED040ACDED030A8DEDDE
:1079E000021A059801904FF07E510160002141601C
:1079F0008160C160016141618161C1610162416277
:107A00008162C16240F2F341C3F6357101639DEDBD
:107A1000040ADDED030A9DED021AFFF719FF019834
:107A200006B080BD0000000080B586B005900491CE
:107A300005980190012104F05FFF01980499C0F8B6
:107A400040110499C0F844110021C0F83C1180F89D
:107A5000D81000F5A47002909FED090A8DED030A7D
:107A600001F0CAFF02989DED030A02F051F9029855
:107A7000DDED030AB0EE600A01F0E2FF06B080BD62
:107A8000000000000000000080B588B0079006915B
:107A900007980390032104F02FFF03994FF07E50C5
:107AA000C1F83C010698C1F89400002081F8D80084
:107AB0008DF81700FFE79DF81700012873D8FFE73E
:107AC00003989DF8171005F0EBFF03998DED040A5C
:107AD00001F1640002909DF8172002EB420300EBD5
:107AE000C3005431019101EB820191ED000A01F0D4
:107AF00083FF02989DF8171001EB410100EBC100D4
:107B00009FED2A0A8DED000A01F08EFF9DED000A1F
:107B100002989DF8171001EB410100EBC10001F044
:107B200077FF019902989DF8172002EB420300EBC2
:107B3000C30001EB8201D1ED000AB0EE600A01F052
:107B40007FFF02989DF8171001EB410100EBC10087
:107B50009DED040A02F0DCF8019902989DF81720C7
:107B600002EB420300EBC3009DED040A01EB82012E
:107B7000D1ED000A01F064FF02989DF8171001EBA7
:107B8000410100EBC10006F0FBF803989DF81710C7
:107B900000EB810080ED170AFFE79DF81700013028
:107BA0008DF8170087E708B080BD00BF0000000017
:107BB00080B588B007900691079801900699D0F893
:107BC000D020891A05910699C0F8D01090ED460A88
:107BD0009DED051AB8EE411A20EE010A9FED341A08
:107BE00080EE010A8DED040A9DED040AB7EEC00A8D
:107BF00008F0C2FD40B1FFE79DED040AB5EE400A72
:107C0000F1EE10FA03DAFFE700200490FFE700200E
:107C10008DF80F00FFE79DF80F00012846D8FFE719
:107C200001989DF80F1005F0FFFE01988DED020AF6
:107C3000A03000909DF80F1001EB410100EBC10056
:107C40009DED040A01F0F0FE00989DF80F1001EB85
:107C5000410100EBC1009DED040A01F0D9FE00983E
:107C600001999DF80F2002EB420300EBC3009DED4C
:107C7000020A01EB8201D1ED150A01F0E1FE009844
:107C80009DF80F1001EB410100EBC10006F078F800
:107C900001989DF80F1000EB810080ED260AFFE7A8
:107CA0009DF80F0001308DF80F00B4E708B080BDDB
:107CB00000007A440000000080B588B0079006916B
:107CC000079902910698D1F84021801A05900698EC
:107CD000D1F84421801A04900698C1F844019DED22
:107CE000040AB8EE400A9FED251A80EE010A8DEDD8
:107CF000030A9DED030AB7EE001AB4EE410AF1EE55
:107D000010FA04DDFFE74FF07E500390FFE7029882
:107D100000F5A47001909DED030A01F085FE019825
:107D20009DED030A01F074FE0198B7EE000ADFED45
:107D3000140A01F085FE019806F022F8029880ED01
:107D40004F0A059880084A280BD8FFE7029890ED63
:107D50004F0AB7EE001AB4EE410AF1EE10FA0ADB50
:107D6000FFE70298022104F0C7FD02994FF07E5010
:107D7000C1F83C01FFE708B080BD00BF000096439A
:107D8000000000000000000080B588B00790069158
:107D9000079801900699D0F89420891A05910699C0
:107DA000C0F8941090ED420A9DED051AB8EE411A04
:107DB00020EE010A9FED341A80EE010A8DED040ACF
:107DC0009DED040AB7EEC00A08F0D6FC40B1FFE70B
:107DD0009DED040AB5EE400AF1EE10FA03DAFFE772
:107DE00000200490FFE700208DF80F00FFE79DF8CA
:107DF0000F00012846D8FFE701989DF80F1005F005
:107E00004FFE01988DED020A643000909DF80F102E
:107E100001EB410100EBC1009DED040A01F004FEFD
:107E200000989DF80F1001EB410100EBC1009DEDA2
:107E3000040A01F0EDFD009801999DF80F2002EB76
:107E4000420300EBC3009DED020A01EB8201D1ED7C
:107E5000150A01F0F5FD00989DF80F1001EB4101A6
:107E600000EBC10005F08CFF01989DF80F1000EBAE
:107E7000810080ED170AFFE79DF80F0001308DF8B3
:107E80000F00B4E708B080BD00007A440000000095
:107E900080B588B00790069107980390052104F0FB
:107EA0002BFD03994FF07E50C1F83C010698C1F8B4
:107EB000D000002081F8D8008DF81700FFE79DF86A
:107EC0001700012873D8FFE703989DF8171005F0F5
:107ED000ABFD03998DED040A01F1A00002909DF81D
:107EE000172002EB420300EBC3005431019101EB78
:107EF000820191ED000A01F07FFD02989DF81710B4
:107F000001EB410100EBC1009FED2A0A8DED000A53
:107F100001F08AFD9DED000A02989DF8171001EB13
:107F2000410100EBC10001F073FD019902989DF839
:107F3000172002EB420300EBC30001EB8201D1EDFD
:107F4000000AB0EE600A01F07BFD02989DF8171060
:107F500001EB410100EBC1009DED040A01F0D8FEE8
:107F6000019902989DF8172002EB420300EBC30031
:107F70009DED040A01EB8201D1ED000A01F060FDE4
:107F800002989DF8171001EB410100EBC10005F0CC
:107F9000F7FE03989DF8171000EB810080ED260A8C
:107FA000FFE79DF8170001308DF8170087E708B04C
:107FB00080BD00BF0000000081B00090009800214B
:107FC000016041608160C16001614161012202760E
:107FD00042764FF07E52C261026241628162C162AA
:107FE000016341638163C163016401B070470000B4
:107FF000B0B59CB00DF1440CCDF830C094468E461F
:108000000C99044623982298219A209A1B948DF863
:108010006BE08DF86AC08DF869308DF8682081EDCD
:10802000080AC1ED070A81ED061AC1ED051A81EDB6
:10803000042AC1ED032A8DF84F001B980D9005F01E
:10804000EFFD0146012003290E9009D0FFE70D98AE
:1080500005F0E6FD0438B0FA80F040090E90FFE725
:108060000C980D990E9A02F001028DF84E2090EDB9
:10807000080A91ED371A30EE410A80ED010A90EDC1
:10808000070A91ED381A30EE410A80ED000A9DF89A
:108090006A100020C90700290B9045D0FFE70C9813
:1080A00090ED080AB7EEC00A08F066FB0146002012
:1080B0000B90C9B3FFE70C9890ED070AB7EEC00A22
:1080C00008F05AFB014600200B9069B3FFE70C98BB
:1080D00090ED060AB7EEC00A08F04EFB01460020FC
:1080E0000B9009B3FFE70C9890ED050AB7EEC00AB4
:1080F00008F042FB014600200B90A9B1FFE70C9865
:1081000090ED010AB7EEC00A08F036FB01460020E8
:108110000B9049B1FFE70C9890ED000AB7EEC00A4A
:1081200008F02AFB0B90FFE70B9800F001008DF898
:1081300043009DF84300C00730B1FFE70C9890ED75
:10814000010A8DED0A0A04E09FEDC40A8DED0A0ACA
:10815000FFE70D989DED0A0A80ED4B0A9DF843005C
:10816000C00730B1FFE70C9890ED000A8DED090AC9
:1081700004E09FEDBA0A8DED090AFFE70D989DED29
:10818000090A80ED4C0A9DF84300C00730B1FFE7B3
:108190000C9890ED060A8DED080A04E09FEDAF0AF9
:1081A0008DED080AFFE70D989DED080A80ED4D0A58
:1081B0009DF84300C00730B1FFE70C9890ED050A29
:1081C0008DED070A04E09FEDA50A8DED070AFFE794
:1081D0000D989DED070A80ED4E0A1599C0F82411FF
:1081E0001499C0F8281190F820110020C9070690B2
:1081F00081B1FFE79DF869100020C907069049B1D9
:10820000FFE70D980C9991ED040A012104F094FF09
:108210000690FFE70D98069901F0010180F8211101
:1082200090F820110020C907059081B1FFE79DF863
:1082300068100020C907059049B1FFE70D980C9917
:1082400091ED030A022104F077FF0590FFE70D98F6
:10825000059901F0010180F8221190F82101C00771
:1082600058B1FFE70D980C9991ED040A002105F033
:10827000F7F80D9880ED150AFFE70D9890F82201A8
:10828000C00758B1FFE70D980C9991ED030A012141
:1082900005F0E6F80D9880ED160AFFE70D9890F8C6
:1082A0006101C00740B9FFE70D9890F82111012046
:1082B000C907049081B9FFE70D9890F8621100207A
:1082C000C907039029B9FFE70D9890F822010390A0
:1082D000FFE703980490FFE70D99049800F0010070
:1082E0008DF8420091F8210100F0010081F8610150
:1082F00091F8220100F0010081F862019DF86B0005
:10830000C00730B1FFE70D9890F82001C00720B9F1
:10831000FFE70D9800F050F94AE10D9890F821110F
:108320000020C907029029B1FFE70D9890F82201BB
:108330000290FFE70D98029901F001018DF84110BC
:1083400005F06EFC0538B0FA80F040098DF8400069
:108350009DF84E00C00728B9FFE79DF84000C00710
:1083600048B1FFE79DF84100C00720B9FFE70D982D
:1083700000F022F91CE10D9805F052FC50B1FFE726
:108380009DF84100C00728B9FFE70D99012081F849
:108390006001FFE723990020019049B1FFE70D99A3
:1083A0002398D1F8D410401A18BF01200190FFE79C
:1083B000019800F001008DF83F009DF84E00C007C5
:1083C00000284DD0FFE79DF83F00C00720B3FFE72E
:1083D0000D992398C1F8D4009DF84300C00728B137
:1083E000FFE70D982199FFF71FFB14E00D9890F817
:1083F0005300C00750B1FFE79DF84100C00728B106
:10840000FFE70D982199FFF743FD03E00D9800F079
:10841000D3F8FFE7FFE7CBE00D9805F001FC032858
:108420001BD1FFE70D982199FFF7AEFC0D9805F0E1
:1084300073FB88B1FFE70D98002105F031FB0D9823
:1084400080ED170A012105F02BFB0D9880ED180A2D
:10845000042104F051FAFFE7FFE7A9E00000000063
:108460009DF84000C007D0B1FFE79DF83F00C0076E
:1084700028B1FFE70D992398C1F8D400FFE79DF8D4
:108480004300C00728B1FFE70D982199FFF7CCFA08
:1084900004E00D982199FFF78BFBFFE788E09DF83A
:1084A0004300C007F8B9FFE70D9890F85300C007E4
:1084B000A0B1FFE79DF84100C00778B1FFE79DF844
:1084C0003F00C00728B1FFE70D992398C1F8D400F9
:1084D000FFE70D982199FFF7DBFC03E00D9800F012
:1084E0006BF8FFE764E00D9805F09AFB78B9FFE7B9
:1084F0009DF83F00C00728B1FFE70D992398C1F808
:10850000D400FFE70D982199FFF78EFA50E00D98FF
:1085100005F086FB02281FD1FFE79DF83F00C0074A
:10852000D0B1FFE70D992398C1F8D4009DF84F0012
:10853000C00780B1FFE70D9890F85200C00750B116
:10854000FFE79DF84100C00728B1FFE70D9821998A
:10855000FFF79AFAFFE72BE09DF83F00C00728B12C
:10856000FFE70D992398C1F8D400FFE79DF842007A
:10857000C00760B1FFE70D982199FFF755FA0D99F3
:108580009DF841200120904381F8600110E00D9892
:1085900005F046FB012805D1FFE70D982199FFF76B
:1085A0008BFB05E00D994FF07E50C1F83C01FFE7D1
:1085B0001CB0B0BD0000000080B586B005900598E5
:1085C00003900021049104F097F903980499C0F8EE
:1085D0003C11C0F84011C0F8441100F5A47001909E
:1085E0009FED120A8DED020A01F006FA01989DED49
:1085F000020A01F08DFB0198DDED020AB0EE600A7F
:1086000001F01EFA03990498C1F89400C1F8D00053
:1086100081F8D80081F8210181F8220181F86001F8
:1086200081F8610181F8620106B080BD00000000A0
:1086300080B586B0059004910598039004F0B0F9D8
:1086400003980021029180F8521080F85310416580
:108650008165C16501666430DFED3A0ACDED010A3E
:10866000B0EE600A01F060FB0398DDED010A7C309A
:10867000B0EE600A01F058FB0398DDED010A0299A3
:10868000C0F89410C0F89810C0F89C10A030B0EE5C
:10869000600A01F049FB0398DDED010AB830B0EE45
:1086A000600A01F041FB03980299C0F8D010C0F8AD
:1086B000D41080F8D810DC3004994422E7F75BFE30
:1086C000DDED010A0299039880F8201180F821114C
:1086D00080F82211C0F82411C0F82811C0F82C111C
:1086E000C0F83011C0F83411C0F83811C0F83C118E
:1086F000C0F84011C0F8441100F5A470B0EE600A53
:1087000001F012FB0398029A80F8602180F8612141
:1087100080F86221062104F013F9039804F0BCFDEF
:108720000146039880F8201105F06EF80146039881
:1087300080F8521004F094FF0146039880F853101B
:1087400006B080BD0000000089B008908DED070ADA
:10875000CDED060A8DED051ACDED041A8DF80F103A
:108760008DF80E20089800909DF80E00C00750B1BB
:10877000FFE700989DED050A9FED311A20EE010AF2
:1087800080ED000A5AE000989DED050A9DED071A5C
:1087900030EE410A8DED020A9DED050A9DED061AA7
:1087A00030EE410A8DED010A9DED040A90ED021AAA
:1087B000B4EE410AF1EE10FA0ADAFFE700989DEDF7
:1087C000050A9FED1F1A20EE010A80ED000A1DE048
:1087D0009DF80F00C00720B1FFE7009901980860DD
:1087E00013E000989DED040A90ED011AB4EE410AE1
:1087F000F1EE10FA04DBFFE700990298086003E04D
:10880000009905980860FFE7FFE7FFE700989DEDF6
:10881000050A9FED0C1A20EE010A80ED030A90ED87
:10882000000A90ED031AB4EE410AF1EE10FA04DAF0
:10883000FFE70099C8680860FFE7FFE709B07047E5
:10884000CDCC4C3F3333333F81B00090009890ED56
:10885000000A01B07047000084B003908DED020A59
:10886000CDED010A8DED001A0398002101600299F7
:108870004160019981600099C16004B070470000B7
:1088800080B592B0DDF850C0119010910F920E9308
:108890008DED0D0ACDED0C0A119905910020C1F85E
:1088A0009000C1F89400C1F89800C1F8F800C1F830
:1088B000FC00C1F800018DF82F00FFE79DF82F00A4
:1088C000032855DCFFE705989DF82F10109A02EB5E
:1088D000810292ED000A149A02EB810292ED001AD5
:1088E00030EE010A0F9A02EB8102D2ED000A0E9AD5
:1088F00000F02AFA05989DF82F1000F015FAB5EE51
:10890000400AF1EE10FA0FDAFFE705989DF82F10F4
:1089100000F00AFA0598B0EE401A90ED240A30EE05
:10892000010A80ED240A0EE005989DF82F1000F052
:10893000FBF90598B0EE401A90ED250A30EE010AD9
:1089400080ED250AFFE705989DF82F1000F0ECF95F
:108950000598B0EE401A90ED260A30EE010A80ED3F
:10896000260AFFE79DF82F0001308DF82F00A5E7BC
:10897000059890ED260A9DED0D1A30EE010A80ED66
:10898000260A90ED260A9DED0C1AB4EE410AF1EE8E
:1089900010FA20DAFFE705994FF07E50C1F8A400E5
:1089A00000208DF82E00FFE79DF82E00032811DC33
:1089B000FFE7059910989DF82E2050F8220001EB52
:1089C0008201C1F8A800FFE79DF82E0001308DF864
:1089D0002E00E9E74FE100200A90FFE70A980328FC
:1089E0005CDCFFE705980E9991ED040A10990A9A4C
:1089F00001EB820191ED001A149901EB820191EDD6
:108A0000002A31EE022A20EE021A90ED3E0AA1EE73
:108A1000020A80ED3E0A0E99109B0A9A03EB82032C
:108A200093ED000A149B03EB820393ED001A30EEE2
:108A3000012A91ED010A91ED031A0F9901EB8201D0
:108A400091ED003A21EE031A21EE021AA0EE021A6D
:108A500090ED3F0A30EE010A80ED3F0A0E990F9A21
:108A60000A9B02EB830292ED002AB0EEC24A91ED1E
:108A7000001A91ED023A91ED050AA3EE041A20EED8
:108A8000020AA0EE021A90ED400A30EE010A80EDD3
:108A9000400AFFE70A9801300A909FE7059890ED99
:108AA000400A9DED0C1A9DED0D2A31EE021A30EEB2
:108AB000410A80ED400A90ED3E0A90ED3F1A90ED9C
:108AC000402AB9EE003A20EE030A20EE020AA1EE97
:108AD000010A80ED410A90ED410AB5EE400AF1EE3F
:108AE00010FA05DAFFE705990020C1F8A400A6E016
:108AF000059890ED3F0A8DED020A90ED410A0EF0C7
:108B000043F99DED021A059830EE410A90ED3E1AA8
:108B100031EE011A80EE010A8DED090A90ED3F1A3F
:108B200090ED410AB1EE411A8DED031A0EF02CF9C9
:108B30000598B0EE401A9DED030A30EE410A90ED23
:108B40003E1A31EE011A80EE010A8DED080A9DED04
:108B5000090A0020B5EE400AF1EE10FA04900DDB90
:108B6000FFE79DED090AB7EE001A0020B4EE410AB6
:108B7000F1EE10FAD8BF01200490FFE7049800F04E
:108B800001008DF81F009DED080A0020B5EE400A97
:108B9000F1EE10FA01900DDBFFE79DED080AB7EE4C
:108BA000001A0020B4EE410AF1EE10FAD8BF0120FD
:108BB0000190FFE7019800F001008DF81E009DF87C
:108BC0001F00C007F8B1FFE79DF81E00C007D0B135
:108BD000FFE79DED090A9DED081AB4EE410AF1EE9A
:108BE00010FA05DDFFE79DED090A8DED000A04E0AE
:108BF0009DED080A8DED000AFFE705989DED000A3E
:108C000080ED290A1AE09DF81F00C00728B1FFE790
:108C100005990998C1F8A4000FE09DF81E00C0074F
:108C200028B1FFE705990898C1F8A40004E0059968
:108C30000020C1F8A400FFE7FFE7FFE7FFE70020FF
:108C40000690FFE70698032814DCFFE7059890EDEF
:108C5000290A109A069902EB810292ED001A20EE81
:108C6000010A00EB810080ED2A0AFFE70698013037
:108C70000690E7E7FFE712B080BD000000000000AB
:108C800082B001908DF8031001989DF8031000EB5D
:108C9000810090ED2A0A02B0704700000000000039
:108CA00085B0039003990091049100200190C1F8D0
:108CB0009000C1F89400C1F89800C1F89C00C1F878
:108CC000A000C1F8A400C1F8F800C1F8FC00C1F888
:108CD0000001C1F804010290FFE70298032820DC9C
:108CE000FFE70099029801EB80020020C2F8A8007B
:108CF000029A01EB8202C2F8B800029A01EB8202EA
:108D0000C2F8C800029A01EB8202C2F8D800029AA7
:108D100001EB8201C1F8E800FFE702980130029000
:108D2000DBE7049805B0704782B001908DF803101E
:108D300001989DF8031001EBC10100EB810090ED5B
:108D4000020A02B07047000087B006908DF8171035
:108D50008DED040ACDED030A029206980090049965
:108D60009DF8172002EBC20240F8221003999DF8EB
:108D7000172002EBC20200EB8202516002999DEDC6
:108D8000042A91ED000A91ED011A91ED025A91ED3C
:108D9000034AA2EE010A9DED031AB0EEC13AA3EE1A
:108DA000050A22EE013AA3EE040A22EE022A91ED10
:108DB000043AA2EE030A21EE011A91ED052AA1EE72
:108DC000020A9DF8171001EBC10100EB810080ED54
:108DD000020A00200190FFE70198052813DCFFE755
:108DE00000990298019A50F822009DF8173003EB81
:108DF000C30301EB830101EB8201C860FFE7019827
:108E000001300190E8E707B0704700000000000063
:108E100089B004AB00930346009808938DF81F10A7
:108E20008DF81E2080ED020AC0ED010A80ED001AC7
:108E3000089801909DF81E100020C907029061B1AA
:108E4000FFE7009890ED020A0020B5EE400AF1EE2F
:108E500010FAC8BF01200290FFE7029800F001005D
:108E60008DF80F009DF80F00C00720B1FFE70199B2
:108E700006980860FFE79DF81F00C00758B1FFE79C
:108E80009DF80F00C00730B9FFE7019908684860F6
:108E90000498886039E09DF81F00C007E8B9FFE733
:108EA0009DF80F00C007C0B1FFE7009890ED010AE0
:108EB0009FED171AB4EE410AF1EE10FA06DDFFE756
:108EC000019908684860C868886005E001990868E9
:108ED000486000208860FFE716E09DF81F00C0078B
:108EE00058B9FFE79DF80F00C00730B9FFE70199B7
:108EF000086848600020886005E00199069848608D
:108F000004988860FFE7FFE7FFE709B0704700BFFC
:108F100000005C420000000082B001908DED000A6C
:108F200001980021C4F2702101604160002181603C
:108F30000099C16002B0704782B001908DED000AC7
:108F400001990098086302B070470000000000001B
:108F500081B00090009900208861C8610862486370
:108F600048610861C86001B070470000000000005F
:108F700080B586B005908DED040ACDED030A059805
:108F800000909DED040A00F0CFF800989DED030AD3
:108F9000FFF7D2FF009890ED0B0A90ED0C1A30EE1F
:108FA000410A80ED0D0A90ED000A90ED0D1A20EEB9
:108FB000010A80ED030A90ED0F0AB5EE400AF1EECA
:108FC00010FA0ED0FFE7009890ED0D0AFCF798F824
:108FD000009890ED0F1AB4EE410AF1EE10FA24DA7F
:108FE000FFE7009890ED060A90ED0D1A30EE010AA9
:108FF00080ED060A90ED0E0AB5EE400AF1EE10FA89
:1090000012DDFFE7009901F1180001F1380291ED3E
:109010000E0AB1EE400A8DED020A02A906F0FCFD2F
:10902000009900688861FFE7FFE7009A92ED010A66
:1090300092ED061A20EE010A82ED040A92ED020A70
:1090400092ED072A92ED0D1A31EE421A20EE010A36
:1090500082ED050A92ED030A92ED042A92ED051ABB
:1090600030EE020A30EE010A02F1200082ED080A19
:1090700002F12801243206F0CFFD0146009809686C
:10908000016290ED080A90ED091AB4EE410AF1EE82
:1090900010FA09DBFFE7009890ED0D0AB5EE400AE3
:1090A000F1EE10FA14DCFFE7009890ED080A90ED5D
:1090B0000A1AB4EE410AF1EE10FA2DDCFFE700982F
:1090C00090ED0D0AB5EE400AF1EE10FA24DAFFE752
:1090D000009890ED060A90ED0D1A30EE410A80EDF1
:1090E000060A90ED0E0AB5EE400AF1EE10FA12DD16
:1090F000FFE7009901F1180001F1380291ED0E0A25
:10910000B1EE400A8DED010A01A906F085FD009936
:1091100000688861FFE7FFE70098416BC16190ED4F
:10912000080A06B080BD000082B001908DED000AF3
:1091300001990098C86202B070470000000000006A
:1091400087B006908DED050ACDED040A8DED031A6A
:10915000CDED021A8DED012ACDED002A0698029977
:1091600041629DED020AB1EE400A80ED0A0A0199C2
:1091700081630099C1630599016004994160039975
:10918000816007B07047000084B003908DED020A43
:10919000CDED010A8DED001A0399029848600198FF
:1091A00088600098C86004B07047000000000000AC
:1091B00081B00090009847F63061C0F60201083196
:1091C0000160002141608160C16001B07047000012
:1091D00080B582B001900198009000F009F80098E5
:1091E000102107F039FD02B080BD00000000000032
:1091F00081B00090009801B07047000000000000AE
:1092000085B004908DED030ACDED020A8DED011AB3
:10921000CDED001A0499039848600298886001987F
:10922000C8600098086105B07047000000000000A9
:1092300084B0029002990091039147F65060C0F605
:1092400002000830086000200190FFE70198032821
:109250000BDCFFE70098019900EB810100204860DA
:10926000FFE7019801300190F0E7039804B07047E0
:1092700080B582B001900198009000F009F8009844
:10928000142107F0E9FC02B080BD000000000000DE
:1092900081B00090009801B070470000000000000D
:1092A00082B001908DED000A01990098486102B0EA
:1092B000704700000000000084B003908DED020AAA
:1092C000CDED010A8DED001A0399029848600198CE
:1092D00088600098C86004B070470000000000007B
:1092E00082B001908DED000A01990098886102B06A
:1092F000704700000000000082B001908DED000A70
:1093000001990098086102B0704700000000000059
:1093100081B00090009847F66061C0F60201083104
:109320000160002141608160C16001614FF07E51A8
:109330004161816101B0704780B582B001900198B0
:10934000009000F009F800981C2107F085FC02B09D
:1093500080BD00000000000081B00090009801B0C6
:10936000704700000000000080B58CB00B900B9996
:10937000069100200862486288620A90FFE70A9816
:10938000032800F38680FFE7069890ED060A8DED2E
:10939000000A0A9904F074FC0698B0EE401A9DED9C
:1093A000000A20EE010A8DED010A2C3003900A9983
:1093B00000EB810090ED000A0DF076FB0698B0EE10
:1093C000401A9DED010A20EE010A8DED090A90ED8B
:1093D000060A8DED020A0A9904F052FC0398B0EED9
:1093E000401A9DED020A20EE010A8DED040A0A9949
:1093F00000EB810090ED000A0DF0FEFB039A069849
:10940000B0EE401A9DED040A20EE010A8DED080A27
:109410009DED091A90ED080A30EE010A80ED080A68
:109420009DED081A90ED090A30EE010A80ED090A57
:109430000A9902EB810292ED000A00EB810191EDA5
:109440000F1A30EE410A8DED070A0A9904F018FC54
:10945000069890ED061A20EE010A8DED050A9DEDA5
:10946000070A0DF0C9FB0698B0EE401A9DED050AFB
:1094700020EE011A90ED052A90ED0A0A81EE021AFB
:1094800030EE010A80ED0A0AFFE70A9801300A90DF
:1094900075E7069890ED071A90ED080A80EE010A2C
:1094A00080ED080A90ED071A90ED090A80EE010A96
:1094B00080ED090A90ED071A90ED0A0A80EE010A84
:1094C00080ED0A0A0CB080BD80B586B005908DEDA8
:1094D000040ACDED030A8DED021ACDED011A0598AF
:1094E00000909DED040ADDED030A9DED021ADDED0D
:1094F000011AFFF785FE0098FFF736FF06B080BD22
:1095000080B58AB008908DED070ACDED060A8DED85
:10951000051A04910392089801900990FFF788FEBC
:10952000019947F69860C0F6020008300860079875
:109530004861069888610598C86100200862486201
:1095400088620290FFE70298032814DCFFE7019984
:109550000498029A50F8220001EB8202D06203982C
:10956000029A50F8220001EB8201C863FFE70298DB
:1095700001300290E7E709980AB080BD00000000C2
:1095800080B582B001900198009000F009F8009831
:109590004C2107F061FB02B080BD0000000000001C
:1095A00080B582B0019001980090FFF771FE00989D
:1095B00002B080BD0000000080B58AB008908DED3B
:1095C000070ACDED060A8DED051A0491039208985D
:1095D00001900990FFF7ECFD019947F6A860C0F6ED
:1095E00002000830086007980861069848610598ED
:1095F000886100200290FFE70298032821DCFFE742
:109600000199029801EB80020020D0610498029A2F
:1096100050F8220001EB8202D0620398029A50F8BF
:1096200032003C3141F832000398029A00EBC2004C
:10963000406801EBC2014860FFE7029801300290E8
:10964000DAE709980AB080BD80B582B00190019830
:10965000009000F009F800985C2107F0FDFA02B0D4
:1096600080BD00000000000080B582B0019001982C
:109670000090FFF7BDFD009802B080BD0000000023
:1096800080B58CB00B900B98099000200A90FFE7F2
:109690000A9803286DDCFFE70998403003900A9987
:1096A00000EB810090ED000A0DF0FEF90398099996
:1096B0008DED010A91ED070A8DED000A0A9900EB84
:1096C000810090ED000A0DF097FA9DED002A9DEDC6
:1096D000011A0398099991ED083A91ED094A8DED27
:1096E000074A20EE030A91EE020A8DED080A01F105
:1096F000500202920A9902EBC10292ED010A8DED2D
:10970000060A00EB810090ED000A0DF0CDF9029AF7
:1097100003988DED050A0A9902EBC10292ED000A49
:109720008DED040A00EB810090ED000A0DF064FA63
:109730009DED042A9DED054A9DED063A9DED071A23
:109740000998B0EE405A9DED080A22EE052AA3EED4
:10975000442AA1EE020A90ED0B1A80EE010A0A9942
:1097600000EB810080ED0C0AFFE70A9801300A90B7
:109770008EE70CB080BD000080B588B007908DEDFD
:10978000060ACDED050A8DED041ACDED031A8DED17
:10979000022ACDED012A079800909DED030A016889
:1097A000C968884700989DED020A016809698847E1
:1097B00000989DED010A01684969884700989DED70
:1097C000060ADDED050A9DED041A016889688847DF
:1097D000009800F005F80098FFF752FF08B080BD30
:1097E00080B58CB00B900B9809900168896A884706
:1097F00009988DED040A01688969884709988DEDFB
:10980000030A0168496A88470DF04EF909988DED01
:10981000020A0168C969884709988DED010A016843
:10982000496A88470DF0E8F99DED011A9DED023A6D
:109830009DED032A0998B0EE404A9DED040A21EE01
:10984000041AA2EE031A20EE010A80ED070A01684D
:10985000896A884709988DED080A016889698847EF
:1098600009988DED060A0168496A88470DF0C4F928
:1098700009988DED070A0168C969884709988DED37
:10988000050A0168496A88470DF00EF99DED051A31
:109890009DED063A9DED072A0998B0EE404A9DEDF0
:1098A000080A21EE041AA2EE431A20EE010A80ED06
:1098B000080A0168C96A884709988DED0A0A016893
:1098C000096A88470998B0EE401A9DED0A0A20EE11
:1098D000010A80ED090A0CB080BD00000000000004
:1098E00080B588B006908DED050ACDED040A039190
:1098F0000292069800900790FFF70AFD009A47F63B
:10990000C860C0F60200083010600020D06110620C
:109910005062059991620499D1620190FFE7019824
:10992000032821DCFFE70099019801EB8002002069
:1099300010630398019A50F8220001EB8202106430
:109940000298019A50F83200503141F832000298E2
:10995000019A00EBC200406801EBC2014860FFE7DA
:10996000019801300190DAE7079808B080BD000047
:1099700080B582B001900198009000F009F800983D
:10998000702107F069F902B080BD000000000000FE
:1099900080B582B0019001980090FFF7DDFC00983F
:1099A00002B080BD0000000081B00090009800214E
:1099B000016041608160016240F6DB72C4F24902DD
:1099C00082674FF07E52C267C0F88010C0F88410E2
:1099D000C0F8882080F88C1080F88D10C0F89010A6
:1099E00080F89410816141628162C16101604160CF
:1099F0008160016301B0704782B001908DED000A73
:109A000001990098486002B0704700000000000013
:109A100082B001908DED000A01990098C86002B0F3
:109A2000704700000000000082B001908DED000A38
:109A300001990098886002B07047000000000000A3
:109A400080B584B003908DED020ACDED010A039834
:109A500000909DED020A00F05BF900989DED010A6F
:109A6000FFF7CAFF009890ED011A90ED040AB4EEDA
:109A7000410AF1EE10FA0BDBFFE7009890ED001AB7
:109A800090ED010AB4EE410AF1EE10FA16DAFFE7A2
:109A9000009890ED011A90ED040AB4EE410AF1EE3F
:109AA00010FA0FDCFFE7009890ED001A90ED010A24
:109AB000B4EE410AF1EE10FA04DCFFE700994868C1
:109AC0004861FFE7009890ED000AB5EE400AF1EE1C
:109AD00010FA5ADDFFE7009890ED001A90ED040AA5
:109AE000B4EE410AF1EE10FA21DDFFE7009890EDA7
:109AF000000A90ED041A30EE410A06F0BDF8009815
:109B000090ED021AB4EE410AF1EE10FA0ADDFFE719
:109B1000009890ED021A90ED050A30EE010A80EDF2
:109B2000050A03E0009908694861FFE72CE0009806
:109B300090ED001A90ED040AB4EE410AF1EE10FA2D
:109B400021DAFFE7009890ED000A90ED041A30EE5C
:109B5000410A06F091F8009890ED031AB4EE410A1C
:109B6000F1EE10FA0ADDFFE7009890ED031A90ED90
:109B7000050A30EE410A80ED050A03E00099086904
:109B80004861FFE7FFE7FFE7BDE0009890ED000ABE
:109B9000B5EE400AF1EE10FA5ADAFFE7009890EDC0
:109BA000001A90ED040AB4EE410AF1EE10FA21DA3F
:109BB000FFE7009890ED000A90ED041A30EE410A9C
:109BC00006F05AF8009890ED021AB4EE410AF1EE50
:109BD00010FA0ADDFFE7009890ED021A90ED050AF1
:109BE00030EE410A80ED050A03E0009908694861FA
:109BF000FFE72CE0009890ED001A90ED040AB4EE17
:109C0000410AF1EE10FA21DDFFE7009890ED000A1D
:109C100090ED041A30EE410A06F02EF8009890ED0F
:109C2000031AB4EE410AF1EE10FA0ADDFFE70098DC
:109C300090ED031A90ED050A30EE010A80ED050A59
:109C400003E0009908694861FFE7FFE7FFE759E093
:109C5000009890ED001A90ED040AB4EE410AF1EE7E
:109C600010FA21DDFFE7009890ED000A90ED041A4C
:109C700030EE410A06F000F8009890ED021AB4EEBA
:109C8000410AF1EE10FA0ADDFFE7009890ED021AA2
:109C900090ED050A30EE010A80ED050A03E0009917
:109CA00008694861FFE72CE0009890ED001A90EDFC
:109CB000040AB4EE410AF1EE10FA21DAFFE7009847
:109CC00090ED000A90ED041A30EE410A05F0D4FF41
:109CD000009890ED021AB4EE410AF1EE10FA0ADD96
:109CE000FFE7009890ED021A90ED050A30EE410A68
:109CF00080ED050A03E0009908694861FFE7FFE786
:109D0000FFE7FFE7FFE700994869086004B080BDFE
:109D100082B001908DED000A01990098086102B0AF
:109D2000704700000000000083B002908DED010A32
:109D3000CDED000A0298002101604160019A826025
:109D4000009AC2600161416103B0704700000000E9
:109D500080B582B0019001980090EDF791FC0099D8
:109D6000886002B080BD000082B00190019900912E
:109D70008868C968884207D2FFE700998A68C8687E
:109D8000C0431044086005E000998868CA68801ADA
:109D90000860FFE7009908684968884209D3FFE72F
:109DA0000098006920B9FFE7009901200861FFE7EA
:109DB00009E000980069012804D1FFE7009900201C
:109DC0000861FFE7FFE702B07047000000000000F5
:109DD00080B582B0019001980090EDF751FC009998
:109DE000C86002B080BD000082B00190009101986F
:109DF0000099416000218160C1600121016102B0D0
:109E0000704700000000000081B0009000986421BD
:109E1000416000218160C1600121016101B0704792
:109E200080B540F2C010C2F200400078BFF35F8FEF
:109E3000C007A8B9FFE740F2C010C2F200400AF024
:109E4000CCF868B1FFE740F23C30C2F2004000F0CD
:109E50004FF840F2C010C2F200400AF0D4F8FFE719
:109E600040F23C30C2F2004080BD00000000000023
:109E700083B002908DF80710029800909DF80700BB
:109E8000012805DBFFE79DF80700092801DBFFE754
:109E900029E00098007B0C2801DBFFE723E000208D
:109EA0008DF80600FFE700999DF80600097B8842BF
:109EB00011DAFFE700989DF80610405C9DF8071046
:109EC000884201D1FFE70EE0FFE79DF80600013070
:109ED0008DF80600E7E700999DF807000A7B531C00
:109EE0000B738854FFE703B07047000000000000C8
:109EF00081B000900098002101730161017501B0EB
:109F0000704700000000000040F25430C2F20040F0
:109F1000704700000000000080B582B001900198F9
:109F200000F002F802B080BD84B003900398009066
:109F300000200290FFE70298022830D8FFE700993E
:109F4000029A40F65040C2F2004050F82220029B94
:109F500041F82320029A00EB8202D268029B01EBB7
:109F60008303DA60029A00EB82029269029B01EBA2
:109F700083039A61029A00EB8202526A029B01EB10
:109F800083035A62029A00EB8200006B029A01EB93
:109F900082010863FFE7029801300290CBE70020BE
:109FA0000190FFE70198032812D8FFE70099019A72
:109FB00040F65040C2F2004000EB8200C06B019AB4
:109FC00001EB8201C863FFE7019801300190E9E7E6
:109FD000009940F65040C2F20040C26CCA6490F84A
:109FE000502081F8502090F8512081F8512090F8AD
:109FF000522081F8522090F8532081F8532090F895
:10A00000542081F8542090F8552081F8552090F87C
:10A01000562081F8562090F8572081F8572090F864
:10A02000582081F85820C26DCA65006E086604B0D9
:10A03000704700000000000080B584B003900398D2
:10A040000190E7F755F8014601988DF80B10FFF7DE
:10A050006BFF9DF80B0004B080BD00000000000005
:10A0600082B001908DED000A01990098886402B0D9
:10A07000704700000000000080B582B00190019898
:10A080003430FFF7A5FE02B080BD000000000000E4
:10A0900080B584B003908DED020A039801909DED88
:10A0A000020AFBF72DF8019890ED121AB4EE410A5E
:10A0B000F1EE10FA03DAFFE700200290FFE79DEDD2
:10A0C000020A04B080BD000080B586B005900491FE
:10A0D00005980390049808B9FFE7F4E00398FFF7A8
:10A0E000CBFF03980499002202920B23009303F004
:10A0F000DBFE0146039803F047FF009B01460398EF
:10A10000018004991A4603F0CFFE0146039803F03C
:10A110003BFF009B0146039841800499162203F0FF
:10A12000C3FE0146039803F02FFF009B01460398EE
:10A1300081800499212203F0B7FE0146039803F0C1
:10A1400023FF01460398C180049A117C527C03F0DE
:10A150000BFF01460398018104992E2202230193EB
:10A1600003F0A2FE019B01460398817204992C2200
:10A1700003F09AFE01460398C172B0F90410A1F5EC
:10A18000806100EE101AB8EEC00AFFF781FF039855
:10A19000BDEEC00A10EE101A8181B0F90610A1F5CB
:10A1A000806100EE101AB8EEC00AFFF771FF039845
:10A1B000BDEEC00A10EE101AC181B0F90010A1F571
:10A1C000806100EE101AB8EEC00AFFF761FF039835
:10A1D000BDEEC00A10EE101A0182B0F90210A1F50E
:10A1E000806100EE101AB8EEC00AFFF751FF039825
:10A1F000BDEEC00A10EE101A4182B0F90810A1F5A8
:10A20000806100EE101AB8EEC00AFFF741FF029914
:10A210000398BDEEC00A10EE102A8282B0F90C003D
:10A2200000F076F80299039880ED080AB0F90E0064
:10A2300000F06EF80299039880ED090AB0F9100059
:10A2400000F066F80299039880ED0A0AB0F912004E
:10A2500000F05EF80299039880ED0B0AB0F9140043
:10A2600000F056F8039880ED0C0A049A9179D2799F
:10A2700003F07AFE01460398C182049A117A527A59
:10A2800003F072FE014603980183049A917AD27A10
:10A2900003F06AFE0146039841830499097B03F0A9
:10A2A0004FFE0146039801770499497B03F048FE6D
:10A2B000014603984177049A917BD27B03F054FEC8
:10A2C0000399C883FFE706B080BD000000000000CE
:10A2D00080B584B003900291039800900021019111
:10A2E000018041808180C18001818172C172C182FF
:10A2F0000183418301774177C18334300299FFF7AD
:10A3000073FD00980199816404B080BD00000000D5
:10A3100084B0ADF80A00ADF80810BDF80A00BDF829
:10A320000810401AADF80600BDF9060000EE100A4C
:10A33000B8EEC00A9FED141A80EE010A8DED000AF6
:10A340009DED000AB7EE001AB4EE410AF1EE10FAE4
:10A3500004DDFFE74FF07E50039011E09DED000A11
:10A36000BFEE001AB4EE410AF1EE10FA05DAFFE78B
:10A370000020CBF68070039002E000980390FFE786
:10A380009DED030A04B07047000025440000000062
:10A3900080B58CB00A900A9807900B90642100F069
:10A3A00077F8079947F60070C0F602000830086099
:10A3B0000620C8620020086301F134003C31089196
:10A3C0000990FFE70999089A002041F8040B084614
:10A3D00091420990F6D1FFE707990020C86301F187
:10A3E0004000483105910690FFE70699059A002044
:10A3F00041F8040B084691420690F6D1FFE7079911
:10A400000020886401F14C00543103910490FFE76F
:10A410000499039A002041F8040B084691420490E5
:10A42000F6D1FFE707990020486501F15800643133
:10A4300001910290FFE70299019A002041F8040B74
:10A44000084691420290F6D1FFE70799002048663E
:10A4500088660B980CB080BD80B582B001900198E1
:10A46000009000F009F800986C2106F0F5FB02B0AE
:10A4700080BD00000000000080B582B0019001980E
:10A48000009000F031F8009802B080BD000000009C
:10A4900080B584B0039002910398019047F6107143
:10A4A000C0F602010831016004300299FFF79CFCFC
:10A4B0000198002180F8281080F8291080F82A10CF
:10A4C00004B080BD0000000080B582B0019001980A
:10A4D000009000F009F800982C2106F0BDFB02B0B6
:10A4E00080BD00000000000081B00090009801B025
:10A4F00070470000000000008BB00A908DED090A43
:10A50000CDED080A8DED071ACDED061A8DED052A61
:10A51000CDED042A8DED033ACDED023A8DED014AE1
:10A52000CDED004A0A9809990160089941600799A0
:10A5300081600699C160059901610499416103999F
:10A5400081610299C16101990162009941620BB078
:10A55000704700000000000080B588B007908DEDC6
:10A56000060ACDED050A8DED041A03919DED060A4C
:10A57000DDED050A9DED041A00F086FB8DED060A5F
:10A580009DED040A9DED051A30EE410A8DED020A9B
:10A59000059801909DED060A9DED011A30EE410AE5
:10A5A000039901208840013801EE100AB8EEC11A63
:10A5B00020EE010A9DED021A80EE010ABDEEC00AEE
:10A5C00010EE100A08B080BD87B0069005918DEDA1
:10A5D000040ACDED030A02929DED030A9DED041AD3
:10A5E00030EE410A8DED010A049800909DED050AB8
:10A5F000B8EEC00A9DED011A20EE010A0299012071
:10A600008840013801EE100AB8EEC11A80EE010A46
:10A610009DED001A30EE010A07B0704700000000FF
:10A6200080B58CB00B908DF82B108DF82A200B98EC
:10A6300001906FF0407009904FF0FF30089002A831
:10A6400001F052FE9DF82A0048B9FFE701989DF8F5
:10A650002B1000EB8100D0F8C400049021E09DF89D
:10A660002A0001280BD1FFE701989DF82B1000EB81
:10A670008100D0F8C40000F58070049010E09DF8CF
:10A680002A0002280BD1FFE701989DF82B1000EB60
:10A690008100D0F8C40000F500700490FFE7FFE7E8
:10A6A000FFE708208DF8140008980999039102909B
:10A6B00000208DF81C008DF81D0001F011FE01999D
:10A6C00091F8181102689268904701680A6902A916
:10A6D00090470CB080BD000080B586B00590049115
:10A6E0000598019000208DF80F00FFE79DF80F00FE
:10A6F000012877DCFFE7019A04988068B2F9C2105C
:10A700009DF80F301A4492F8C4201144884262D157
:10A71000FFE70198049902910299097801F00F0C62
:10A7200000F1D00200929DF80F100B01D15C01F0F6
:10A73000F0016144D154029991F800C09DF80F10C6
:10A740000B01D15C0CF0F00C01F00F016144D1540D
:10A7500002994B78897841EA03219DF80F3002EB8A
:10A7600003135980029BD9781B79090141EA131C14
:10A770009DF80F1002EB0113998801F470416144B8
:10A78000998002990B79497903F00F0341EA032C70
:10A790009DF80F1002EB0113D98801F47041614458
:10A7A000D980029989799DF80F3002EB0313197251
:10A7B0000299C9799DF80F3002EB031251729DF88E
:10A7C0000F1000F0B5F801989DF80F100131C9B2D3
:10A7D00000F0CEFEFFE7FFE79DF80F0001308DF897
:10A7E0000F0083E706B080BD80B596B015908DF858
:10A7F00053108DED130ACDED120A8DED111ACDED2A
:10A80000101A8DED0F2A159802909DED130AD0EDC8
:10A810003C0A90ED3D1A1021FFF79EFE014602987A
:10A82000ADF83A109DED120AD0ED3E0A90ED3F1AB8
:10A830000C210191FFF790FE019902460298ADF8B4
:10A8400038209DED110AD0ED420A90ED431AFFF732
:10A8500083FE019902460298ADF836209DED100A5C
:10A86000D0ED440A90ED451AFFF776FE01990246B5
:10A870000298ADF834209DED0F0AD0ED400A90ED1E
:10A88000411AFFF769FEADF832009DF83B008DF8E4
:10A890002A009DF83A008DF82B00BDF83800000919
:10A8A0008DF82C00BDF838109DF8370040EA0110F3
:10A8B0008DF82D009DF836008DF82E00BDF834007F
:10A8C00000098DF82F00BDF834109DF8330040EAE0
:10A8D00001108DF830009DF832008DF8310004A889
:10A8E000039001F001FD02989DF8531000EB8100E8
:10A8F000D0F8C400069008208DF81C00DDF82A006E
:10A90000DDF82E100591049000208DF824008DF8BC
:10A91000250001F0E5FC029991F81811026892688F
:10A920009047039902681269904716B080BD0000F5
:10A9300080B58CB00B900A910B98009000F1F0015B
:10A94000099100F1D00102910A9A01EB02114988A4
:10A95000099A92ED000AD2ED010A1022FFF734FEA7
:10A9600000980299B7EEC00A00F1080203920A9B10
:10A9700003EBC30302EBC30383ED020B0A9B03EB60
:10A98000C30302EBC30292ED020B9FED6B1B20EEA3
:10A99000010B82ED000B0A9A01EB021189886FF31B
:10A9A0001F31099A92ED020AD2ED030A0C2201929C
:10A9B000FFF70AFE0098019A0299039BB7EEC00ABE
:10A9C000DDF828C00CEBCC0C03EBCC0C8CED040BAD
:10A9D000DDF828C00CEBCC0C03EBCC0393ED040B9F
:10A9E0009FED571B20EE010B9FED571B80EE010BD7
:10A9F00083ED060B0A9B01EB0311C9886FF31F312E
:10AA0000099B93ED040AD3ED050AFFF7DDFD029AD9
:10AA10000398B7EEC00A0A9901EBC10100EBC1012E
:10AA200081ED0A0B0A9902EB0112127A00EE102A4C
:10AA3000B8EE400B01EBC10100EBC10181ED0C0B45
:10AA40000A9901EBC10100EBC10191ED0E0B8DEDF7
:10AA5000060B0A9901EBC10100EBC10090ED000B60
:10AA60008DED040B9DED040B9DED061B30EE410BAF
:10AA70009FED371BB4EE410BF1EE10FA17DAFFE74A
:10AA800000989DED061B9FED380B30EE410B9DEDC0
:10AA9000041B30EE011B0A9901EBC10100EBC10060
:10AAA00090ED120B30EE010B80ED120B38E09DEDB6
:10AAB000040B9DED061B30EE410B9FED271BB4EE02
:10AAC000410BF1EE10FA17DDFFE700989DED040B46
:10AAD0009FED231B30EE010B9DED061B30EE411B5D
:10AAE0000A9901EBC10100EBC10090ED120B30EEB1
:10AAF000010B80ED120B12E000989DED040B9DED13
:10AB0000061B30EE411B0A9901EBC10100EBC100AD
:10AB100090ED120B30EE010B80ED120BFFE7FFE71B
:10AB200000989DED040B0A9901EBC10100EBC100F7
:10AB300080ED100B0CB080BDAE19661ADCA54C4040
:10AB40000000000000004E40182D4454FB21194025
:10AB500000000000008066C0000000000080664029
:10AB600000000000008076C00000000000807640F9
:10AB70002DE9F04F93B0009184462598DDF890B010
:10AB8000DDF88CA0DDF88890DDF88480209F1F9E82
:10AB90001E9D1D9CDDF870E0269901910099009999
:10ABA00011900198CDF840B0CDF83CA0CDF8389088
:10ABB000CDF834800C970B960A950994CDF820E0D7
:10ABC000CDF81CC0ADF81A10059204938DF80F0053
:10ABD000079802901290642100F0EAFC029947F66F
:10ABE0002070C0F6020008300860BDF81A00A1F815
:10ABF000C2000898099A0A9BDDF82CC0DDF830E005
:10AC00000D9CC1F80441C1F800E1C1F8FCC0C1F8D5
:10AC1000F830C1F8F420C1F8F0000E980F9A109B9C
:10AC2000DDF844C0C1F814C1C1F81031C1F80C21DD
:10AC3000C1F808019DF80F0081F8180100208DF877
:10AC40000E00FFE79DF80E00012818DCFFE70299CF
:10AC500005989DF80E20805C0A4482F8C400049890
:10AC60009DF80E2050F8220001EB8201C1F8C800C7
:10AC7000FFE79DF80E0001308DF80E00E2E7129814
:10AC800013B0BDE8F08F000080B584B08DED020AEE
:10AC9000CDED010A8DED001A9DED020A04F0F8FFDA
:10ACA00018B9FFE700200290FFE79DED020A9DED35
:10ACB000011AB4EE410AF1EE10FA03DAFFE7019847
:10ACC00003900FE09DED020A9DED001AB4EE410ADB
:10ACD000F1EE10FA03DDFFE70098039002E002981E
:10ACE0000390FFE79DED030A04B080BD0000000063
:10ACF0002DE9F04F9FB084462898CDF878C0ADF884
:10AD000076101C921B938DF86B001E980F90BDF867
:10AD100076000B901C980C901B980D9010A89FED3E
:10AD2000290ADFED290ABAEE041AF2EE041ABBEE84
:10AD30000B2AF3EE0B2ADFED253A9FED254AF1EEC3
:10AD4000044AB0EE443AFFF7D7FB0B990C9A0D9BDF
:10AD50009DF86B00DDF840C0119C129D139E149F5E
:10AD6000DDF85480DDF85890DDF85CA0DDF860B0C7
:10AD7000DDF864E0CDF838E0EE46CEF828000E9815
:10AD8000CEF824000F98CEF820B0CEF81CA0CEF854
:10AD90001890CEF81480CEF81070CEF80C60CEF873
:10ADA0000850CEF80440CEF800C0FFF7E1FE0F983F
:10ADB00047F62C71C0F60201083101601FB0BDE8F2
:10ADC000F08F00BFD00F49C0D00F49400000FA43B8
:10ADD00000000000000000002DE9F04F9FB0844605
:10ADE0002898CDF878C0ADF876101C921B938DF89A
:10ADF0006B001E980F90BDF876000B901C980C907D
:10AE00001B980D9010A89FED290ADFED290ABBEED3
:10AE1000041AF3EE041A9FED272ADFED272ADFED4F
:10AE2000273A9FED274AF1EE044AB0EE443AFFF785
:10AE300063FB0B990C9A0D9B9DF86B00DDF840C0ED
:10AE4000119C129D139E149FDDF85480DDF85890DC
:10AE5000DDF85CA0DDF860B0DDF864E0CDF838E046
:10AE6000EE46CEF828000E98CEF824000F98CEF8C3
:10AE700020B0CEF81CA0CEF81890CEF81480CEF8F2
:10AE80001070CEF80C60CEF80850CEF80440CEF822
:10AE900000C0FFF76DFE0F9847F63871C0F602014B
:10AEA000083101601FB0BDE8F08F00BFD00F49C06E
:10AEB000D00F49400000C2C20000C2420000FA4365
:10AEC00000000000000000008CB00B908DED080B1E
:10AED0008DED061B8DED042B8DED023B8DED004BB2
:10AEE0000B989DED080B80ED000B9DED060B80EDA2
:10AEF000020B9DED040B80ED040B9DED020B80ED2C
:10AF0000060B9DED000B80ED080B90ED081B9FEDEF
:10AF10001E0B80EE010B80ED0A0B90ED001BB7EECF
:10AF2000000B80EE011B9FED1A2B81EE021B31EE10
:10AF3000011B9FED192B21EE021B80ED0E1B90EDE6
:10AF4000001B80EE011B80ED0C1B90ED021B90EDB1
:10AF5000043B90ED062B81EE031B21EE021B80EDDE
:10AF6000101B90ED042B90ED061B81EE021B80ED73
:10AF7000121B90ED001B80EE010B80ED140B0CB04A
:10AF8000704700BF00BF00BF000000000080764097
:10AF90000000000000004E40182D4454FB210940E1
:10AFA00080B584B003900291039800900298806865
:10AFB000ADF8060000208DF80500FFE79DF80500BC
:10AFC000032847DCFFE7009ABDF80600B2F97A11C2
:10AFD0009DF805301A4492F8A0211144884232D1DC
:10AFE000FFE7009800F5C0719DF805E001EBCE0386
:10AFF000029AD2F800C0526841F83EC05A609DF8EB
:10B00000053031F8332012BA120C21F833209DF8A4
:10B01000052001EBC2035A8812BA120C5A809DF81F
:10B02000052001EBC202918809BA090C91809DF8B4
:10B03000051000F065F800989DF805100131C9B2BF
:10B0400000F0A6FBFFE7FFE79DF8050001308DF853
:10B050000500B3E704B080BD83B00290ADF80610E0
:10B06000009202999DF8070001F5D471009A01EB56
:10B07000420202F8020CBDF80600009A01EB420100
:10B0800001F8010C03B0704780B58AB009900998A7
:10B09000009003A90846083101910290FFE7029948
:10B0A000019A002001F8010B084691420290F6D166
:10B0B000FFE7009A002005908DF8180007908DF8A2
:10B0C00020008DF82100D2F8A411059108218DF8F7
:10B0D0001810D2F8A811D2F8AC21049203918DF87F
:10B0E00020008DF8210001F0FBF801F059FA016809
:10B0F0000A6903A990470AB080BD00000000000063
:10B100008AB0099008910998009000F5E0710791C4
:10B1100000F5C072089932F9313000EE103AB8EEFD
:10B12000C00B079B93ED0A1B20EE010B083001902A
:10B1300001EBC10100EBC10181ED000B089901EBAE
:10B14000C10100EBC10191ED000B9FED751B20EEDD
:10B15000010B81ED020B089902EBC103B3F9023038
:10B1600000EE103AB8EEC00B079B93ED0E1B20EEDD
:10B17000010B01EBC10100EBC10181ED040B08994A
:10B1800002EBC103B3F9023000EE103AB8EEC00B87
:10B19000079B93ED0C1B20EE010B01EBC10100EBB3
:10B1A000C10181ED060B089902EBC103B3F904302C
:10B1B00000EE103AB8EEC00B079B93ED121B20EE89
:10B1C000010B01EBC10100EBC10181ED080B0899F6
:10B1D00002EBC103B3F9043000EE103AB8EEC00B35
:10B1E000079B93ED101B20EE010B01EBC10100EB5F
:10B1F000C10181ED0A0B089902EBC102927900EEC0
:10B20000102AB8EE400B01EBC10100EBC10181ED4A
:10B210000C0B089901EBC10100EBC10191ED0E0B84
:10B220008DED040B089901EBC10100EBC10090ED1D
:10B23000000B8DED020B9DED020B9DED041B30EE1E
:10B24000410B9FED391BB4EE410BF1EE10FA1ADA07
:10B25000FFE700989DED041B9FED390B30EE410B8D
:10B260009DED021B30EE011B079991ED142B0899FF
:10B2700001EBC10100EBC10090ED120BA1EE020B3E
:10B2800080ED120B3EE09DED020B9DED041B30EEB8
:10B29000410B9FED271BB4EE410BF1EE10FA1ADDC6
:10B2A000FFE700989DED020B9FED231B30EE010B95
:10B2B0009DED041B30EE411B079991ED142B08996D
:10B2C00001EBC10100EBC10090ED120BA1EE020BEE
:10B2D00080ED120B15E000989DED020B9DED041B17
:10B2E00030EE411B079991ED142B089901EBC10138
:10B2F00000EBC10090ED120BA1EE020B80ED120BE2
:10B30000FFE7FFE700989DED020B089901EBC101F3
:10B3100000EBC10080ED100B0AB0704700BF00BF0A
:10B32000172751A246DF913F00000000008066C051
:10B33000000000000080664000000000008076C031
:10B34000000000000080764080B588B00DF1280C28
:10B35000CDF804C00690ADF8161004920393069839
:10B3600000900790642100F047FA009847F6447176
:10B37000C0F6020108310160BDF81610A0F87A117C
:10B3800000F5D47000F0B0FF0098019900F5E0706E
:10B390005822E4F7F0FF00208DF80B00FFE79DF83E
:10B3A0000B0003280FDCFFE7009904989DF80B20A1
:10B3B000805C114481F8A001FFE79DF80B0001308B
:10B3C0008DF80B00EBE700990398C1F8A4010798EA
:10B3D00008B080BD0000000080B5B8B03790ADF86F
:10B3E000DA103592349337981690BDF8DA0017903A
:10B3F00035981890349819901EA81A90B7EE000B43
:10B400009FED151B9FED162BB3EE043B9FED164BE6
:10B41000FFF75AFD1A99684658221B921C911D90FD
:10B420001D981C991B9A51F8043B40F8043B043AC0
:10B430001B921C911D90F3D11698199B189A17997D
:10B44000FFF782FF169847F65071C0F602010831E7
:10B45000016038B080BD00BF333333333333D33F63
:10B46000000000000000D040000000000000C040CC
:10B4700082B001908DF8031001989DF8031001EB44
:10B48000C10100EBC10010ED0E0BB7EEC00B02B016
:10B49000704700000000000080B586B004908DF871
:10B4A0000F108DF80E20049802909DF80F000128CF
:10B4B0003FDBFFE79DF80F0002283ADCFFE7029828
:10B4C000983001909DF80F1001EB810100EB810095
:10B4D0001438FEF73DFC01989DF80F1001EB810137
:10B4E00000EB81001438FEF73FFC01989DF80F1027
:10B4F00001EB810100EB8100143802F049FC0128C6
:10B5000007D1FFE7FEF78CFC9DF80E10FEF7B0FCAC
:10B51000FFE702989DF80F1001EB810100EB81001D
:10B52000843002F035FCB0FA80F040098DF8170045
:10B5300003E000208DF81700FFE79DF8170006B024
:10B5400080BD00000000000082B001908DF8031063
:10B5500001989DF8031001EBC10100EBC10010ED53
:10B560000C0BB7EEC00B02B07047000000000000EB
:10B5700080B584B003908DF80B10039801909DF86E
:10B580000B00012810DBFFE79DF80B0002280BDC05
:10B59000FFE701989DF80B1001EB810100EB8100A2
:10B5A0008430FEF715FCFFE704B080BD000000000A
:10B5B00080B58EB00C900B910C9802900D9047F6D0
:10B5C0005C71C0F6020101F10802014641F8C02B8E
:10B5D000983003910490FFE704980190FEF714FC63
:10B5E0000198039A00F11401084691420490F3D1A6
:10B5F000FFE70299002081F8C0000A90FFE70A984F
:10B60000012820DCFFE70B9905A8FEF7EDFB029867
:10B610000A9901EB810100EB81010598069A079BCD
:10B62000DDF820C0DDF824E0C1F8A8E0C1F8A4C02E
:10B63000C1F8A030C1F89C20C1F89800FFE70A9833
:10B6400001300A90DBE70D980EB080BD00000000CD
:10B6500082B001908DF8031001989DF8031001EB62
:10B66000C10100EBC10010ED080BB7EEC00B02B03A
:10B67000704700000000000082B001908DF80310B8
:10B6800001989DF8031001EBC10100EBC10010ED22
:10B69000100BB7EEC00B02B07047000000000000B6
:10B6A00082B001908DF8031001989DF8031001EB12
:10B6B000C10100EBC10010ED0E0BB7EEC00B02B0E4
:10B6C000704700000000000082B001908DF8031068
:10B6D00001989DF8031001EBC10100EBC10090ED52
:10B6E000000BB7EEC00B02B0704700000000000076
:10B6F00082B001908DF8031001989DF8031001EBC2
:10B70000C10100EBC10010ED040BB7EEC00B02B09D
:10B71000704700000000000082B001908DF8031017
:10B7200001989DF8031001EBC10100EBC10010ED81
:10B730000A0BB7EEC00B02B070470000000000001B
:10B7400082B001908DF8031001989DF8031001EB71
:10B75000C10100EBC10010ED020BB7EEC00B02B04F
:10B76000704700000000000082B001908DF80310C7
:10B7700001989DF8031001EBC10100EBC10010ED31
:10B780000C0BB7EEC00B02B07047000000000000C9
:10B7900080B584B003908DF80B10039801909DF84C
:10B7A0000B00012811DBFFE79DF80B0004280CDCDF
:10B7B000FFE701989DF80B1001EB810100EB810080
:10B7C00000F58A70FEF704FBFFE704B080BD0000BF
:10B7D00082B001908DF8031001989DF8031001EBE1
:10B7E000C10100EBC10010ED060BB7EEC00B02B0BB
:10B7F000704700000000000080B58EB00C900B91E7
:10B800000C9902910D9147F66870C0F6020008305D
:10B81000086001F5947001F5BC7103910490FFE795
:10B8200004980190FEF7F0FA0198039A00F11401D0
:10B83000084691420490F3D1FFE70299002081F875
:10B8400078010A90FFE70A98032820DCFFE70B99AC
:10B8500005A8FEF7C9FA02980A9901EB810100EBED
:10B8600081010598069A079BDDF820C0DDF824E0E9
:10B87000C1F838E1C1F834C1C1F83031C1F82C2128
:10B88000C1F82801FFE70A9801300A90DBE70D981C
:10B890000EB080BD0000000080B586B0049003911A
:10B8A000049801900398006820B1FFE7039880880E
:10B8B00020B9FFE700208DF8170014E001984068D8
:10B8C000039A11689288F2F7BFFF8DF80B009DF87C
:10B8D0000B0020B9FFE701208DF8170003E00020DE
:10B8E0008DF81700FFE79DF8170006B080BD000037
:10B8F00080B584B0039002910398406802990122B8
:10B900006423F2F7C5FE8DF807009DF80700B0FA32
:10B9100080F0400904B080BD80B586B004900391EA
:10B92000049801900398006820B1FFE7039880888D
:10B9300020B9FFE700208DF8170014E00198406857
:10B94000039A11689288F3F7C3F88DF80B009DF8FD
:10B950000B0020B9FFE701208DF8170003E000205D
:10B960008DF81700FFE79DF8170006B080BD0000B6
:10B9700080B582B001908DF80310019840680DF1F8
:10B98000030101226423F3F707F88DF802009DF804
:10B990000200B0FA80F0400902B080BD0000000053
:10B9A00080B584B0039002910398019040680068CC
:10B9B000C06900F008010020B0EBD10F0CD0FFE708
:10B9C000019841680A68082111624068029A11686A
:10B9D0009288F1F785F8FFE704B080BD0000000011
:10B9E00080B586B004900391049801900398006894
:10B9F00020B1FFE70398808820B9FFE700208DF889
:10BA0000170014E001984068039A11689288F1F7D2
:10BA100067F88DF80B009DF80B0020B9FFE70120B7
:10BA20008DF8170003E000208DF81700FFE79DF860
:10BA3000170006B080BD000080B584B000910146BB
:10BA40000098039102900399019102F07DFE30B1BC
:10BA5000FFE7009901980C3004F092FAFFE704B078
:10BA600080BD00000000000080B586B00590049104
:10BA700005980C300390039804F052FA0290039852
:10BA800004F042FA0190FFE702A801A904F028FEA1
:10BA900098B1FFE702A802F02FFB0090009802F097
:10BAA00053FE28B1FFE70098049902F041FEFFE73A
:10BAB000FFE702A803F068FAE6E706B080BD0000E1
:10BAC00081B0009001B0704781B0009001B0704724
:10BAD00080B586B0049003910498019003980068A3
:10BAE00020B1FFE70398808820B9FFE700208DF898
:10BAF000170014E001984068039A11689288F2F7E1
:10BB0000F3FE8DF80B009DF80B0020B9FFE7012034
:10BB10008DF8170003E000208DF81700FFE79DF86F
:10BB2000170006B080BD000080B586B00490039178
:10BB3000049801900398006820B1FFE7039880887B
:10BB400020B9FFE700208DF8170010E00198406849
:10BB5000039A11689288F3F73FF88DF80B009DF86F
:10BB60000B00B0FA80F040098DF81700FFE79DF850
:10BB7000170006B080BD000080B584B0039002912C
:10BB80000398019000F038F8019847F67471C0F6F8
:10BB90000201083101600299416000210172417285
:10BBA0008172C1720C3004F007FA019804B080BDB4
:10BBB00080B582B001900198009000F009F80098DB
:10BBC000182105F049F802B080BD00000000000017
:10BBD00080B582B001900198009047F67471C0F66C
:10BBE0000201083140F80C1B04F0FAF9009800F04B
:10BBF00013F8009802B080BD81B00090009847F61D
:10BC0000B871C0F602010831016001B07047000050
:10BC100081B00090FEDE000081B00090009801B07D
:10BC2000704700000000000080B500F06DF880BD96
:10BC300084B002908DF80710029800909DF80700DC
:10BC4000042810D8FFE700989DF8071000EB81004A
:10BC5000806840B1FFE700989DF8071000EB810075
:10BC60008068039003E000981C300390FFE703987E
:10BC700004B070470000000084B003908DF80B10F2
:10BC80000192039800909DF80B0004280BD8FFE761
:10BC9000019840B1FFE7009901989DF80B2001EB56
:10BCA00082018860FFE704B07047000000000000D8
:10BCB00080B584B003900398019000200290FFE7C4
:10BCC000029804281DD8FFE70198029900EB810033
:10BCD000806888B1FFE7019808300090029950F819
:10BCE00021000168896888470098029950F821006E
:10BCF0000168C9688847FFE7FFE7029801300290B2
:10BD0000DEE704B080BD000080B582B040F2C41010
:10BD1000C2F200400078BFF35F8FC00708BBFFE7A7
:10BD200040F2C410C2F2004008F057F9C8B1FFE772
:10BD300040F2B830C2F20040019000F02DF80199B5
:10BD40004BF69160C0F6010040F20002C0F600021E
:10BD5000E4F750FB40F2C410C2F2004008F053F97F
:10BD6000FFE740F2B830C2F200400079C00758B98E
:10BD7000FFE740F2B830C2F200400090FFF798FFB2
:10BD8000009901200871FFE740F2B830C2F200408C
:10BD900002B080BD0000000080B58AB0089008980D
:10BDA0000590099000F0CCF8059947F6FC70C0F6B4
:10BDB00002000830086000200871886001F10C0062
:10BDC0001C3106910790FFE70799069A002041F879
:10BDD000040B084691420790F6D1FFE705981C3006
:10BDE000009041F62C31C2F20041FFF7C5FE0598E4
:10BDF0003430019041F65441C2F20041FFF7BCFEDD
:10BE000005984C30029041F67C51C2F20041FFF798
:10BE1000B3FE05986430039041F61061C2F2004110
:10BE2000FFF7AAFE05987C30049041F6C031C2F2BB
:10BE30000041FFF7A1FE0598009A0021FFF71CFFC3
:10BE4000019A05980121FFF717FF029A0598022130
:10BE5000FFF712FF039A05980321FFF70DFF0598DE
:10BE6000049A0421FFF708FF09980AB080BD00007A
:10BE700080B582B001900198009000F009F8009818
:10BE8000942104F0E9FE02B080BD00000000000033
:10BE900080B584B003900398029047F6FC71C0F619
:10BEA000020101F10802014641F81C2B01917C308E
:10BEB000FFF78EFE02986430FFF78AFE02984C303E
:10BEC000FFF786FE02983430FFF782FE0198FFF7F5
:10BED0007FFE029800F044F8029804B080BD000094
:10BEE00080B582B00190019801688A68042190476A
:10BEF00002B080BD0000000080B582B001900198C2
:10BF000001688A680021904702B080BD00000000EF
:10BF100080B582B00190019801688A68022190473B
:10BF200002B080BD0000000080B582B00190019891
:10BF300001688A680321904702B080BD00000000BC
:10BF400081B00090009848F21401C0F60201083157
:10BF5000016001B07047000081B00090FEDE00007B
:10BF600081B00090009801B0704700000000000010
:10BF700080B58EB00D900D980490406808B9FFE729
:10BF80002AE004980021019105918168069102211F
:10BF90000791C06800F058FB019902460498089286
:10BFA00009910A91406805A9E9F7DEFF0498416804
:10BFB0000391C06800F03CFB014604980291C06800
:10BFC00000F036FB029902460398EC460123CCF8B8
:10BFD0000030EAF755F8FFE70EB080BD0000000022
:10BFE00080B584B0009101460098039102900399B6
:10BFF000019102F0BDFB30B1FFE7009901981030CC
:10C0000004F066F9FFE704B080BD00000000000006
:10C0100080B586B005900491059810300390039880
:10C0200004F026F90290039804F016F90190FFE756
:10C0300002A801A904F074FB98B1FFE702A802F07E
:10C040006BF80090009802F093FB28B1FFE700988E
:10C05000049902F081FBFFE7FFE702A802F0A4FFCA
:10C06000E6E706B080BD000080B582B0019001987F
:10C07000FFF77EFF02B080BD80B58EB00C900B91B3
:10C080000C980190406820B9FFE700208DF8370038
:10C090002EE00B98806802900B98007D00F0010064
:10C0A000002818BF4FF0804003900B98407D00F0AF
:10C0B0000100002818BF4FF0005004900B98007B3F
:10C0C00000F0CEF8014601980591002106910791F4
:10C0D000089109910B99097C0A9140680B9A02A971
:10C0E000E9F7D2FEB0FA80F040098DF83700FFE79B
:10C0F0009DF837000EB080BD80B584B003900398E2
:10C100000290406808B9FFE70FE002984068EBF73B
:10C1100013F8029841680191C06800F07DFA014669
:10C1200001980022E9F730FEFFE704B080BD00006F
:10C1300080B58EB00C900B910C980090406838B18F
:10C14000FFE700994868C968E9F7D6FF20B9FFE71B
:10C1500000208DF8370030E000994868C9680B9BD3
:10C1600001AAE9F7E5FF20B1FFE700208DF83700CD
:10C1700023E001A800F06CF80B998860049800F0A7
:10C1800083F8014600980B9A1173029901F140411E
:10C19000B1FA81F149090B9A1175039901F16041D6
:10C1A000B1FA81F149090B9A51750B990268126A2B
:10C1B000904701208DF83700FFE79DF837000EB05B
:10C1C00080BD00000000000080B586B0059004919D
:10C1D000039202930598019000F06AF8019848F2E2
:10C1E0002C01C0F6020108310160049941600399F5
:10C1F00081600299C160103004F086F8019806B0A1
:10C2000080BD00000000000080B582B00190019860
:10C21000009000F009F800981C2104F01DFD02B008
:10C2200080BD00000000000080B582B00190019840
:10C23000009048F22C01C0F60201083140F8101BB2
:10C2400004F076F8009800F043F8009802B080BD42
:10C2500081B000900098006801B0704700000000B5
:10C2600082B08DF803009DF80300092803DBFFE787
:10C270000820019003E09DF803000190FFE701987A
:10C2800002B070470000000082B0009000980928BA
:10C2900004D3FFE700208DF8070003E000988DF835
:10C2A0000700FFE79DF8070002B07047000000009C
:10C2B00081B00090009848F25801C0F602010831A0
:10C2C000016001B07047000081B00090FEDE000008
:10C2D00081B00090009801B070470000000000009D
:10C2E00080B500F08DF880BD85B0039003980146BD
:10C2F0000091049000F1080101910290FFE702997A
:10C30000019A002001F8010B084691420290F6D1F3
:10C31000FFE7009900208860087308610875487578
:10C32000049805B07047000084B002908DF80710A3
:10C33000029800909DF80700022810D8FFE70098A7
:10C340009DF8071000EB8100806840B1FFE700987E
:10C350009DF8071000EB81008068039003E00098CF
:10C3600014300390FFE7039804B07047000000000A
:10C3700084B003908DF80B100192039800909DF803
:10C380000B0002280BD8FFE7019840B1FFE70099A6
:10C3900001989DF80B2001EB82018860FFE704B053
:10C3A000704700000000000080B584B0039003983F
:10C3B000019000200290FFE7029802281DD8FFE7B5
:10C3C0000198029900EB8100806888B1FFE701982D
:10C3D00008300090029950F8210001688968884768
:10C3E0000098029950F821000168C9688847FFE762
:10C3F000FFE7029801300290DEE704B080BD000044
:10C4000080B582B040F2C810C2F200400078BFF39D
:10C410005F8FC00708BBFFE740F2C810C2F20040C0
:10C4200007F0DBFDC8B1FFE740F24C40C2F200402C
:10C43000019000F02DF801994CF26150C0F6010016
:10C4400040F20002C0F60002E3F7D4FF40F2C81049
:10C45000C2F2004007F0D7FDFFE740F24C40C2F2C5
:10C4600000400079C00758B9FFE740F24C40C2F2E3
:10C4700000400090FFF798FF009901200871FFE746
:10C4800040F24C40C2F2004002B080BD000000000B
:10C4900080B58AB0089008980590099000F0A4F83B
:10C4A000059948F28400C0F60200083008600020B8
:10C4B0000871886001F10C00143106910790FFE7C4
:10C4C0000799069A002041F8040B0846914207900C
:10C4D000F6D1FFE705981430029041F23831C2F2EC
:10C4E00000410022019240230093FFF76DFE059862
:10C4F000009B019A3030039041F2D831C2F20041E2
:10C50000FFF762FE0598009B019A4C30049041F2BF
:10C510007841C2F20041FFF757FE05980199029A4F
:10C52000FFF726FF039A05980121FFF721FF0598E1
:10C53000049A0221FFF71CFF09980AB080BD000091
:10C5400080B582B001900198009000F009F8009841
:10C55000682104F081FB02B080BD000000000000F3
:10C5600080B584B003900398029048F28401C0F62D
:10C57000020101F10802014641F8142B01914C30EF
:10C58000FFF752FE02983030FFF74EFE0198FFF79A
:10C590004BFE029800F038F8029804B080BD00000D
:10C5A00080B582B00190019801688A6800219047A7
:10C5B00002B080BD0000000080B582B001900198FB
:10C5C00001688A680121904702B080BD0000000028
:10C5D00080B582B00190019801688A680221904775
:10C5E00002B080BD0000000081B00090009848F2C9
:10C5F0009C01C0F602010831016001B070470000E3
:10C6000081B00090FEDE000081B00090009801B083
:10C61000704700000000000081B0009000990120E8
:10C62000412908BF102001B0704700000000000041
:10C6300081B0009000984138B0FA80F0400901B014
:10C64000704700000000000081B0009000990120B8
:10C65000412908BF022001B070470000000000001F
:10C6600084B003908DF80B10039800900068007858
:10C670000146019120B1FFE7019801280FD007E1A1
:10C680009DF80B00A52809D1FFE700980268012159
:10C6900011700168002081F83700FFE7FDE0009885
:10C6A000006890F8370035280CDCFFE700999DF80A
:10C6B0000B000B6893F837209918013283F8372064
:10C6C0004870FFE70098006890F837003628C0F2FD
:10C6D000DE80FFE7009800684079922840F0C08033
:10C6E000FFE70098006890F835005A2840F0B880BD
:10C6F000FFE70098006890F83600A52840F0B08069
:10C70000FFE7009801684268D1F8211011600168C4
:10C710004268D1F82510516001684268D1F82910AB
:10C72000916001684268B1F80F1091810168426818
:10C73000B1F81110D18101684268B1F8131011826B
:10C7400001684268B1F82D10518201684268B1F861
:10C750002F10918201684268B1F83110D1820168CE
:10C760004268B1F8331011834268816892ED000A83
:10C77000B8EEC00A9FED4A1A80EE010A81ED000A68
:10C780004268816892ED010AB8EEC00A80EE010AA3
:10C7900081ED010A4268816892ED020AB8EEC00A92
:10C7A00080EE010A81ED020A42688168B2F90C202C
:10C7B00000EE102AB8EEC00A9FED3A1A20EE010AE8
:10C7C00081ED040A42688168B2F90E2000EE102A59
:10C7D000B8EEC00A20EE010A81ED030A42688168C2
:10C7E000B2F9102000EE102AB8EEC00A20EE010ABD
:10C7F00081ED050A42688168B2F9122000EE102A24
:10C80000B8EEC00A9FED281A20EE010A81ED060A53
:10C8100042688168B2F9142000EE102AB8EEC00A0E
:10C8200020EE010A81ED070A42688168B2F91620FC
:10C8300000EE102AB8EEC00A20EE010A81ED080AC7
:10C8400042688168B2F9182000EE102AB8EEC00ADA
:10C8500020EE010A81ED090AC1680120087011E08B
:10C8600000980268916B013191630068806B142815
:10C8700007D3FFE700990A680020107009688863F1
:10C88000FFE7FFE70098016800200870FFE704E079
:10C890000098016800200870FFE704B0704700BFEF
:10C8A00000C8AF42AE47E13C17B7D13800000000E6
:10C8B00081B0009000990A68002010700A6882F820
:10C8C00037000968886301B070470000000000006D
:10C8D00084B0DDF810C00390029101920093039898
:10C8E0000299016001994160009981600499C160D9
:10C8F00004B070470000000082B001908DF8031072
:10C90000019991F85120002001F8320091F851204E
:10C9100001EBC20250609DF80320012001F83200B3
:10C920009DF8030081F8510002B07047000000003C
:10C9300081B00090009890F8510001B0704700005D
:10C9400084B003908DF80B108DF80A2003990091A4
:10C950009DF80B0081F850009DF80A0081F8510005
:10C9600000200190FFE70099019891F8501088424B
:10C970000EDAFFE70099019A002001F83200019ACF
:10C9800001EBC2014860FFE7019801300190EAE73E
:10C9900000999DF80A20012001F8320004B0704788
:10C9A00081B000900098002180F8511001B07047CC
:10C9B00080B584B003908DED020A039901910020A7
:10C9C00008609DED020AF8F787FE019880ED010AE4
:10C9D00004B080BD0000000081B000900098807B12
:10C9E00000F0010001B0704781B00090009890ED18
:10C9F000010A01B07047000081B0009000985030EB
:10CA000001B070470000000081B00090009890F8DD
:10CA10005100002818BF012001B07047000000003D
:10CA200088B004AA02920246029806928DF8171066
:10CA300080ED000A9DF8170028B1FFE79DF8170068
:10CA4000032804D3FFE700208DF81F009AE09DF82B
:10CA5000170001388DF80F009DF80F1047F62030B1
:10CA6000C0F6020000EB810090ED000A47F610309E
:10CA7000C0F6020000EB810090ED001AB4EE410A0E
:10CA8000F1EE10FA31DAFFE7029890ED000A9DF816
:10CA90000F1047F62030C0F6020000EB810090ED49
:10CAA000001A0020B4EE410AF1EE10FA019016DBF4
:10CAB000FFE7029890ED000A9DF80F1047F610303E
:10CAC000C0F6020000EB810090ED001A0020B4EEE9
:10CAD000410AF1EE10FAD8BF01200190FFE701985A
:10CAE00000F001008DF81F004CE09DF80F1047F694
:10CAF0002030C0F6020000EB810090ED000A47F6FE
:10CB00001030C0F6020000EB810090ED001AB4EE88
:10CB1000410AF1EE10FA31DDFFE7029890ED000ACC
:10CB20009DF80F1047F62030C0F6020000EB8100A0
:10CB300090ED001A0120B4EE410AF1EE10FA0090D7
:10CB400016DAFFE7029890ED000A9DF80F1047F6FD
:10CB50001030C0F6020000EB810090ED001A0020BA
:10CB6000B4EE410AF1EE10FAD8BF01200090FFE7C1
:10CB7000009800F001008DF81F0003E000208DF800
:10CB80001F00FFE79DF81F0008B07047000000007D
:10CB900084B002908DF80710029800909DF807006D
:10CBA00028B1FFE79DF80700032803D3FFE7002023
:10CBB000039007E000989DF8071000EB8100006EDD
:10CBC0000390FFE79DED030A04B0704700000000EA
:10CBD00084B002908DF807108DED000A9DF80710C3
:10CBE00047F62030C0F6020000EB810090ED000A0D
:10CBF00047F61030C0F6020000EB810090ED001AFD
:10CC0000B4EE410AF1EE10FA1BDDFFE79DED000ADC
:10CC10009DF8071047F62030C0F6020000EB8100B7
:10CC200090ED001AB4EE410AF1EE10FA09DAFFE7CE
:10CC30009DED000A9FED061A30EE010A8DED030A04
:10CC400002E000980390FFE79DED030A04B07047EF
:10CC5000DB0FC9400000000084B002908DF807107F
:10CC6000029800909DF8070028B1FFE79DF80700A3
:10CC7000032803D3FFE70020039007E000989DF806
:10CC8000071000EB8100006D0390FFE79DED030AA4
:10CC900004B070470000000080B588B007908DF8A0
:10CCA0001B108DF81A20079804909DF81B10002087
:10CCB000C907002905904AD0FFE79DF81A10002007
:10CCC000C9070029059042D0FFE7049890ED170AA4
:10CCD0008DED030A47F61831C0F6020191ED000A06
:10CCE00000210291FFF774FF0298B0EE401A9DED0B
:10CCF000030A30EE410AB0EEC00A9FED171AB4EEF7
:10CD0000410AF1EE10FA059021DCFFE7049890ED5E
:10CD1000180A8DED010A47F61831C0F6020191EDAF
:10CD2000010A0121FFF754FFB0EE401A9DED010A00
:10CD300030EE410AB0EEC00A9FED071A0020B4EEB3
:10CD4000410AF1EE10FAD8BF01200590FFE70598DF
:10CD500000F0010008B080BD35FA0E3D0000000073
:10CD600080B588B007908DF81B108DF81A200798B1
:10CD700004909DF81B100020C907002905904AD097
:10CD8000FFE79DF81A100020C9070029059042D03E
:10CD9000FFE7049890ED170A8DED030A47F6283156
:10CDA000C0F6020191ED000A00210291FFF710FF89
:10CDB0000298B0EE401A9DED030A30EE410AB0EE43
:10CDC000C00A9FED171AB4EE410AF1EE10FA059071
:10CDD00021DCFFE7049890ED180A8DED010A47F673
:10CDE0002831C0F6020191ED010A0121FFF7F0FEA2
:10CDF000B0EE401A9DED010A30EE410AB0EEC00AD5
:10CE00009FED071A0020B4EE410AF1EE10FAD8BFE8
:10CE100001200590FFE7059800F0010008B080BDF3
:10CE200035FA0E3D0000000084B002908DF8071026
:10CE3000029800909DF8070028B1FFE79DF80700D1
:10CE4000032803D3FFE70020039007E000989DF834
:10CE5000071000EB8100806D0390FFE79DED030A52
:10CE600004B070470000000080B584B002900298C2
:10CE7000009000208DF80700FFE79DF807000128CB
:10CE800045D8FFE79DF8071047F62030C0F60200AE
:10CE900000EB810090ED000A47F61030C0F602006A
:10CEA00000EB810090ED001AB4EE410AF1EE10FAA9
:10CEB00022D0FFE700989DF80730591C47F618323A
:10CEC000C0F6020202EB830292ED000AC9B2FFF73C
:10CED000A7FD88B1FFE700989DF80730591C47F679
:10CEE0002832C0F6020202EB830292ED000AC9B2B8
:10CEF000FFF796FD20B9FFE700208DF80F000AE04C
:10CF0000FFE79DF8070001308DF80700B5E7012025
:10CF10008DF80F00FFE79DF80F0004B080BD000002
:10CF200080B58CB004AA0192024601980A928DF84D
:10CF3000271080ED040A0A9802909DF8271000F04F
:10CF400053FE8DF81F009DF81F0001282ED8FFE723
:10CF500002989DF8271000F01FFB38B3FFE70298F6
:10CF600000F05EFE012818D0FFE7029800F058FE9E
:10CF7000022812D0FFE7029800F052FE03280CD0DE
:10CF8000FFE7029800F04CFE042806D0FFE7029865
:10CF900000F046FE052809D1FFE7019890ED040A4C
:10CFA000B7EEC00A03F0E8FB18B9FFE700200B90CA
:10CFB000B2E002989DF81F1000EB810090ED390A55
:10CFC0009FED581AB4EE410AF1EE10FA10D1FFE7C6
:10CFD00002989DF81F1000EB810090ED3B0A9FED39
:10CFE000521AB4EE410AF1EE10FA00F08280FFE727
:10CFF00002989DF81F1000EB810292ED490A00F0A3
:10D000002FFA0199029881ED020A00F1E4019DF8DE
:10D010001F2051F8222005929DF81F2000EB82006E
:10D0200001EB820191ED000A90ED3B1AB4EE410A4A
:10D03000F1EE10FA0ADAFFE702989DF81F1000EBF4
:10D04000810090ED3B0A8DED000A0DE002989DF8FD
:10D050001F1000EB810090ED3B0A9FED341A30EE7B
:10D06000010A8DED000AFFE701999DED000A81EDAF
:10D07000000A91ED020A91ED011A9FED2D2A31EE81
:10D08000021A0020B4EE410AF1EE10FA0246D8BFAF
:10D0900001228DF80F2091ED020A91ED001A31EE78
:10D0A000421AB4EE410AF1EE10FAA8BF01208DF841
:10D0B0000E009DF80F00C00748B1FFE7019890ED02
:10D0C000040AB5EE400AF1EE10FA0EDBFFE79DF818
:10D0D0000E00C00760B1FFE7019890ED040AB5EEBD
:10D0E000400AF1EE10FA03DDFFE700200B9013E099
:10D0F000FFE70198029990ED040A91ED4F1A20EE96
:10D10000010A9DF81F2001EB820191ED3E1A20EEED
:10D11000010A80ED070AFFE7019890ED070A0CB0BD
:10D1200080BD00BFDB0F49C0DB0F4940DB0FC940AA
:10D130005077563D0000000080B58AB006AA0392E1
:10D140000246039808928DF81F1080ED000A089897
:10D1500004909DF81F1000F047FD8DF817009DF812
:10D160001700012825D8FFE7049890F82001C00790
:10D17000F8B1FFE7039890ED000AB7EEC00A03F09C
:10D18000FBFAB0B1FFE7039890ED000A9FED3F1A5C
:10D19000B4EE410AF1EE10FA0BDBFFE7039890EDD5
:10D1A000000A9FED3B1AB4EE410AF1EE10FA04DDDD
:10D1B000FFE700208DF8270064E004989DF8171021
:10D1C00000EB810090ED390A90ED3B1AB4EE410A74
:10D1D000F1EE10FA2BDAFFE70498039991ED000ABB
:10D1E0009DF8171000EB810090ED391A0020B4EE85
:10D1F000410AF1EE10FA029013DBFFE7049803995D
:10D2000091ED000A9DF8171000EB810090ED3B1A9C
:10D210000020B4EE410AF1EE10FAD8BF01200290CE
:10D22000FFE7029800F001008DF827002AE004983B
:10D23000039991ED000A9DF8171000EB810090ED25
:10D24000391A0120B4EE410AF1EE10FA019013DA16
:10D25000FFE70498039991ED000A9DF8171000EB81
:10D26000810090ED3B1A0020B4EE410AF1EE10FA75
:10D27000D8BF01200190FFE7019800F001008DF870
:10D280002700FFE79DF827000AB080BDDB0F49C0EB
:10D29000DB0F49400000000080B588B0069006987A
:10D2A000029000208DF81700FFE79DF81700012875
:10D2B00000F2A280FFE70298DC309DF8171000EB27
:10D2C0008101896804919DF8171000EB81000069C5
:10D2D00003909DED040AB7EEC00A03F04DFA002852
:10D2E00067D0FFE79DED030AB7EEC00A03F044FAEA
:10D2F00000285ED0FFE79DED040A9FED4F1AB4EEC3
:10D30000410AF1EE10FA54DBFFE79DED040A9FEDB0
:10D310004B1AB4EE410AF1EE10FA4ADCFFE79DED3C
:10D32000030A9FED451AB4EE410AF1EE10FA40DB14
:10D33000FFE79DED030A9FED411AB4EE410AF1EEBD
:10D3400010FA36DCFFE79DED040A9DED031AB4EEFA
:10D35000410AF1EE10FA2CD0FFE702989DF8171061
:10D36000084490F9F400012809D0FFE702989DF8DD
:10D370001710084490F9F4000130D0B9FFE7029883
:10D380009DF8171000EB810090ED3E0AB7EEC00A41
:10D3900003F0F2F968B1FFE702989DF8171000EB6F
:10D3A000810090ED3E0AB5EE400AF1EE10FA04DC81
:10D3B000FFE700208DF81F0039E09DED040A9FED86
:10D3C0001F1AB4EE410AF1EE10FA0ED1FFE79DEDFF
:10D3D000030A9FED191AB4EE410AF1EE10FA04D1D6
:10D3E000FFE700208DF81F0021E0FFE79DF8170000
:10D3F00001308DF8170058E7029890ED370AB7EE24
:10D40000C00A03F0B9F901460020019049B1FFE7D5
:10D41000029890ED380AB7EEC00A03F0ADF901901A
:10D42000FFE7019800F001008DF81F00FFE79DF86D
:10D430001F0008B080BD00BFDB0F49C0DB0F4940B3
:10D4400081B00090009890ED4E0A01B07047000046
:10D4500081B00090009890ED4D0A01B07047000037
:10D4600085B003908DF80B108DED010A03980090A4
:10D470009DF80B1000EB810090ED390A90ED3B1AFE
:10D48000B4EE410AF1EE10FA18DDFFE700989DEDC9
:10D49000010A9DF80B1000EB810090ED391AB4EEF3
:10D4A000410AF1EE10FA09DAFFE79DED010A9FED5E
:10D4B000071A30EE010A8DED040A02E0019804908B
:10D4C000FFE79DED040A05B0704700BFDB0FC940C0
:10D4D00080B584B003908DF80B10039801909DF8EF
:10D4E0000B1000F081FB8DF80A009DF80A0001285E
:10D4F00008D8FFE701989DF80A10084490F9F40055
:10D50000009002E000200090FFE7009840B204B0D5
:10D5100080BD00000000000081B000909FED010A76
:10D5200001B070470000000081B000909FED010A3B
:10D5300001B070470000000081B00090009890EDAD
:10D540004C0A01B07047000080B584B003908DF89C
:10D550000B10039801909DF80B1000F045FB8DF81F
:10D560000A009DF80A0001280AD8FFE701989DF8F3
:10D570000A1000EB810090ED150A8DED000A04E021
:10D580009FED040A8DED000AFFE79DED000A04B04F
:10D5900080BD00BF0000000080B584B003908DF80E
:10D5A0000B10039800909DF80B1000F01DFB8DF8F8
:10D5B0000A009DF80A1000200129019010D8FFE709
:10D5C000009800F02DFB01460020019041B1FFE7DB
:10D5D00000989DF80A10084490F821010190FFE797
:10D5E000019800F0010004B080BD000000000000C0
:10D5F00080B584B003900398019000F011FB0146C0
:10D6000001200129029009D0FFE7019800F008FBF2
:10D610000238B0FA80F040090290FFE7029800F06B
:10D62000010004B080BD000080B584B00390039871
:10D63000019000F0BDFA01460120029049B9FFE7D0
:10D64000019800F0EDFA0538B0FA80F04009029038
:10D65000FFE7029800F0010004B080BD0000000068
:10D6600080B58AB008900898029090F82001C00711
:10D6700020B3FFE7029890ED460AB7EEC00A03F028
:10D680007BF8D8B1FFE7029890ED460AB5EE400A64
:10D69000F1EE10FA12DDFFE7029890ED470AB7EEBF
:10D6A000C00A03F069F848B1FFE7029890ED470A15
:10D6B000B5EE400AF1EE10FA04DCFFE700208DF829
:10D6C00027008FE000208DF81F00FFE79DF81F0066
:10D6D000012800F28380FFE702989DF81F1000EBFD
:10D6E0008100D0F8100106909DED060AB7EEC00A41
:10D6F00003F042F8A0B1FFE79DED060A9FED3B1A4B
:10D70000B4EE410AF1EE10FA0ADBFFE79DED060ADE
:10D710009FED371AB4EE410AF1EE10FA04DDFFE78F
:10D7200000208DF827005DE002989DF81F1000F0A2
:10D730007BF902988DED050A00F1E4019DF81F20A8
:10D7400051F8222004929DF81F2000EB820001EB8B
:10D75000820191ED000A90ED3B1AB4EE410AF1EE20
:10D7600010FA0ADAFFE702989DF81F1000EB81001B
:10D7700090ED3B0A8DED010A0DE002989DF81F1017
:10D7800000EB810090ED3B0A9FED1A1A30EE010A82
:10D790008DED010AFFE79DED010A8DED030A9DED78
:10D7A000050A9DED041AB4EE410AF1EE10FA0ADB07
:10D7B000FFE79DED050A9DED031AB4EE410AF1EE77
:10D7C00010FA04DDFFE700208DF827000AE0FFE7EC
:10D7D0009DF81F0001308DF81F0077E701208DF8BC
:10D7E0002700FFE79DF827000AB080BDDB0F49C086
:10D7F000DB0F4940DB0FC94081B00090009890EDED
:10D800004B0A01B07047000080B58AB008900898B4
:10D81000029090F82001C00720B3FFE7029890ED36
:10D82000420AB7EEC00A02F0A7FFD8B1FFE702989C
:10D8300090ED420AB5EE400AF1EE10FA12DDFFE774
:10D84000029890ED430AB7EEC00A02F095FF48B186
:10D85000FFE7029890ED430AB5EE400AF1EE10FAA8
:10D8600004DCFFE700208DF8270097E000208DF80A
:10D870001F00FFE79DF81F00012800F28B80FFE7E3
:10D8800002989DF81F1000EB8100D0F8000106906F
:10D890009DED060AB7EEC00A02F06EFFA0B1FFE7E9
:10D8A0009DED060A9FED3F1AB4EE410AF1EE10FA23
:10D8B0000ADBFFE79DED060A9FED3B1AB4EE410A35
:10D8C000F1EE10FA04DDFFE700208DF8270065E097
:10D8D00002989DF81F1000F0E3F802988DED050AFC
:10D8E00000F1E4019DF81F2051F8222004929DF8D8
:10D8F0001F2000EB820001EB820191ED000A90ED08
:10D900003B1AB4EE410AF1EE10FA0ADAFFE7029888
:10D910009DF81F1000EB810090ED3B0A8DED010A90
:10D920000DE002989DF81F1000EB810090ED3B0A7E
:10D930009FED1E1A30EE010A8DED010AFFE79DED05
:10D94000010A8DED030A9DED050AB7EEC00A02F04B
:10D9500013FFA0B1FFE79DED050A9DED041AB4EE9B
:10D96000410AF1EE10FA0ADBFFE79DED050A9DED95
:10D97000031AB4EE410AF1EE10FA04DDFFE70020CD
:10D980008DF827000AE0FFE79DF81F0001308DF8B1
:10D990001F006FE701208DF82700FFE79DF82700A3
:10D9A0000AB080BDDB0F49C0DB0F4940DB0FC94027
:10D9B00080B586B005AA019204908DF80F100498E6
:10D9C00002909DF80F1000F00FF98DF80E009DF8F1
:10D9D0000E00022803D3FFE7002005901FE0029805
:10D9E00000F01EF905280AD1FFE702989DF80E10F5
:10D9F00000EB810090ED260A8DED000A09E0029807
:10DA00009DF80E1000EB810090ED170A8DED000AD5
:10DA1000FFE701989DED000A80ED000AFFE70198FD
:10DA200090ED000A06B080BD84B003908DF80B1015
:10DA300003980090DC309DF80B1000EB8101496BDE
:10DA400001919DF80B1000EB810090ED020A90ED22
:10DA5000041AB4EE410AF1EE10FA18DDFFE700985F
:10DA60009DED010A9DF80B1000EB810090ED391A35
:10DA7000B4EE410AF1EE10FA09DAFFE79DED010A72
:10DA80009FED051A30EE010A8DED010AFFE79DEDCD
:10DA9000010A04B0704700BFDB0FC940000000005E
:10DAA00084B003908DF80B1003980090DC309DF843
:10DAB0000B1000EB8101496A01919DF80B1000EBFE
:10DAC000810090ED020A90ED041AB4EE410AF1EEE5
:10DAD00010FA18DDFFE700989DED010A9DF80B1084
:10DAE00000EB810090ED391AB4EE410AF1EE10FA24
:10DAF00009DAFFE79DED010A9FED051A30EE010AF4
:10DB00008DED010AFFE79DED010A04B0704700BFEB
:10DB1000DB0FC9400000000080B586B00490049877
:10DB2000019000208DF80F00FFE79DF80F000128FD
:10DB300034D8FFE701989DF80F10FFF7B1FF019867
:10DB40008DED020A9DF80F1000EB810090ED150A93
:10DB5000B7EEC00A02F010FEA8B1FFE701989DF8E9
:10DB60000F1000EB810191ED150A9DED021A30EEC8
:10DB7000410AB0EEC00A90ED431AB4EE410AF1EE4C
:10DB800010FA04DDFFE700208DF817000AE0FFE738
:10DB90009DF80F0001308DF80F00C6E701208DF8C9
:10DBA0001700FFE79DF8170006B080BD00000000D9
:10DBB00080B584B003900398019000F031F80146DD
:10DBC00001200329029009D0FFE7019800F028F80E
:10DBD0000438B0FA80F040090290FFE7029800F0A4
:10DBE000010004B080BD000083B002908DF80710E2
:10DBF0009DF8070058B1FFE79DF80700022806D8F6
:10DC0000FFE79DF807000138C0B2009002E0022053
:10DC10000090FFE70098C0B203B07047000000001A
:10DC200081B00090009890F8510001B0704700005A
:10DC300081B00090009890ED010A01B0704700009B
:10DC400081B00090009890ED020A01B0704700008A
:10DC500081B00090009890ED010A01B0704700007B
:10DC600081B00090009890ED020A01B0704700006A
:10DC700081B00090009890ED030A01B07047000059
:10DC800084B00290019102980090019800280BD472
:10DC9000FFE70198032807DCFFE70098019900EBF4
:10DCA00081004068039002E000200390FFE79DEDB3
:10DCB000030A04B07047000081B00090009890ED16
:10DCC000030A01B07047000081B00090009890ED09
:10DCD000010A01B07047000081B00090009890EDFB
:10DCE000020A01B07047000081B00090009890EDEA
:10DCF000050A01B07047000081B00090009890EDD7
:10DD0000060A01B07047000081B00090009890EDC5
:10DD1000040A01B07047000081B00090009890EDB7
:10DD2000080A01B07047000081B00090009890EDA3
:10DD3000090A01B07047000084B003900291039873
:10DD40000190029800280DD4FFE70298032809DC0F
:10DD5000FFE70198029900EB810090ED0C0A8DED30
:10DD6000000A04E09FED040A8DED000AFFE79DED37
:10DD7000000A04B0704700BF00000000000000006F
:10DD800081B00090009890ED050A01B07047000046
:10DD900081B000900098006901B070470000000059
:10DDA00081B00090009890ED000A01B0704700002B
:10DDB00081B00090009890ED010A01B0704700001A
:10DDC00081B00090009890ED020A01B07047000009
:10DDD00081B00090009890ED0E0A01B070470000ED
:10DDE00081B00090009890ED030A90ED091A30EE92
:10DDF000410A01B07047000081B00090009890ED9A
:10DE0000040A90ED0A1A30EE410A01B07047000092
:10DE100081B00090009890ED050A90ED0B1A30EE5D
:10DE2000410A01B07047000081B00090009890ED69
:10DE30000C0A01B07047000081B00090009890ED8E
:10DE40000D0A01B07047000083B002900298009064
:10DE500090F852100020019041B1FFE7009890F82F
:10DE60005300002818BF01200190FFE7019800F03F
:10DE7000010003B07047000081B00090009890ED61
:10DE8000080A01B07047000081B00090009890ED42
:10DE9000090A01B07047000081B000900098B0F905
:10DEA000160001B07047000086B0059004910392FF
:10DEB0008DF80B300020ADF808000399C9080191D6
:10DEC000039901F007018DF803108DF80200FFE7B8
:10DED0009DF802009DF80B1088422DDAFFE70498A8
:10DEE0000199405C9DF80310C84000F001008DF8D6
:10DEF00001009DF801009DF8021000FA01F1BDF843
:10DF000008000843ADF808009DF8030001308DF8C3
:10DF100003009DF80300082807D1FFE700208DF8D3
:10DF20000300019801300190FFE7FFE79DF8020030
:10DF300001308DF80200CBE7BDF8080006B070474D
:10DF400082B001908DF803109DF80300002818BFDF
:10DF5000012002B07047000081B00090009890ED61
:10DF60000A0A01B07047000082B001908DF80310DA
:10DF70008DF802209DF803009DF8021040EA012070
:10DF800000B202B07047000080B584B00390ADF8D5
:10DF90000A10BDF80A00ADF808004FF4B670ADF8ED
:10DFA000060002A80DF1060101F002FD40F29461A5
:10DFB000ADF8041001A901F043FDB0F9000004B070
:10DFC00080BD00000000000081B000900098807AC1
:10DFD00001B070470000000081B000900098C07A46
:10DFE00001B070470000000081B0009000984068C8
:10DFF00001B070470000000084B003908DF80B1052
:10E00000039800909DF80B100020042901900BD874
:10E01000FFE700989DF80B1000EB81008068002856
:10E0200018BF01200190FFE7019800F0010004B043
:10E03000704700000000000081B000900098406828
:10E0400001B070470000000084B003908DF80B1001
:10E05000039800909DF80B100020022901900BD826
:10E06000FFE700989DF80B1000EB81008068002806
:10E0700018BF01200190FFE7019800F0010004B0F3
:10E08000704700000000000080B582B00190009150
:10E09000019882680099904702B080BD000000009E
:10E0A00081B000900098C068017A0120884301B0D7
:10E0B000704700000000000080B582B00190009120
:10E0C000019882680099904702B080BD000000006E
:10E0D00081B000900098C068017A0120884301B0A7
:10E0E000704700000000000081B0009000980068B8
:10E0F00001B070470000000081B0009000980068F7
:10E1000001B070470000000081B0009000980068E6
:10E1100001B070470000000081B0009000980068D6
:10E1200001B070470000000080B582B001900198F6
:10E13000009000F009F8009900680968401A001181
:10E1400002B080BD0000000080B582B0019001984F
:10E150000C3000F069F802B080BD00000000000043
:10E1600080B582B001900198009000F009F8009904
:10E1700000680968401A001102B080BD000000006C
:10E1800080B582B0019001980C3000F065F802B0C3
:10E1900080BD00000000000081B000900098406841
:10E1A00001B070470000000082B001900198406803
:10E1B000009000981038009002B0704700000000F6
:10E1C00080B582B001900198FFF7EEFF02B080BDEC
:10E1D00081B000900098406801B0704700000000D6
:10E1E00082B001900198406800900098103800902B
:10E1F00002B070470000000080B582B00190019825
:10E20000FFF7EEFF02B080BD80B582B001900198AB
:10E2100000F03AF802B080BD80B582B0019001985C
:10E2200000F022F802B080BD80B582B00190019864
:10E2300000F02AF802B080BD80B582B0019001984C
:10E2400000F02AF802B080BD80B582B0019001983C
:10E2500000F012F802B080BD80B582B00190019844
:10E2600000F01AF802B080BD81B00090009801B0B3
:10E27000704700000000000081B00090009801B0DD
:10E28000704700000000000081B00090009801B0CD
:10E29000704700000000000081B00090009801B0BD
:10E2A000704700000000000083B0029001910092CE
:10E2B000019890ED000A009890ED001A0020B4EE4D
:10E2C000410AF1EE10FAB8BF012003B07047000018
:10E2D00083B0029001910092019801680098026851
:10E2E0000020914238BF012003B0704700000000B9
:10E2F00083B00290019100920198B0F9001000984B
:10E30000B0F9002000209142B8BF012003B070474F
:10E3100080B588B0069005910698019000F0E0F86D
:10E32000049005980499884203D9FFE7019800F00A
:10E330008FF8019800F0C4F8039003980499B0EBAB
:10E34000510F03D3FFE70498079009E003984000BA
:10E35000029002A805A901F007FB00680790FFE7FB
:10E36000079808B080BD000080B58AB00990089178
:10E370000998079000F080F801460798049100F092
:10E380007BF801460798029100F09AF8029902463C
:10E39000079801EB0211059100F06EF8014607980D
:10E3A000039100F08DF803990246079801EB0211E2
:10E3B000069100F061F80499059A069B8446079837
:10E3C000DDF820E00CEB0E1CEE46CEF800C000F0AD
:10E3D00047F80AB080BD000080B58AB0099009985E
:10E3E000089000F049F801460898059100F044F8BB
:10E3F00001460898029100F063F8029902460898D5
:10E4000001EB0211069100F037F8014608980391DC
:10E4100000F03EF803990246089801EB02110791BB
:10E4200000F02AF801460898049100F049F8DDF858
:10E4300010C00599069A079B864608980CEB0E1C9F
:10E44000EE46CEF800C000F00BF80AB080BD000028
:10E4500082B0019048F25A20C0F6020001F0D0F8D4
:10E4600084B0DDF810C0039002910192009304B0D3
:10E47000704700000000000080B582B00190019854
:10E48000006800F0A9FD02B080BD0000000000009F
:10E4900081B00090009801684068401A001101B0F6
:10E4A000704700000000000080B582B00190019824
:10E4B0000830FFF7B1FE02B080BD00000000000090
:10E4C00080B582B001900198009000F01DF800998D
:10E4D00000680968401A001102B080BD0000000009
:10E4E00080B584B003900398FFF7DEFF00F008FFCB
:10E4F000029000F0D9FE019002A801A901F07CFA77
:10E50000006804B080BD000080B582B00190019821
:10E510000830FFF779FE02B080BD00000000000067
:10E5200080B588B0069005910698019000F0E0F85B
:10E53000049005980499884203D9FFE7019800F0F8
:10E540008FF8019800F0C4F8039003980499B0EB99
:10E55000510F03D3FFE70498079009E003984000A8
:10E56000029002A805A901F0FFF900680790FFE7F3
:10E57000079808B080BD000080B58AB00990089166
:10E580000998079000F080F801460798049100F080
:10E590007BF801460798029100F09AF8029902462A
:10E5A000079801EB0211059100F06EF801460798FB
:10E5B000039100F08DF803990246079801EB0211D0
:10E5C000069100F061F80499059A069B8446079825
:10E5D000DDF820E00CEB0E1CEE46CEF800C000F09B
:10E5E00047F80AB080BD000080B58AB0099009984C
:10E5F000089000F049F801460898059100F044F8A9
:10E6000001460898029100F063F8029902460898C2
:10E6100001EB0211069100F037F8014608980391CA
:10E6200000F03EF803990246089801EB02110791A9
:10E6300000F02AF801460898049100F049F8DDF846
:10E6400010C00599069A079B864608980CEB0E1C8D
:10E65000EE46CEF800C000F00BF80AB080BD000016
:10E6600082B0019048F25A20C0F6020000F0C8FFC4
:10E6700084B0DDF810C0039002910192009304B0C1
:10E68000704700000000000080B582B00190019842
:10E69000006800F0A9FC02B080BD0000000000008E
:10E6A00081B00090009801684068401A001101B0E4
:10E6B000704700000000000080B582B00190019812
:10E6C0000830FFF7C1FD02B080BD0000000000006F
:10E6D00080B582B001900198009000F01DF800997B
:10E6E00000680968401A001102B080BD00000000F7
:10E6F00080B584B003900398FFF7DEFF00F038FE8A
:10E70000029000F0D1FD019002A801A901F074F976
:10E71000006804B080BD000080B582B0019001980F
:10E720000830FFF789FD02B080BD00000000000046
:10E7300080B582B00190009101980099FFF7A4FC88
:10E7400002B080BD0000000080B582B00190019849
:10E75000FFF7A6FC02B080BD80B582B001900091A9
:10E7600001980099FFF7A8FC02B080BD00000000EE
:10E7700080B582B001900198FFF7AAFC02B080BD7D
:10E7800081B000906FF0704001B070470000000051
:10E7900081B000906FF0704001B070470000000041
:10E7A00081B00090012001B070470000000000001F
:10E7B00081B00090012001B070470000000000000F
:10E7C00081B00090012001B07047000000000000FF
:10E7D00081B00090012001B07047000000000000EF
:10E7E00081B00090012001B07047000000000000DF
:10E7F00081B00090012001B07047000000000000CF
:10E8000081B00090012001B07047000000000000BE
:10E8100080B584B00290019102980390019A11682A
:10E820005268426001600199896881600199C968F4
:10E83000C160C068406858B1FFE700F025FB01994E
:10E84000C860684600F024FA019900988860FFE7E4
:10E85000039804B080BD000080B584B0029001919F
:10E86000029800900390019A11685268426001601A
:10E870000199896881600199C968C160C0680068B0
:10E8800048B1FFE70098C0680168019800688847B0
:10E8900000990860FFE7039804B080BD0000000005
:10E8A00080B586B0049003910498019005900830DB
:10E8B00000F0EEF900F0E8FA0199C8600398FFF75C
:10E8C0006FFF78B1FFE700F0ABF901990290029871
:10E8D000886000F019FB01460198C160039900F0BF
:10E8E00047FAFFE7059806B080BD00000000000071
:10E8F00080B586B00490039104980190059008308B
:10E9000000F0C6F900F0C0FA0199C8600398FFF75B
:10E910004FFF78B1FFE700F08FF90199029002985C
:10E92000886000F0F9FA01460198C160039900F08F
:10E9300033FAFFE7059806B080BD00000000000034
:10E9400080B586B00490039104980190059008303A
:10E9500000F09EF900F098FA0199C8600398FFF75B
:10E960002FFF78B1FFE700F073F901990290029848
:10E97000886000F0D9FA01460198C160039900F05F
:10E980001FFAFFE7059806B080BD000000000000F8
:10E9900080B586B0049003910498019005900830EA
:10E9A00000F076F900F070FA0199C8600398FFF75B
:10E9B0000FFF78B1FFE700F057F901990290029834
:10E9C000886000F0B9FA01460198C160039900F02F
:10E9D0000BFAFFE7059806B080BD000000000000BC
:10E9E00080B584B00290029801900390C06840689E
:10E9F00030B1FFE701990868C96849688847FFE7AF
:10EA0000039804B080BD000080B584B002900191ED
:10EA100002980390019A116852684260016001995E
:10EA2000896881600199C968C160C068406858B14F
:10EA3000FFE700F029FA0199C860684600F08CF9F8
:10EA4000019900988860FFE7039804B080BD00003A
:10EA500080B584B002900191029800900390019AD1
:10EA6000116852684260016001998968816001996A
:10EA7000C968C160C068006848B1FFE70098C06815
:10EA8000016801980068884700990860FFE70398CB
:10EA900004B080BD0000000080B586B004900391F2
:10EAA000049801900590083000F056F900F0ECF958
:10EAB0000199C8600398FFF793FE78B1FFE700F073
:10EAC0001FF9019902900298886000F03DFA014612
:10EAD0000198C160039900F09BF9FFE7059806B023
:10EAE00080BD00000000000080B586B00490039156
:10EAF000049801900590083000F02EF900F0C4F958
:10EB00000199C8600398FFF773FE78B1FFE700F042
:10EB100003F9019902900298886000F01DFA0146FD
:10EB20000198C160039900F087F9FFE7059806B0E6
:10EB300080BD00000000000080B586B00490039105
:10EB4000049801900590083000F006F900F09CF957
:10EB50000199C8600398FFF753FE78B1FFE700F012
:10EB6000E7F8019902900298886000F0FDF90146EB
:10EB70000198C160039900F073F9FFE7059806B0AA
:10EB800080BD00000000000080B584B002900298B3
:10EB900001900390C068406830B1FFE701990868B0
:10EBA000C96849688847FFE7039804B080BD000042
:10EBB00080B584B003900291039801900198029966
:10EBC00000F0DEF804B080BD80B584B003900291FF
:10EBD000039801900198029900F0E6F804B080BD16
:10EBE00080B584B003900291039801900198029936
:10EBF00000F0EEF804B080BD80B584B003900291BF
:10EC0000039801900198029900F0F6F804B080BDD5
:10EC100082B00190009100F0DBFD000000000000D8
:10EC200080B582B04EF6B131C0F6010101A800F006
:10EC300027F8019802B080BD80B582B04EF6C93188
:10EC4000C0F6010101A800F01BF8019802B080BDD8
:10EC500080B582B04EF6E131C0F6010101A800F0A6
:10EC60000FF8019802B080BD80B582B04EF6F93140
:10EC7000C0F6010101A800F003F8019802B080BDC0
:10EC800082B00190009101980099016002B0704734
:10EC900081B0009000984EF61141C0F6010101606C
:10ECA00001B070470000000080B584B0039002916D
:10ECB000039801900198029900F0B2F804B080BD69
:10ECC00080B584B003900291039801900198029955
:10ECD00000F0BAF804B080BD80B584B00390029112
:10ECE000039801900198029900F0C2F804B080BD29
:10ECF00082B00190009100F06BFD00000000000068
:10ED000080B582B04EF6A941C0F6010101A800F01D
:10ED10001BF8019802B080BD80B582B04EF6C141AB
:10ED2000C0F6010101A800F00FF8019802B080BD03
:10ED300080B582B04EF6D941C0F6010101A800F0BD
:10ED400003F8019802B080BD82B001900091019853
:10ED50000099016002B0704781B0009000984EF6B3
:10ED6000F141C0F60101016001B0704700000000F0
:10ED700082B001900091019802B07047000000003D
:10ED800080B582B0019000910198009900F040FD9B
:10ED900002B080BD0000000082B001900091019897
:10EDA00002B070470000000080B582B00190009171
:10EDB0000198009900F038FD02B080BD000000000D
:10EDC00082B001900091019802B0704700000000ED
:10EDD00080B582B0019000910198009900F030FD5B
:10EDE00002B080BD0000000082B001900091019847
:10EDF00002B070470000000080B582B00190009121
:10EE00000198009900F028FD02B080BD00000000CC
:10EE100082B001900091019802B07047000000009C
:10EE200080B582B0019000910198009900F020FD1A
:10EE300002B080BD0000000082B0019000910198F6
:10EE400002B070470000000080B582B001900091D0
:10EE50000198009900F018FD02B080BD000000008C
:10EE600082B001900091019802B07047000000004C
:10EE700080B582B0019000910198009900F010FDDA
:10EE800002B080BD0000000048F2B400C0F60200ED
:10EE9000704700000000000081B048F2C400C0F6D6
:10EEA000020001B07047000081B048F2D400C0F603
:10EEB000020001B07047000081B048F2E400C0F6E3
:10EEC000020001B07047000081B048F2F400C0F6C3
:10EED000020001B07047000081B048F20410C0F693
:10EEE000020001B07047000081B048F21410C0F673
:10EEF000020001B07047000081B048F22410C0F653
:10EF0000020001B07047000080B582B0FFF7C4FF77
:10EF100002B080BD0000000080B582B0FFF7C4FFE2
:10EF200002B080BD0000000080B582B0FFF7C4FFD2
:10EF300002B080BD0000000080B582B0FFF7C4FFC2
:10EF400002B080BD0000000080B582B0FFF7C4FFB2
:10EF500002B080BD0000000080B582B0FFF7C4FFA2
:10EF600002B080BD0000000080B582B0FFF7C4FF92
:10EF700002B080BD0000000082B0019000910198B5
:10EF80000099016002B0704781B00090009801685C
:10EF90001031016001B0704782B00190009101987A
:10EFA0000099016002B0704781B00090009801683C
:10EFB0001031016001B0704780B582B001900198B6
:10EFC00000F006FB02B080BD80B582B001900198D0
:10EFD00000F00AFB02B080BD81B00090009801B043
:10EFE000704700000000000081B00090009801B060
:10EFF000704700000000000080B584B003900291CB
:10F000000398029900F004F804B080BD00000000ED
:10F0100080B586B00490039104980290FFE70299AE
:10F020000398896888420FD0FFE7029800F01CF827
:10F0300002990190886810388860FFF7CDFF01467B
:10F04000019800F051F9EAE706B080BD0000000029
:10F0500080B582B0019001984168FFF7CDFF02B002
:10F0600080BD00000000000080B582B001900198D2
:10F070000C3000F0EDF902B080BD0000000000008F
:10F0800080B582B0019001980C3000F0D9F902B03F
:10F0900080BD00000000000080B58AB00890079194
:10F0A000069205930898019009900C300021049174
:10F0B000059A04A900F0D8F9079820B9FFE701994B
:10F0C000002008600DE00198FFF7CEFF0146079A87
:10F0D00002A800F041FA019902980860039807908D
:10F0E000FFE701980168069A01EB02118160416017
:10F0F0000168079A01EB02110091FFF7C1FF014679
:10F100000098086009980AB080BD00000000000067
:10F1100080B586B00490049803900590FFF798FF9F
:10F120000398006880B1FFE70398FFF79DFF014651
:10F130000398029101680191FEF7F6FF01990246DA
:10F14000029800F0C5F8FFE7059806B080BD000002
:10F1500080B584B0039002910398029900F004F8FE
:10F1600004B080BD0000000080B586B0049003911B
:10F1700004980290FFE702990398896888420FD0AB
:10F18000FFE7029800F01CF8029901908868103897
:10F190008860FFF729FF0146019800F0DDF8EAE7F3
:10F1A00006B080BD0000000080B582B001900198DB
:10F1B0004168FFF7CDFF02B080BD000000000000F5
:10F1C00080B582B0019001980C3000F089F902B04E
:10F1D00080BD00000000000080B582B00190019861
:10F1E0000C3000F075F902B080BD00000000000096
:10F1F00080B58AB00890079106920593089801900F
:10F2000009900C3000210491059A04A900F074F9CA
:10F21000079820B9FFE70199002008600DE00198E8
:10F22000FFF7CEFF0146079A02A800F0A5F9019961
:10F230000298086003980790FFE701980168069A12
:10F2400001EB0211816041600168079A01EB021134
:10F250000091FFF7C1FF01460098086009980AB0C5
:10F2600080BD00000000000080B586B004900498C6
:10F2700003900590FFF798FF0398006880B1FFE7BF
:10F280000398FFF79DFF01460398029101680191E1
:10F29000FEF766FF01990246029800F051F8FFE779
:10F2A000059806B080BD000080B500F069FA80BD09
:10F2B00081B00090009801B070470000000000008D
:10F2C00081B00090009801B070470000000000007D
:10F2D00080B584B003900291019203980299019A3B
:10F2E00001F026F904B080BD80B582B00190009194
:10F2F0000198009901F02CF902B080BD00000000D7
:10F3000080B582B001900198FFF73AFA02B080BD53
:10F3100080B584B003900291019203980299019AFA
:10F3200001F03AF904B080BD80B584B00390029139
:10F33000019203980299019A01F03AF904B080BD54
:10F3400080B584B003900291019203980299019ACA
:10F3500001F046F904B080BD80B582B00190009103
:10F360000198009901F04CF902B080BD0000000046
:10F3700080B582B001900198FFF70AFA02B080BD13
:10F3800080B584B003900291019203980299019A8A
:10F3900001F05AF904B080BD80B584B003900291A9
:10F3A000019203980299019A01F05AF904B080BDC4
:10F3B00082B001900091019800990160009941602C
:10F3C00002B070470000000081B0009000984168D2
:10F3D0001039416001B0704782B0019000910198EE
:10F3E000009901600099416002B070470000000080
:10F3F00081B00090009841681039416001B07047B9
:10F4000080B582B00190019800F042F902B080BD51
:10F4100080B582B00190019800F012F902B080BD71
:10F4200080B586B0059004910392059801900499E7
:10F4300000F036F9019800F00BF9019806B080BD94
:10F4400080B582B00190019800F022F902B080BD31
:10F4500080B582B001900198043000F039F902B013
:10F4600080BD00000000000080B584B003900291D0
:10F47000019203980090029900F012F9009804306C
:10F48000019900F02DF9009804B080BD0000000043
:10F4900080B582B00190019800F00AF902B080BDF9
:10F4A00080B582B00190019800F0DEF802B080BD16
:10F4B00080B586B005900491039205980190049957
:10F4C00000F0FEF8019800F0D7F8019806B080BD72
:10F4D00080B582B00190019800F0EAF802B080BDDA
:10F4E00080B582B001900198043000F001F902B0BB
:10F4F00080BD00000000000080B584B00390029140
:10F50000019203980090029900F0DAF80098043014
:10F51000019900F0F5F8009804B080BD00000000EB
:10F5200080B584B002900191019800F02DF940B1AE
:10F53000FFE7019800900298009900F075F8039099
:10F5400004E0029800F068F80390FFE7039804B025
:10F5500080BD00000000000080B584B001900391E0
:10F5600002920398029900F0FFFF01990860029847
:10F57000486004B080BD000080B584B00190039164
:10F5800002920398029901F047F8019908600298E5
:10F59000486004B080BD000080B584B00390029143
:10F5A0000192019800F0F0F840B1FFE70198009057
:10F5B00003980299009A00F01FF904E00398029959
:10F5C00000F00EF9FFE704B080BD0000000000006D
:10F5D00080B582B001900198FEF7F2FDFFF7FCFCC8
:10F5E00002B080BD0000000080B582B0019001989B
:10F5F000FEF702FEFFF7F8FC02B080BD000000003D
:10F6000082B00190019948F2AB10C0F6020000F000
:10F610007FF800000000000080B582B001900198E2
:10F6200001F020FB02B080BD80B582B00190009156
:10F630000198009901F02AFB02B080BD0000000093
:10F6400081B00090009801B07047000000000000F9
:10F6500080B584B002900298019000F0B5FF019847
:10F6600004B080BD0000000081B00090009801B09F
:10F67000704700000000000080B584B0029002983E
:10F68000019000F0F9FF019804B080BD0000000077
:10F6900081B00090009801B07047000000000000A9
:10F6A00082B00190009101980021016002B0704782
:10F6B00081B00090009801B0704700000000000089
:10F6C00082B00190009101980021016002B0704762
:10F6D00081B000900098006801B070470000000001
:10F6E00082B00190009101980099016002B07047CA
:10F6F00081B000900098006801B0704700000000E1
:10F7000082B00190009101980099016002B07047A9
:10F7100084B0844601A80EC040F2000001AAC2F2E3
:10F7200000406146009206F03BFFAFF3008000000E
:10F7300080B588B007900693059204910499059AC4
:10F74000069B0393029201910199029A039B00F098
:10F75000DBF808B080BD000080B588B00790069344
:10F76000059204910499059A069B039302920191D4
:10F770000199029A039B00F0E3F808B080BD0000F5
:10F780006FF000407047000081B0009000990020A9
:10F79000082988BF012001B0704700000000000068
:10F7A00080B582B0019000910198009901F054FA5F
:10F7B00002B080BD0000000080B584B003900291CB
:10F7C000019203980299019A01F048FA04B080BDB1
:10F7D00048F22520C0F60200FFF79AFF0000000063
:10F7E00080B582B00190009101980099FFF7D8FF91
:10F7F00002B080BD0000000080B584B0039002918B
:10F80000019203980299019AFFF7D6FF04B080BDD8
:10F8100080B582B0019000910198009900F098FDA8
:10F8200002B080BD0000000080B582B00190009160
:10F830000198009900F098FD02B080BD0000000022
:10F8400080B582B0019000910198009900F098FD78
:10F8500002B080BD0000000080B582B00190009130
:10F860000198009900F098FD02B080BD00000000F2
:10F8700080B582B0019000910198009900F098FD48
:10F8800002B080BD0000000080B582B00190009100
:10F890000198009900F098FD02B080BD00000000C2
:10F8A00080B582B0019000910198009900F098FD18
:10F8B00002B080BD0000000084B00390029101926C
:10F8C0000093039802990160019941600099816059
:10F8D00004B070470000000084B0039002910192D0
:10F8E0000093039802990160019941600099816039
:10F8F00004B070470000000081B000900099012022
:10F90000087001B07047000084B003930292019127
:10F91000009000980021017004B0704700000000C2
:10F9200081B00090009801B0704700000000000016
:10F9300081B0009000990120087001B0704700006C
:10F9400084B003930292019100900098002101700D
:10F9500004B070470000000081B00090009801B032
:10F96000704700000000000080B584B00390029151
:10F970000398029900F004F804B080BD0000000074
:10F9800080B584B0029001910299019A0DF10F00A7
:10F99000FEF79EFC18B1FFE70198009002E0029884
:10F9A0000090FFE7009804B080BD00000000000058
:10F9B00080B584B0039002910398029900F004F896
:10F9C00004B080BD0000000080B584B002900191B9
:10F9D0000299019A0DF10F00FEF78AFC18B1FFE7BA
:10F9E0000198009002E002980090FFE7009804B0B0
:10F9F00080BD00000000000080B584B0039002913B
:10FA00000398029900F004F804B080BD00000000E3
:10FA100080B584B0029001910199029A0DF10F0016
:10FA2000FEF756FC18B1FFE70198009002E002983B
:10FA30000090FFE7009804B080BD000000000000C7
:10FA400080B584B0039002910398029900F004F805
:10FA500004B080BD0000000080B584B00290019128
:10FA60000199029A0DF10F00FEF742FC18B1FFE771
:10FA70000198009002E002980090FFE7009804B01F
:10FA800080BD000000000000B0B594B01C46964652
:10FA900006901B9A1A98DDF864C0189B1394CDF851
:10FAA00048E0CDF844C010930F920E900D910E983F
:10FAB0000F990C910B900D9907A80BAA0EABFFF7AD
:10FAC000FBFE0799089A099B0DF12B00FFF730FE0A
:10FAD000FFE712A810A900F00FFEB8B1FFE70D98DC
:10FAE00003900EA80590FFF767FA029012A8049001
:10FAF000FEF75AFB029902460398FFF715FC04989B
:10FB0000FFF762FC0598FFF75FFCE2E70DF12B00C1
:10FB10000190FFF7F1FE069A01980E990F9B536032
:10FB20001160FFF7FDFE14B0B0BD00000000000042
:10FB3000B0B594B01C46964606901B9A1A98DDF80C
:10FB400064C0189B1394CDF848E0CDF844C01093DE
:10FB50000F920E900D910E980F990C910B900D999C
:10FB600007A80BAA0EABFFF7B7FE0799089A099BE7
:10FB70000DF12B00FFF7F0FDFFE712A810A900F030
:10FB8000DBFDB8B1FFE70D9803900EA80590FFF7D5
:10FB90001BFA029012A80490FEF722FB029902467B
:10FBA0000398FFF7F9FB0498FFF722FC0598FFF78D
:10FBB0001FFCE2E70DF12B000190FFF7B9FE069A5A
:10FBC00001980E990F9B53601160FFF7C5FE14B0AA
:10FBD000B0BD00000000000083B0029001910298C7
:10FBE00000680090019800680299086000980199E7
:10FBF000086003B07047000083B002900191029842
:10FC000000680090019800680299086000980199C6
:10FC1000086003B07047000080B584B00390029183
:10FC2000019203980299019A00F002F804B080BD95
:10FC300080B586B00490039102920499039A0DF165
:10FC40001700FEF731FB18B1FFE70398019010E0B1
:10FC50000299049A0DF11700FEF726FB18B1FFE791
:10FC60000298009002E004980090FFE7009801904D
:10FC7000FFE7019806B080BD81B08DED000A9DEDD3
:10FC8000000AB0EEC00A01B070470000000000009A
:10FC900081B08DED000A009820F000410020B1F104
:10FCA000FF4FB8BF012001B0704700000000000006
:10FCB00080B584B002900191019903A8FFF75CF927
:10FCC000039804B080BD000082B0019000910198BB
:10FCD0000099016002B0704780B584B0039003982A
:10FCE000029000680068D0B1FFE70298006800F059
:10FCF0002FF902980068FEF76FFB0298006800F089
:10FD00001BF9014602980191006801680091FEF715
:10FD1000D7FB009902460198FFF7DAFAFFE704B033
:10FD200080BD00000000000083B0029001910092AD
:10FD300002980199016001994968416001994968F7
:10FD4000009A01EB0211816003B0704700000000CF
:10FD500081B00090009802684168516001B070471E
:10FD600080B58CB00B900A910B98029000F0E4F8EB
:10FD7000014602980991FEF78BFB0146029801317A
:10FD8000FEF7C6FA014602980091FEF781FB009942
:10FD90000246099B04A80390FFF77EF90998019099
:10FDA0000698FFF719F9014601980A9AFFF7B0FA89
:10FDB00002980399069A1032069200F049F80398C7
:10FDC000FFF7A6F90CB080BD80B586B00590049110
:10FDD0000598029040680390FFE7049803998842D1
:10FDE0000ED0FFE7029800F0A7F8019003981038B2
:10FDF0000390FFF7F1F801460198FFF775FAECE779
:10FE000002990498486006B080BD00000000000020
:10FE100080B588B0079006910799009103A80290D9
:10FE20000122FFF781FF009800F086F80190049806
:10FE3000FFF7D2F801460198069AFFF769FA02988F
:10FE4000049910310491FFF783FF08B080BD0000D2
:10FE5000B0B594B01390129113980990FEF7BCFAC4
:10FE6000099800F069F801460998059150F8041FB7
:10FE700007900EA8FFF79CFA099801680CA8FFF7F5
:10FE800097FA129841680AA8FFF792FA05990E9A14
:10FE90000F9B0C98DDF834E00A9C0B9DEC46CCF8E7
:10FEA0000C50CCF80840CCF804E0CCF8000010A8C6
:10FEB0000690FFF7E9FD0698FEF76EF901460998EE
:10FEC000129A516012990431FFF786FE0798129931
:10FED0000831FFF781FE099800F046F80890129863
:10FEE000FFF7CEF801460898FFF776FE0998129AB8
:10FEF00051681160FEF7CCFA01460998FEF734FA12
:10FF000014B0B0BD0000000080B582B00090009831
:10FF10004168FFF7CDFE0190019802B080BD00005E
:10FF200080B582B0009000980168FFF7C1FE019093
:10FF3000019802B080BD000080B582B001900198A8
:10FF40000830FFF765FA02B080BD00000000000035
:10FF500080B582B0019001980168FFF735FF02B0CB
:10FF600080BD00000000000080B582B001900198C3
:10FF70000830FFF745FA02B080BD00000000000025
:10FF800080B584B00390029103980090416801917C
:10FF9000FFF7EAFF014601980968884205D0FFE7AC
:10FFA00000980299FFF734FF04E000980299FFF7E8
:10FFB000D7FEFFE704B080BD80B584B003900398FE
:10FFC00000900021016041600830029102A90DF10A
:10FFD0000702FFF725FA009804B080BD000000007A
:10FFE00080B584B003900399019102A80090FFF7B7
:10FFF0006BFE0098FFF770FE019804B080BD000012
:020000040802F0
:1000000080B584B002900191019903A8FEF7C4FF66
:10001000039804B080BD000082B001900091019867
:100020000099016002B0704780B584B003900398D6
:10003000029000680068D0B1FFE70298006800F005
:100040002FF902980068FEF7CFFA0298006800F0D6
:100050001BF9014602980191006801680091FEF7C2
:1000600037FB009902460198FFF76AF9FFE704B0F1
:1000700080BD00000000000083B00290019100925A
:1000800002980199016001994968416001994968A4
:10009000009A01EB0211816003B07047000000007C
:1000A00081B00090009802684168516001B07047CB
:1000B00080B58CB00B900A910B98029000F0E4F898
:1000C000014602980991FEF7EBFA014602980131C8
:1000D000FEF726FA014602980091FEF7E1FA009930
:1000E0000246099B04A80390FFF782F80998019043
:1000F0000698FEF779FF014601980A9AFFF740F942
:1001000002980399069A1032069200F049F8039873
:10011000FFF7AAF80CB080BD80B586B005900491B9
:100120000598029040680390FFE70498039988427D
:100130000ED0FFE7029800F0A7F80190039810385E
:100140000390FEF751FF01460198FFF705F9ECE730
:1001500002990498486006B080BD000000000000CD
:1001600080B588B0079006910799009103A8029086
:100170000122FFF781FF009800F086F801900498B3
:10018000FEF732FF01460198069AFFF7F9F8029848
:10019000049910310491FFF783FF08B080BD00007F
:1001A000B0B594B01390129113980990FEF71CFA11
:1001B000099800F069F801460998059150F8041F64
:1001C00007900EA8FFF708F9099801680CA8FFF737
:1001D00003F9129841680AA8FFF7FEF805990E9AEC
:1001E0000F9B0C98DDF834E00A9C0B9DEC46CCF894
:1001F0000C50CCF80840CCF804E0CCF8000010A873
:100200000690FFF795FC0698FDF7E2FF0146099876
:10021000129A516012990431FFF7EEFC0798129977
:100220000831FFF7E9FC099800F046F808901298A9
:10023000FEF7D2FF01460898FFF7DEFC0998129AF4
:1002400051681160FEF72CFA01460998FEF794F9FF
:1002500014B0B0BD0000000080B582B000900098DE
:100260004168FFF7CDFE0190019802B080BD00000B
:1002700080B582B0009000980168FFF7C1FE019040
:10028000019802B080BD000080B582B00190019855
:100290000830FFF705F902B080BD00000000000043
:1002A00080B582B0019001980168FFF735FF02B078
:1002B00080BD00000000000080B582B00190019870
:1002C0000830FFF7E5F802B080BD00000000000034
:1002D00080B584B003900291039800904168019129
:1002E000FFF7EAFF014601980968884205D0FFE759
:1002F00000980299FFF734FF04E000980299FFF795
:10030000D7FEFFE704B080BD80B584B003900398AA
:1003100000900021016041600830029102A90DF1B6
:100320000702FFF7C5F8009804B080BD0000000088
:1003300080B584B003900399019102A80090FFF763
:100340006BFE0098FFF770FE019804B080BD0000BE
:1003500080B582B0019000910198009900F01CFADC
:1003600002B080BD0000000080B582B00190009115
:100370000198009900F0F8FA02B080BD000000007A
:1003800080B582B0019000910198009900F004FBC3
:1003900002B080BD0000000080B582B001900091E5
:1003A0000198009900F020FB02B080BD0000000021
:1003B00080B582B0019000910198009900F02CFB6B
:1003C00002B080BD0000000080B582B001900091B5
:1003D0000198009900F05CFB02B080BD00000000B5
:1003E00080B582B0019000910198009900F018FC4E
:1003F00002B080BD0000000080B584B0039002917F
:10040000039801900299FEF703FA019804B080BDA9
:1004100080B584B003900291039801900299FEF791
:100420001BFA019804B080BD80B584B00290029898
:1004300001900DF10F01FEF733FA019804B080BD71
:1004400080B584B00290029801900DF10F01FEF783
:100450004FFA019804B080BD80B584B00290029834
:1004600001900DF10F01FEF76BFA019804B080BD09
:1004700080B584B00290029801900DF10F01FEF753
:1004800087FA019804B080BD80B582B001900198D0
:100490000090FEF7A5FA009802B080BD00000000B1
:1004A00080B584B003900291039801900299FEF701
:1004B000ABFA019804B080BD80B584B0039002917E
:1004C000039801900299FEF7C3FA019804B080BD29
:1004D00080B584B00290029801900DF10F01FEF7F3
:1004E000DBFA019804B080BD80B584B00290029818
:1004F00001900DF10F01FEF7F7FA019804B080BDED
:1005000080B584B00290029801900DF10F01FEF7C2
:1005100013FB019804B080BD80B582B001900198B2
:100520000090FEF731FB009802B080BD0000000093
:1005300080B584B00390029101920298019909015B
:100540000422FFF729F804B080BD0000000000007D
:1005500080B582B0019000910098FFF795FF02B03E
:1005600080BD00000000000080B584B003900291BF
:10057000039802990191FEF7C3FE01460198884253
:1005800002D9FFE700F0F0F8029800010421FEF71D
:10059000C7FF04B080BD000080B584B00390029115
:1005A000019202980199FFF733FF04B080BD00006B
:1005B00080B584B003900291019202980199FFF7EF
:1005C0001BFF04B080BD000080B582B0019001988F
:1005D0000090FEF76DFE009802B080BD00000000A4
:1005E00080B584B0039002910192029801990901AB
:1005F0000422FEF7D1FF04B080BD0000000000001F
:1006000080B582B0019000910098FFF785FF02B09D
:1006100080BD00000000000080B584B0039002910E
:10062000039802990191FEF7A3FE014601988842C2
:1006300002D9FFE700F098F8029800010421FEF7C4
:100640006FFF04B080BD000080B584B003900291BC
:10065000019202980199FFF72FFF04B080BD0000BE
:1006600080B584B003900291019202980199FFF73E
:1006700017FF04B080BD000080B582B001900198E2
:100680000090FEF71DFE009802B080BD0000000043
:1006900080B584B0039002910398FDF725FD019089
:1006A0000298FDF721FD01460198401AB0FA80F04A
:1006B000400904B080BD000080B584B00390029171
:1006C0000398FDF721FD01900298FDF71DFD0146FD
:1006D0000198401AB0FA80F0400904B080BD0000D3
:1006E00080B582B00190009101980099FFF7D0FF8A
:1006F00080F0010002B080BD80B584B0039002910B
:100700000398FDF749FD01900298FDF745FD01466C
:100710000198401A18BF012004B080BD00000000FD
:1007200080B582B00190009101980099FFF7C4FF55
:1007300080F0010002B080BD80B584B003900291CA
:100740000398FDF745FD01900298FDF741FD014634
:100750000198401A18BF012004B080BD40F2B44097
:10076000C2F200400068704748F2ED10C0F6020087
:10077000FEF7CEFF0000000080B582B08DED000BCB
:100780009DED000B51EC100B00F0A6FA002818BFED
:10079000012002B080BD000080B58AB009900891A8
:1007A00008988088122840F0DD80FFE708980068EC
:1007B000079007990878497840EA01206FF3DF2015
:1007C000ADF81A00079948788978C00840EA4110C6
:1007D0006FF3DF20ADF8180007998878CA78097997
:1007E000800940EA820040EA81206FF3DF20ADF803
:1007F0001600079908794979400840EAC1106FF35B
:10080000DF20ADF81400BDF81A00B0F5B67F2ED386
:10081000FFE7BDF81A0040F29461884227D8FFE74D
:10082000BDF81800B0F5B67F21D3FFE7BDF818007A
:1008300040F2946188421AD8FFE7BDF81600B0F57F
:10084000B67F14D3FFE7BDF8160040F294618842EA
:100850000DD8FFE7BDF81400B0F5B67F07D3FFE76A
:10086000BDF8140040F29561884201D3FFE779E0BA
:100870000898016842F64450C2F200400390F9F72C
:1008800023FC0398FDF7A0FB014603988DF8131095
:10089000FDF7A2FB8DF812009DF8130070B1FFE781
:1008A0009DF81300032809D8FFE79DF8120028B12E
:1008B000FFE79DF81200042801D3FFE752E042F65B
:1008C0004450C2F200400290F9F7D6FB0298FDF7BF
:1008D000D3FA0298F9F7DCFB029842F69051C2F283
:1008E0000041019181ED000AFDF7CEFA0298F9F777
:1008F000CFFB0199029881ED010AFDF72DFB0298CB
:10090000F9F7C6FB0199029881ED020AFDF75CFB3D
:10091000019A014602981173FDF75EFB019A0146A8
:100920000298517308990A68917BD27B41EA0221AF
:1009300042F21C02C2F200421180FDF7ADFA42F20F
:100940002401C2F200410880E6F79AFE42F220013B
:10095000C2F20041086042F22601C2F200410120C9
:100960000870FFE70AB080BD82B001900091009846
:1009700080880C280DD1FFE70098016808684A6854
:100980008B6840F23811C2F200418B604A60086007
:10099000FFE702B07047000080B584B00390029179
:1009A0000298006808B9FFE71CE00020ADF80600D7
:1009B000FFE7BDF8060002998988884212DAFFE74E
:1009C00002980068BDF80610415C41F21850C2F26E
:1009D0000040FBF745FEFFE7BDF806000130ADF82B
:1009E0000600E6E704B080BD80B582B001900091BA
:1009F0000098808801280ADBFFE70098006830B182
:100A0000FFE7009908688988F5F73AFAFFE702B02E
:100A100080BD00000000000080B582B00190009110
:100A20000098806868B1FFE700988068022808D8BD
:100A3000FFE7009940F61820C2F20040F9F74CFE9B
:100A400024E000988068B0F5007F0ED9FFE7009899
:100A50008068B0F5017F08D8FFE7009940F2E850C0
:100A6000C2F20040FAF79CFA0FE00098806840F26A
:100A70007771884208D1FFE7009942F6B450C2F27C
:100A80000040F5F7F9F8FFE7FFE7FFE702B080BDA8
:100A900080B586B0059004910498806840F20131D9
:100AA000884222D1FFE70498007B04281DD3FFE78A
:100AB0000498006840F6B841C2F20041086043F66D
:100AC0000411C2F20041012002900870E6F7D8FD3F
:100AD0000146029840F21022C2F20042116040F238
:100AE0000C21C2F20041087096E00498806840F240
:100AF0000231884225D1FFE70498007B082820D3E3
:100B0000FFE70498006840F6B841C2F2004148602F
:100B100004984068886040F6B441C2F20041012068
:100B200001900870E6F7ACFD0146019840F23022D2
:100B3000C2F20042116040F22C21C2F20041087062
:100B400069E00498806840F20331884239D1FFE7B8
:100B50000498007B022834D3FFE70498007880B320
:100B6000FFE70498007803282BD8FFE70498407823
:100B700038B3FFE704984078032822D8FFE70498A9
:100B8000007800EE100AB8EE400A40F6B840C2F213
:100B9000004080ED030A0499497800EE101AB8EE7F
:100BA000400A80ED040AE6F76BFD40F6D841C2F238
:100BB0000041086040F6DC41C2F2004101200870AB
:100BC00028E00498806840F20531884221D1FFE78F
:100BD0000498007B02281CD1FFE70020ADF80E002E
:100BE00004980088ADF80E00BDF80E0040F6CC4128
:100BF000C2F200410880E6F743FD40F6D041C2F260
:100C00000041086040F6D441C2F200410120087062
:100C1000FFE7FFE7FFE7FFE706B080BD0000000049
:100C200080B582B0019000910098806803280DD3B0
:100C3000FFE700988068042808D8FFE7009942F28F
:100C4000F870C2F20040F9F747FDFFE702B080BD3F
:100C500005F016BD05F014BDFFF7FABF1146FFF70A
:100C6000F9BF000010B50446012898BF012400BF59
:100C7000204606F065F9002818BF10BDFFF76EFD8D
:100C800008B18047F4E7002010BD0000F0B581B046
:100C90000C460546012898BF0125042998BF042465
:100CA0000027684621462A460097DFF7C7FB0098D1
:100CB00078B96E46FFF752FD50B180473046214665
:100CC0002A460097DFF7BAFB00980028F2D000E030
:100CD000002001B0F0BD000082B041EC100B8DEDA2
:100CE000000B0198C0F30A5040F2FF71401A18BF80
:100CF000012002B07047000081B0ADF80200BDF9DC
:100D0000020000280ED4FFE7BDF9021001F01F0217
:100D1000012090404A094EF20011CEF2000141F844
:100D20002200FFE701B070474EF60C50CEF20000F3
:100D30000068C0F30220704782B0ADF80600009151
:100D4000BDF9060000280AD4FFE700980001BDF9AC
:100D500006104EF20042CEF2000288540BE00098DA
:100D60000001BDF8061001F00F014EF61452CEF24C
:100D700000028854FFE702B0704700000000000046
:100D800082B0ADF806000091BDF9060000280AD433
:100D9000FFE700980001BDF906104EF20042CEF2C6
:100DA000000288540BE000980001BDF8061001F025
:100DB0000F014EF61452CEF200028854FFE702B043
:100DC000704700000000000083B00290029800F01D
:100DD000070000904EF60C51CEF200010868019019
:100DE00001984FF6FF02104001900198009A40EAE6
:100DF00002200022C0F2FA521043019001980860CC
:100E000003B0704701A000F0D2FB00BF50757265BF
:100E1000207669727475616C2066756E6374696F93
:100E20006E2063616C6C65642100000000000000AE
:100E300080B582B040F20810C2F2004069460860F6
:100E400041F21850C2F2004040F6E041C2F20041C7
:100E500040F2EC02C2F2004240F20C13C2F2004334
:100E6000FBF736FD02B080BD80B540F68410C2F2BB
:100E700000404FF47A71F8F7B7FF80BD0000000022
:100E800080B542F6B450C2F200404FF4FA71F4F764
:100E900043FF80BD0000000080B582B041F6707055
:100EA000C2F200400190F9F773FA01994AF27940D1
:100EB000C0F6010040F20002C0F60002DFF79AFA25
:100EC00002B080BD0000000080B5F9F71DF840F2C7
:100ED0001051C2F20041086080BD00000000000017
:100EE00080B584B001218DF80E1002208DF80F001E
:100EF0000191029068460021016040F61820C2F27C
:100F000000400DF10E0201ABF9F7F2FE04B080BD16
:100F100080B582B041F60070C2F20040019047F601
:100F2000FC21C0F6020147F6DC22C0F602029FED6A
:100F3000090ADFED090AF8F7D3FC019949F6911087
:100F4000C0F6010040F20002C0F60002DFF752FADC
:100F500002B080BD7DAE963EE3A59B3D0000000043
:100F600080B542F64450C2F200406421F9F7B0F96E
:100F700080BD00000000000080B584B003218DF822
:100F80000E1004208DF80F00019102906946022096
:100F9000086042F2F870C2F2004000210DF10E022A
:100FA00001ABF9F719FF04B080BD0000000000009C
:100FB00080B540F60C10C2F20040B2EE000ADFED40
:100FC000030A9FED031AF6F703FD80BD6F12833A03
:100FD000F304353F0000000080B540F64010C2F237
:100FE0000040B2EE000ADFED030A9FED031AF6F7A8
:100FF000EFFC80BD6F12833AF304353F0000000020
:1010000080B588B042F2E800C2F2004002909FED45
:10101000260A8DED010ADFED250ACDED030A9FEDCD
:10102000241A8DED041ADFED231ACDED051A9FED7C
:10103000222A8DED062ADFED212ACDED072AF8F7C9
:101040007FF80298DDED030A9DED041ADDED051A27
:101050009DED062ADDED072A40309FED190AF8F7CD
:101060006FF802989DED010ADDED030A9DED041A6B
:10107000DDED051A9DED062ADDED072A8030F8F733
:101080005FF80298DDED030A9DED041ADDED051A07
:101090009DED062ADDED072AC0309FED0A0AF8F71C
:1010A0004FF808B080BD00BF0000A5438FC2F53CDB
:1010B000000000000000804600409C450000FA430C
:1010C0000000AF430000A04380B542F66460C2F266
:1010D00000409FED071ADFED071A9FED072ADFEDAD
:1010E000072AB0EE410AF0EE410AF8F729F880BD70
:1010F0000000000000401C4600409C450000FA43F0
:1011000080B540F24050C2F20040B2EE000A9FEDBE
:10111000061ADFED061AB3EE092AF0EE042AF0EE05
:10112000410AF4F7A9FA80BD000000000000C8429F
:1011300080B542F6CC50C2F20040F8F735FC80BDD5
:1011400080B540F60000C2F20040F7F7A9FD80BD6F
:1011500080B540F69C10C2F200409FED040ADFED1E
:10116000040A9FED041AF7F777FB80BD0000C8441E
:1011700000007A430000604280B542F24820C2F28B
:1011800000409FED020AF7F7C7FE80BD0000C8448B
:1011900080B540F2B840C2F200409FED070A9FEDD3
:1011A000072ADFED072AF0EE620AB0EE621AF0EECF
:1011B000421AF7F7C5FF80BDCDCC4C3D0000A042E0
:1011C000000000000000000080B582B040F6CC10A6
:1011D000C2F20040019047F6FC21C0F6020140F245
:1011E0002402C2F200429FED0A0ADFED0A0AB1EEC4
:1011F000001AF8F785F9019949F2A150C0F60100EB
:1012000040F20002C0F60002DFF7F4F802B080BD41
:101210007DAE963EE3A59B3D80B582B040F638306A
:10122000C2F200400090B2EE0E0AF2EE041ADFEDB8
:101230000F2ACDED012AF0EE620AB0EE621AB0EE8E
:10124000622AF7F77DFF0098DDED012A4030B0EE0D
:10125000080AF3EE0B1AF0EE620AB0EE621AB0EE74
:10126000622AF7F76DFF02B080BD00BF00000000EA
:1012700080B542F2FC10C2F200409FED070A9FEDDC
:10128000072ADFED072AF0EE620AB0EE621AF0EEEE
:10129000421AF7F755FF80BDCDCC4C3D0000A0426F
:1012A000000000000000000080B582B041F6A4609C
:1012B000C2F20040019047F6FC21C0F6020147F659
:1012C000DC22C0F602029FED0A0ADFED0A0AB1EE47
:1012D000001AF8F771F9019949F26960C0F6010046
:1012E00040F20002C0F60002DFF784F802B080BDD1
:1012F0007DAE963EE3A59B3D80B582B040F6B8300A
:10130000C2F200400090B2EE000AF2EE041ADFEDE5
:101310000F2ACDED012AF0EE620AB0EE621AB0EEAD
:10132000622AF7F70DFF0098DDED012A40309FEDAE
:10133000080AF3EE0B1AF0EE620AB0EE621AB0EE93
:10134000622AF7F7FDFE02B080BD00BF000000007A
:10135000CDCC4C3F0000000080B542F2C470C2F218
:101360000040DFED030AB0EE600AF8F7DDFC80BD57
:101370000000C8420000000080B582B042F698101C
:10138000C2F200400090B7EE080AF3EE0E1ADFED4D
:101390000F2ACDED012AF0EE620AB0EE621AB0EE2D
:1013A000622AF7F7CDFE0098DDED012A40309FED6F
:1013B000080ADFED081AF0EE620AB0EE621AB0EE2B
:1013C000622AF7F7BDFE02B080BD00BF000000003A
:1013D000CDCC4C3F0000204280B542F2DC70C2F21E
:1013E0000040DFED030AB0EE600AF8F79DFC80BD17
:1013F0000000C8420000000080B582B042F698208C
:10140000C2F200400090B7EE080AF3EE0E1ADFEDCC
:101410000F2ACDED012AF0EE620AB0EE621AB0EEAC
:10142000622AF7F78DFE0098DDED012A40309FED2E
:10143000080ADFED081AF0EE620AB0EE621AB0EEAA
:10144000622AF7F77DFE02B080BD00BF00000000F9
:10145000CDCC4C3F0000204280B540F2E850C2F2B3
:10146000004047F60C32C0F602024FF400731946F2
:10147000F9F7B2FF80BD000080B582B042F61810C7
:10148000C2F200400090B1EE040AF0EE081ADFED5F
:101490000F2ACDED012AF0EE620AB0EE621AB0EE2C
:1014A000622AF7F74DFE00989DED011A4030DFEDFE
:1014B000080AF2EE001AF7EE002AB0EE620AB0EE69
:1014C000622AF7F73DFE02B080BD00BF00000000B9
:1014D0000AD7A33C0000000080B540F2F840C2F2F9
:1014E00000409FED020AFBF763FA80BDCDCC4C3E75
:1014F00080B582B042F61820C2F200400090B1EEF2
:10150000040AF0EE081ADFED0F2ACDED012AF0EE05
:10151000620AB0EE621AB0EE622AF7F711FE009886
:101520009DED011A4030DFED080AF2EE001AF7EEE9
:10153000002AB0EE620AB0EE622AF7F701FE02B0AE
:1015400080BD00BF000000000AD7A33C00000000DF
:1015500080B540F20050C2F200409FED020AFBF756
:1015600027FA80BDCDCC4C3E80B543F29800C2F244
:101570000040F5F7D5FF80BD80B540F20850C2F2BB
:1015800000409FED020AFBF713FA80BDCDCC4C3E24
:1015900080B592B001A80090F4F766F9009942F680
:1015A0003470C2F20040F7F743F812B080BDAFF3D9
:1015B000008000000000000080B5ADF5227DA19004
:1015C0004FF47A7000F058FFFAF78AFEFAF788FEB7
:1015D00001688A6800213A919047A090FAF780FE4E
:1015E00001688A680121399190479F90FAF778FE47
:1015F00001688A68022190479E90A09833909AA82B
:101600003490FEF765FF339834990268D2699047A9
:101610003498FEF781FF9F98359095A83690FEF795
:1016200063FF359836990268D26990473698FEF77D
:1016300073FF9E98379090A83890FEF761FF379817
:1016400038990268D26990473898FEF765FF3A9852
:10165000399940F69812C2F2004211706A9069906E
:101660006890679040F24050C2F20040F3F7E8FF04
:1016700040F25000C2F20040F5F79AFB3A9840F66B
:10168000B841C2F200410861C860886048600860E3
:101690006690FFE7669803280EDCFFE76698421C19
:1016A00040F2E850C2F200400021F9F7D5FCFFE714
:1016B000669801306690EDE7F3F7FAFD00208DF8AB
:1016C00097018DF896014FF4FA7000F0D5FEFFE710
:1016D000E5F7D6FF619061995BA8F3F7A9FB9DF848
:1016E0006C019DF89611401A18BF01208DF86B010E
:1016F0009DF86C018DF896019DF86E11002003296C
:10170000329008D1FFE79DF86F010338B0FA80F0FE
:1017100040093290FFE7329800F001008DF86A012D
:101720009DF86D110020C907319031B1FFE79DF898
:101730006B0180F001003190FFE7319800F001006B
:101740008DF86901BDF87011619B9DF869019DF8E4
:101750006A21EC46CCF8003002F0010200F00103EF
:1017600040F25000C2F200403090F5F779FB30981B
:10177000FBF742F959905998C07AC00740B1FFE78A
:1017800042F6A051C2F20041086801300860FFE74C
:101790005998407BC00790B1FFE742F62830C2F26B
:1017A0000040016801310160006838B9FFE742F686
:1017B0002831C2F2004101200860FFE7FFE79DEDFC
:1017C0005D0AB7EEC00A9FEDD41B20EE010BB7EE09
:1017D000C00B40F2D801C2F2004181ED000A9DED3C
:1017E0005E0AB7EEC00A20EE010BB7EEC00B81ED2A
:1017F000010A9DED5F0A40F23800C2F2004090ED10
:10180000001A20EE410A81ED020A9DF86E0108736C
:101810009DF86F01487342F6B450C2F20040F4F7ED
:1018200013FA9DF86C0130B1FFE79DF86B01C0071A
:10183000002845D0FFE700205890FFE7589803287C
:1018400020DCFFE7589A42F2C801C2F200410020B2
:101850002F9041F82200589942F2E800C2F200406D
:1018600000EB8110F7F774FB2F995898421C40F257
:10187000E850C2F20040F9F7EFFBFFE7589801305B
:101880005890DBE740F24050C2F20040F3F74CFEC4
:10189000F7F75EFB40F60C10C2F200409FEDA00A85
:1018A0008DED2E0AF5F774FF9DED2E0A40F64010DF
:1018B000C2F20040F5F76CFFF3F7FAFC00F08EBCC3
:1018C000F3F772F99DED600A9FED961A20EE010A7A
:1018D0009FED951A80EE010A43F60010C2F2004017
:1018E0002C9080ED000A9DF86C319DF86E119DF8EA
:1018F0006F21002B18BF012340F24050C2F200407C
:101900002D90F3F735FD2C992D9891ED000AF3F702
:1019100003FD43F2DC70C2F2004080ED000A9DF846
:101920006C0101281FD1FFE79DF86A01C007D0B9FB
:10193000FFE740F24050C2F20040F3F795FE032863
:1019400011D0FFE79DED5F0A40F23800C2F200407F
:1019500090ED001A20EE410A43F2DC70C2F2004022
:1019600080ED000AFFE75998007BC00780B1FFE7D0
:101970005998407AC00758B1FFE740F24050C2F290
:101980000040406D43F2DC71C2F2004108606EE03D
:101990009DF86C0101283ED1FFE75998007BC007F4
:1019A000C8B3FFE7BDF9720100EE100AB8EEC00A35
:1019B0009FED5E1A20EE010A43F2DC70C2F2004095
:1019C00080ED000A90ED000AB0EE001AB4EE410A74
:1019D000F1EE10FA08DDFFE743F2DC71C2F20041DC
:1019E0004FF080400860FFE743F2DC70C2F2004035
:1019F00090ED000AB8EE001AB4EE410AF1EE10FACA
:101A000008DAFFE743F2DC71C2F200414FF04040D8
:101A10000860FFE72AE05998007BC007C0B1FFE7E4
:101A20005998807AC00798B1FFE743F60010C2F2D8
:101A3000004090ED000A40F24050C2F20040F3F73F
:101A40007BFD43F2DC70C2F2004080ED000A0CE046
:101A50005998007BC00738B1FFE743F2DC71C2F24E
:101A6000004100200860FFE7FFE7FFE7FFE742F2E1
:101A7000F811C2F20041002008609DF86C010228B4
:101A800029D1FFE740F24050C2F20040F3F7ECFDED
:101A900003280FD0FFE75998007BC007D8B1FFE7B4
:101AA0005998407AC00728B9FFE75998807AC0074B
:101AB00088B1FFE743F2DC70C2F2004090ED000A0B
:101AC0009FED1B1A20EE010A42F2F810C2F200400C
:101AD00080ED000AFFE75998007BC00750B3FFE78D
:101AE000599890ED000AB7EEC00A9FED0B1B20EE4F
:101AF000010BB7EEC00B8DED6A0A599890ED010A03
:101B0000B7EEC00A20EE010BB7EEC00B8DED690AEF
:101B100027E000BF00BF00BFCDCCCCCCCCCC124066
:101B200000000000DB0F494000003443507756BDF1
:101B30000AD7233C9DED5D0AB7EEC00A1FED0A1BD4
:101B400020EE010BB7EEC00B8DED6A0A9DED5E0A2B
:101B5000B7EEC00A20EE010BB7EEC00B8DED690A9F
:101B6000FFE743F60010C2F2004090ED000A42F297
:101B7000F810C2F2004090ED001A30EE010A8DED2F
:101B8000570A9DED6A0A8DED270A9DED570A04F06C
:101B90008BFF8DED260A9DED690A8DED280A9DEDDE
:101BA000570A05F029F89DED262A9DED271AB0EE7B
:101BB000403A9DED280A20EE030AA1EE020A8DEDBF
:101BC000680A9DED6A0A8DED2A0A9DED570A05F017
:101BD00013F88DED290A9DED690A8DED2B0A9DED17
:101BE000570A04F061FF9DED292A9DED2A1AB0EEF7
:101BF000403A9DED2B0A20EE030AA1EE420A8DED3C
:101C0000670A40F24050C2F20040F3F72DFD9DF804
:101C1000971188421ED0FFE700205690FFE75698A4
:101C200003280EDCFFE7569942F2E800C2F20040BA
:101C300000EB8110F7F78CF9FFE7569801305690CA
:101C4000EDE740F24050C2F20040F3F70DFD8DF891
:101C50009701FFE740F24050C2F20040F3F704FD65
:101C600098BBFFE700205590FFE75598032817DC45
:101C7000FFE7559942F2E800C2F2004000EB811004
:101C8000F7F766F95598421C40F2E850C2F200405E
:101C90000021F9F7E1F9FFE7559801305590E4E7A5
:101CA00040F60C10C2F200401FED630A8DED250ACC
:101CB000F5F76EFD9DED250A40F64010C2F200409A
:101CC000F5F766FDF3F7F4FA87E240F2E850C2F266
:101CD00000400A9001211891F9F746FD0A98B3EEE9
:101CE000031A8DED0B1A80EE010A40F67411C2F250
:101CF0000041139181ED000A02210F91F9F734FDA3
:101D00000A989DED0B1A139980EE010A81ED010AE4
:101D100003211191F9F728FD0A989DED0B1A1399EB
:101D200080EE010A81ED020A0421F9F71DFD9DED07
:101D30000B1A139880EE010A80ED030A90ED000A59
:101D4000D0ED010A90ED021AD0ED031A40F6CC1046
:101D5000C2F200400C90F7F7B7FB0C98FBF7DCFFE2
:101D600040F60C10C2F20040F5F732FD0C988DEDF4
:101D7000540AFBF7D9FF40F64010C2F20040F5F7D5
:101D800027FD8DED530A9DED680ADDED540A42F200
:101D9000C470C2F200400D90F7F752FE9DED670A45
:101DA000DDED530A42F2DC70C2F200400E90F7F70C
:101DB00047FE0D98FBF7E4FF0E988DED680AFBF7E0
:101DC000DFFF8DED670A9DED680ADDED670A43F2DE
:101DD000DC70C2F2004090ED001A41F60070C2F2D1
:101DE000004010905FEDB21AF7EE002AB0EE622AC2
:101DF000F7F7C2FC109800211F91FBF79DFF109888
:101E0000189942F2E812C2F20042129282ED000AE0
:101E1000FBF792FF0F991098129A82ED010AFBF7D7
:101E20008BFF10981199129AB1EE400A82ED020AC6
:101E3000FBF782FF12991398B1EE400A81ED030A75
:101E400091ED000AD0ED000A42F2E800C2F2004033
:101E50001490F7F78DF8129A1399149842F2C80368
:101E6000C2F20043159383ED000A92ED010AD1ED11
:101E7000010A4030F7F77CF8129A13991498159BD1
:101E800083ED010A92ED020AD1ED020A8030F7F7E4
:101E90006FF8129A13991498159B83ED020A92ED2C
:101EA000030AD1ED030AC030F7F762F8159981ED06
:101EB000030A08684A688B68D1F80CC042F2D8015E
:101EC000C2F20041C1F80CC08B604A60086042F663
:101ED000B450C2F200401690FAF77EFD0146169803
:101EE000199140F2BC11C2F200410978179140F6F5
:101EF000AC11C2F20041498900EE101AB8EE400A56
:101F00008DED1B0A40F6BD11C2F20041098900EEB9
:101F1000101AB8EE400A8DED1A0AFAF765FD179A05
:101F200018981999DDED1A0AB0EE401A9DED1B0ABA
:101F300020EA020242F24820C2F200401C90F6F76A
:101F400067FF1C98FBF77CFE1C988DED520AFBF78F
:101F50006FFE8DED510A9FEDCB0A04F015FF8DED5C
:101F60001D0A9DED520A04F00FFFF0EE400A9DEDB0
:101F70001D0A40F2B840C2F20040F6F7F9FF8DEDBD
:101F8000500A9FEDC10A04F0FFFE8DED1E0A9DED83
:101F9000520A04F0F9FEF0EE400A9DED1E0A42F2EC
:101FA000FC10C2F20040F6F7E3FF1F988DED4F0AD8
:101FB0009DED500A8DED200A9DED4F0A8DED210A11
:101FC0009DED510A8DED220A9DED520A8DED230AF9
:101FD0005999097BC907249021B1FFE75998007AE4
:101FE0002490FFE7DDED231A9DED221ADDED210A95
:101FF0009DED200A249800F0010140F69C10C2F2E9
:102000000040089000220992F6F79EFB0898F6F728
:102010001BFC09988DED4E0A4190FFE7419803287B
:102020002BDCFFE7419942F2C800C2F2004000EB0E
:10203000810090ED000A9FED951A20EE010A4AA852
:1020400000EB810080ED000A41980130C1B240F2FE
:10205000E850C2F20040F9F787FB419946A800EB2F
:10206000810080ED000A419A42A9002041F8220037
:10207000FFE7419801304190D0E7DDED4E0A694617
:1020800042A8086040F60000C2F2004040F2B003EF
:10209000C2F200434AA946AA9FED790AF6F7F0FB7F
:1020A00000204090FFE7409803281ADCFFE79DF8E6
:1020B000001140F60000C2F20040F6F7E1FD9FED8E
:1020C000741A20EE010A409942F2C800C2F20040A0
:1020D00000EB810080ED000AFFE74098013040905E
:1020E000E1E700203F903E90FFE73E9803284BDC5D
:1020F000FFE73E9942F2C800C2F2004000EB8100C7
:1021000090ED000A9FED611A20EE010A8DED3D0A67
:102110003E980130C1B240F2E850C2F20040F9F7F7
:1021200023FB8DED3C0A40F2B000C2F200409DED71
:102130003D3A90ED001A90ED012A90ED024A90EDA3
:10214000030AA2EE031A9DED3C2AB0EEC25AA4EE99
:10215000051A20EE030AA0EE021A90ED040A20EE02
:10216000030AA0EE031A90ED050A20EE020AA0EE83
:10217000021A9DED3F0A30EE010A8DED3F0AFFE79E
:102180003E9801303E90B0E73F9840F60811C2F209
:102190000041086000203B90FFE73B98032819DCD2
:1021A000FFE73B9842F2C801C2F2004101EB800117
:1021B00091ED000ABDEEC00A10EE101A421C40F26A
:1021C000E850C2F20040F8F747FFFFE73B980130C4
:1021D0003B90E2E7F3F76CF8FFE7FFE740F6AC105F
:1021E000C2F200400190C188028940F6BD10C2F2DF
:1021F00000400290838941F23430C2F200400380F3
:10220000038840F2BC10C2F20040039090F800C076
:102210000120079020EA0C00EC46CCF8000040F6C4
:10222000D540C2F20040F3F723FC01990298498996
:1022300000EE101AB8EE400A8DED040A008900EE97
:10224000100AB8EE400A8DED050A42F6B450C2F20B
:1022500000400690FAF7C0FB039B9DED040ADDEDFC
:10226000050A0799024606981B7821EA0303002114
:10227000F3F76EFC079800F0FFF8FFF729BA00BFEC
:10228000000000000000C84400007A430000A03AAB
:10229000CDCC4C440000000080B58CB00B90642085
:1022A00002F08AFEFFE740F23400C2F200400078FC
:1022B00000B3FFE741F60C20C2F20040DEF7C8FC95
:1022C00040F23401C2F200410A91087040F210500D
:1022D000C2F200400068F7F71FFE0A98007840B18C
:1022E000FFE70020F2F768FF4FF47A7002F064FE17
:1022F000D9E7FFE70120642101F012FE40F21050FF
:10230000C2F200400068F7F797FE014640F2340041
:10231000C2F20040017001780020099049B9FFE73E
:1023200040F21050C2F200400068FBF78DFD0990AA
:10233000FFE7099800F00100F2F73EFF40F210506D
:10234000C2F2004000900068FBF76EFD00988DED32
:10235000080A0068FBF770FD00988DED010A00681F
:10236000FBF736FD00988DED020A0068FBF738FD9B
:1023700000988DED030A0068FBF73EFD00988DED97
:10238000040A0068FBF744FD00988DED050A00681B
:10239000FBF706FD00988DED060A0068FBF708FDC7
:1023A00000988DED070A0068FBF70AFDDDED010AD4
:1023B0009DED021ADDED031A9DED042ADDED052ADF
:1023C0009DED063ADDED073AB0EE404A9DED080A74
:1023D000F2F7A2FE67E7000080B582B0002001900E
:1023E0004EF61450CEF2000000688003002801D59C
:1023F000FFE71AE0BFF34F8FBFF36F8F4EF65071B8
:10240000CEF2000100200860BFF34F8FBFF36F8F43
:102410004EF61451CEF20001086840F40030086016
:10242000BFF34F8FBFF36F8FFFE7E5F741F9EDF78C
:1024300097FEECF75DFEECF773FCECF70DFDECF7A7
:102440004BFDECF78DFDECF76FFFECF7BDFFEDF703
:102450004BF8EDF701F8EDF78FF8EDF7D9F8ECF759
:10246000F7FEECF731FF00F04FF8ECF7BDFD00F0A0
:102470006FF8FFE7FEE7000080B584B00290EFF34D
:1024800005800390039820B1FFE76FF005000190ED
:1024900009E000200190029820B1FFE7029802F0C5
:1024A0008BFDFFE7FFE7019804B080BD000000004E
:1024B00080B582B003F020FD0146009158B1FFE7DE
:1024C000009801280AD0FFE70098022807D1FFE70B
:1024D0000220019012E0032001900FE0FFE740F29C
:1024E0003410C2F200400068012803D1FFE7012048
:1024F000019002E000200190FFE7FFE7019802B0A1
:1025000080BD00000000000082B0EFF30580019064
:10251000019820B1FFE76FF00500009014E040F251
:102520003410C2F20040006848B9FFE740F23411AD
:10253000C2F20041012008600020009003E04FF04B
:10254000FF300090FFE7FFE7009802B070470000FF
:1025500080B582B0EFF305800190019820B1FFE7CC
:102560006FF00500009019E040F23410C2F2004014
:10257000006801280DD1FFE7EDF7BEFD40F23411F0
:10258000C2F200410220086002F056FE00200090D6
:1025900003E04FF0FF300090FFE7FFE7009802B044
:1025A00080BD00000000000080B584B0039002915F
:1025B00043F6E800C2F200400068009042F24C305E
:1025C000C2F200400068043002F09AFA08B9FFE74E
:1025D00000E0FFE70398013080B9FFE7029868B197
:1025E000FFE742F24C30C2F200400068011D43F6A2
:1025F000C000C2F2004002F02FFB3DE000980399BA
:1026000008440190019842F24C31C2F2004109683D
:1026100048600198009988420ED2FFE742F25C3090
:10262000C2F20040006842F24C31C2F20041096837
:10263000043102F0D9FA1EE042F25430C2F20040F6
:10264000006842F24C31C2F200410968043102F0E4
:10265000CBFA019843F64801C2F20041096888426A
:1026600007D2FFE7019843F64801C2F20041086033
:1026700000E0FFE7FFE7FFE704B080BD00000000D7
:1026800080B582B0019002F013FB43F21011C2F248
:10269000004108680130086042F24C30C2F200404C
:1026A000006898B9FFE7019842F24C31C2F200414C
:1026B000086043F21010C2F200400068012803D104
:1026C000FFE700F005FB00E0FFE71CE043F6B40085
:1026D000C2F200400068A0B9FFE742F24C30C2F2FB
:1026E00000400068C06A0199C96A884207D8FFE7BC
:1026F000019842F24C31C2F20041086000E0FFE76D
:1027000000E0FFE7FFE743F21C10C2F2004001685F
:10271000013101600068019948640198C06A43F280
:102720002011C2F200410968884208D9FFE70198E8
:10273000C06A43F22011C2F200410860FFE701992C
:10274000C86A00EB800242F26430C2F2004000EB43
:102750008200043102F080FA02F0D6FA43F6B400A7
:10276000C2F200400068C8B1FFE742F24C30C2F24A
:1027700000400068C06A0199C96A88420CD2FFE72C
:102780004EF60451CEF200014FF080500860BFF3C6
:102790004F8FBFF36F8F00E0FFE700E0FFE702B06D
:1027A00080BD00000000000080B584B002F080FA17
:1027B00043F6EC00C2F200400068002840D1FFE779
:1027C00043F2E070C2F20040029002F0EDF943F2F1
:1027D000F470C2F20040039002F0E6F90299039807
:1027E00042F25032C2F20042116042F26031C2F253
:1027F0000041086069460020086042F25822C2F297
:10280000004242F2F823C2F200430A20102102F0F3
:10281000BBFE014643F6EC00C2F2004001600068D6
:1028200060B1FFE743F6EC00C2F20040006848F2F6
:102830008611C0F6020102F05FFB00E0FFE700E056
:10284000FFE702F061FA04B080BD00000000000064
:1028500080B582B0FFE743F21410C2F20040006876
:1028600008B3FFE702F024FA43F6D400C2F20040B6
:10287000C068C06801900198043002F041F943F249
:102880001011C2F2004108680138086043F21411C7
:10289000C2F2004108680138086002F035FA019878
:1028A00000F092F8D7E702B080BD00000000000001
:1028B00080B582B0019000910198006CB8B1FFE73B
:1028C0000199C8680A6C1044C86001988168C068A2
:1028D000884204D3FFE701990868C86000E0FFE779
:1028E0000098019AD168126CDDF745FDFFE702B050
:1028F00080BD00000000000080B586B00590049106
:102900000392002002900598806B01900598006C5E
:1029100078B9FFE70598006848B9FFE7059880682F
:1029200003F0F6FB029005990020886000E0FFE7C5
:1029300041E00398B8B9FFE7059A04995068126C12
:10294000DDF719FD059948680A6C1044486005993F
:1029500048688968884204D3FFE705990868486099
:1029600000E0FFE726E0059A0499D068126CDDF7D5
:1029700002FD0599C8680A6C801AC860059801684C
:10298000C068884206D2FFE7059988680A6C801AF9
:10299000C86000E0FFE70398022809D1FFE701982B
:1029A00020B1FFE701980138019000E0FFE700E067
:1029B000FFE7FFE7FFE70198013005998863029878
:1029C00006B080BD0000000080B582B00090009885
:1029D00090F8590040B9FFE70098006B02F0BCF98D
:1029E000009802F0B9F91CE0009890F8590001280D
:1029F00004D1FFE7009802F0AFF911E0009890F8D9
:102A0000590002280BD0FFE74FF0500080F31188E7
:102A1000BFF36F8FBFF34F8F0190FFE7FEE7FFE734
:102A2000FFE702B080BD000082B0019042F250305A
:102A3000C2F2004000680068B0FA80F040090199D5
:102A400008600198006848B9FFE742F25030C2F2CE
:102A500000400068C0680068009002E0002000901C
:102A6000FFE7009802B0704784B04FF40040009038
:102A700040F20000C2F2000001909DF804004007FF
:102A800088B1FFE7019807300190019820F0070016
:102A90000190019A40F20001C2F200010098891AE7
:102AA00008440090FFE701980290029943F6B800AD
:102AB000C2F200400160002141600298009A104477
:102AC0000190019808380190019820F007000190CA
:102AD000019A42F25830C2F200400260026851602E
:102AE00002681160029903910199039A891A516051
:102AF0000068039908600398406843F64401C2F2F5
:102B0000004108600398406843F63801C2F2004172
:102B1000086043F60801C2F200414FF0004008602F
:102B200004B070470000000080B582B00190FFE75C
:102B3000FFF78EFE42F26430C2F2004000680228C5
:102B40000CD3FFE74EF60451CEF200014FF0805057
:102B50000860BFF34F8FBFF36F8F00E0FFE7E7E739
:102B600080B584B0DDF818C00390029101928DF811
:102B70000330029818B9FFE70698006003E0019857
:102B800006990860FFE703980699C86302980699BA
:102B900008640698012102F07FFD9DF80300069964
:102BA00081F84C0004B080BD80B588B0DDF834C039
:102BB000DDF830C0DDF82CC0DDF828C006900591A6
:102BC000049203930C98006B04998900A522DDF709
:102BD000E4FB0C98006B049900EB81000438029030
:102BE000029820F0070002909DF80800400758B1B5
:102BF000FFE74FF0500080F31188BFF36F8FBFF3F2
:102C00004F8F0790FFE7FEE70598F8B1FFE7002038
:102C10000190FFE701980F2813D8FFE70598019A64
:102C2000805C0C99114481F8340005980199405C4E
:102C300008B9FFE705E0FFE7FFE7019801300190E1
:102C4000E8E70C99002081F8430004E00C9900208B
:102C500081F83400FFE70A98382803D3FFE73720CC
:102C60000A9000E0FFE70A980C99C8620A980C994C
:102C7000C8640C990020009008650C98043001F09D
:102C8000ABFF0C98183001F0A7FF00980C99096170
:102C90000A99C1F138010C9A91610C9949620C9919
:102CA00048650C9981F8580002980699039A00F03B
:102CB000DFFC0C9908600B9820B1FFE70C980B998A
:102CC000086000E0FFE708B080BD000000000000E1
:102CD00080B584B000200390FFE70398372810D810
:102CE000FFE7039800EB800142F26430C2F200403B
:102CF00000EB810001F058FFFFE7039801300390DB
:102D0000EBE743F61000C2F20040019001F04CFFE7
:102D100043F62400C2F20040029001F045FF43F662
:102D20005C00C2F2004001F03FFF43F6D400C2F263
:102D3000004001F039FF43F6C000C2F2004001F04C
:102D400033FF0199029842F25432C2F200421160FC
:102D500042F25C31C2F20041086004B080BD000064
:102D600083B0029043F6B800C2F200400190FFE742
:102D7000019800680299884205D2FFE7FFE70198B1
:102D800000680190F4E70198009000980199496863
:102D900008440299884209D1FFE7029842680199E4
:102DA0004868104448600198029000E0FFE70298EC
:102DB000009000980299496808440199096888427E
:102DC00020D1FFE70198006842F25831C2F2004179
:102DD000096888420DD0FFE70198006842680299AF
:102DE00048681044486001980068006802990860CB
:102DF00007E042F25830C2F20040006802990860D1
:102E0000FFE704E00198006802990860FFE7019875
:102E10000299884204D0FFE702980199086000E017
:102E2000FFE703B07047000080B586B005900491BD
:102E30000392029300200190049805994860059838
:102E4000006104980399884216D8FFE70398029915
:102E5000401A05998969884203D3FFE70120019050
:102E600009E042F26030C2F2004000680599043186
:102E700001F0BAFEFFE717E003980299884208D2F2
:102E8000FFE704980299884203D3FFE701200190ED
:102E900009E042F25030C2F2004000680599043166
:102EA00001F0A2FEFFE7FFE7019806B080BD000039
:102EB00080B582B0019001F0FBFE0198806B18B9DB
:102EC000FFE70120009002E000200090FFE701F002
:102ED0001BFF009802B080BD80B582B0019001F068
:102EE000E7FE0198806B0199C96B884203D1FFE727
:102EF0000120009002E000200090FFE701F004FFB5
:102F0000009802B080BD000008480068006880F3A7
:102F100008884FF0000080F3148862B661B6BFF3F2
:102F20004F8FBFF36F8F00DF00BF000008ED00E0A0
:102F300080B586B00490039142F25030C2F2004056
:102F40000068C068C06801900198043001F0D8FDA5
:102F5000019890F828004007002823D5FFE7019842
:102F6000049B81691944039AFFF75EFFC0B1FFE734
:102F70000198049A694600230B60194603F0B8FAD9
:102F80000290029858B9FFE74FF0500080F3118883
:102F9000BFF36F8FBFF34F8F0590FFE7FEE700E0B1
:102FA000FFE707E0019991F8280000F0FE0081F8A2
:102FB0002800FFE70198016A884706B080BD00003D
:102FC00080B58EB0FFE743F6EC00C2F20040006827
:102FD00007A9002202F080FD002800F0B880FFE77A
:102FE0000798B0F1FF3F17DCFFE707A80430029015
:102FF000029858B9FFE74FF0500080F31188BFF3F3
:103000006F8FBFF34F8F0D90FFE7FEE702990A68BD
:1030100048688968904700E0FFE70798002800F1BA
:103020009580FFE7099806900698406928B1FFE768
:103030000698043001F064FD00E0FFE705A800F009
:10304000FFF8039007980190092800F27D8001990C
:10305000DFE801F00505053D456605053D45069996
:1030600091F8280040F0010081F828000698089B9C
:1030700081691944039AFFF7D7FE30B3FFE706983A
:10308000016A8847069890F82800400700281AD55A
:10309000FFE70698089982690A44694600230B6095
:1030A000194603F025FA0490049858B9FFE74FF049
:1030B000500080F31188BFF36F8FBFF34F8F0C90D8
:1030C000FFE7FEE700E0FFE700E0FFE73DE00699ED
:1030D00091F8280000F0FE0081F8280035E00699FC
:1030E00091F8280040F0010081F82800089806991E
:1030F00088610698806958B9FFE74FF0500080F367
:103100001188BFF36F8FBFF34F8F0B90FFE7FEE780
:103110000698039B816919441A46FFF785FE14E05F
:10312000069890F828008007002804D4FFE7069846
:1031300001F012FE07E0069991F8280000F0FE0069
:1031400081F82800FFE700E0FFE7FFE73BE70EB06C
:1031500080BD00000000000080B584B003900291A3
:1031600002F0DAF8684600F06BF801900098D8BBDE
:10317000FFE7029860B9FFE703980199884207D8F2
:10318000FFE703F0A5F803980199FFF7D1FE2AE0C5
:10319000029858B1FFE742F26030C2F20040006886
:1031A0000068B0FA80F040090290FFE743F6EC00B7
:1031B000C2F2004000680399019A891A029A01F04C
:1031C000C7FE03F085F860B9FFE74EF60451CEF272
:1031D00000014FF080500860BFF34F8FBFF36F8F37
:1031E00000E0FFE7FFE702E003F072F8FFE704B05A
:1031F00080BD00000000000081B042F25430C2F2F5
:1032000000400068006840B9FFE743F64801C2F299
:1032100000414FF0FF3008600FE042F25430C2F23C
:1032200000400068C068C06800900098406843F69D
:103230004801C2F200410860FFE701B0704700009A
:1032400080B582B0019002F073FE0090009842F2C7
:103250004831C2F200410968884206D2FFE700F017
:1032600013F801990120086003E00199002008602B
:10327000FFE7009842F24831C2F20041086000982E
:1032800002B080BD0000000080B588B0FFE742F2C8
:103290005030C2F200400068006800284ED0FFE7BE
:1032A00042F25030C2F200400168C96809680691D4
:1032B0000068C068C06803900398043001F020FCE7
:1032C0000398016A8847039890F82800400700286F
:1032D00032D5FFE706980399896908440590059857
:1032E000069988420FD9FFE705980399486003982B
:1032F000006142F25030C2F200400068039904318C
:1033000001F072FC17E00398069A694600230B60EF
:10331000194603F0EDF80290029858B9FFE74FF014
:10332000500080F31188BFF36F8FBFF34F8F07906A
:10333000FFE7FEE7FFE700E0FFE7A8E742F25032D1
:10334000C2F200421068049042F26031C2F20041C1
:10335000086810600498086008B080BD0000000094
:1033600083B00020009040F2D000C2F2004000681C
:10337000013058B1FFE74FF0500080F31188BFF3E0
:103380006F8FBFF34F8F0290FFE7FEE74FF05000C3
:1033900080F31188BFF36F8FBFF34F8F0190FFE76A
:1033A000009808B9FFE7FBE703B070470000000092
:1033B00080B584B00390FFE701A8FFF735FB0290CA
:1033C00002980199FFF7C8FEFFF7FAFDF4E7000045
:1033D00080B582B0019001F06BFC019890F8450037
:1033E0008DF80300FFE79DF90300012816DBFFE7D6
:1033F0000198406A58B1FFE70198243002F000FFBD
:1034000018B1FFE701F024FE00E0FFE700E005E06F
:103410009DF8030001388DF80300E4E70199FF20CF
:1034200081F8450001F070FC01F042FC019890F831
:1034300044008DF80200FFE79DF90200012816DB29
:10344000FFE70198006980B1FFE70198103002F0B2
:10345000D7FE18B1FFE701F0FBFD00E0FFE79DF8A4
:10346000020001388DF8020000E000E0E4E7019975
:10347000FF2081F8440001F047FC02B080BD00004D
:1034800080B58AB006900020029001F045FF42F21C
:103490005830C2F20040006818B9FFE7FFF7E4FABD
:1034A00000E0FFE7069843F60801C2F20041096810
:1034B000084240F0C580FFE7069800B3FFE7069892
:1034C000083006909DF818004007B0B1FFE7069855
:1034D00020F00700083006909DF81800400758B10A
:1034E000FFE74FF0500080F31188BFF36F8FBFF3F9
:1034F0004F8F0990FFE7FEE700E0FFE700E0FFE7FE
:103500000698002800F09A80FFE7069843F63801F5
:10351000C2F200410968884200F29080FFE743F65A
:10352000B800C2F20040049000680590FFE70598DB
:103530004168069A00209142019007D2FFE7059862
:103540000068002818BF01200190FFE70198C0071C
:1035500030B1FFE705980490059800680590E6E70C
:10356000059842F25831C2F200410968884263D09E
:10357000FFE70498006808300290059800680499F5
:103580000860059840680699401A112821D3FFE782
:1035900005980699084403909DF80C00400758B11F
:1035A000FFE74FF0500080F31188BFF36F8FBFF338
:1035B0004F8F0890FFE7FEE7059840680699401A8C
:1035C000039948600698059948600398FFF7C8FB7F
:1035D00000E0FFE70598426843F63800C2F2004079
:1035E0000168891A0160006843F64401C2F2004193
:1035F000096888420BD2FFE743F63800C2F2004068
:10360000006843F64401C2F20041086000E0FFE7B1
:1036100043F60800C2F2004002680599486810436A
:10362000486005990020086043F65001C2F200414D
:1036300008680130086000E0FFE700E0FFE700E015
:10364000FFE702F045FE9DF80800400758B1FFE78C
:103650004FF0500080F31188BFF36F8FBFF34F8F8F
:103660000790FFE7FEE702980AB080BD0000000067
:1036700083B002900191009202980438029002995E
:103680004FF080700860029804380290019820F092
:10369000010002990860029804380290029943F2EE
:1036A0006130C0F602000860029814380290009859
:1036B0000299086002980438029002996FF00200A3
:1036C0000860029820380290029803B0704700000A
:1036D00080B5A6B02590F8F7A7FAF8F7A5FAF8F79D
:1036E00017FC2490F8F7A0FAF8F71EFC2390F8F7DF
:1036F0009BFAF8F7F5FB229042F64450C2F20040E4
:103700009FEDE10AF6F7ACFC40F2F411C2F2004181
:103710000C9142F62C30C2F20040086012208880E2
:1037200024980A901EA80B90FCF77EFE0A980B992D
:103730000268D26A90470B98FCF7A6FE0C99249871
:103740000268926A904740F60C60C2F2004000683E
:103750001021C4F20201884200F0B280FFE740F677
:103760000C60C2F2004000682821C4F202018842C5
:1037700000F0A680FFE740F60C60C2F2004000684F
:103780004021C4F20201884200F09A80FFE740F62F
:103790000C60C2F2004000685821C4F20201884265
:1037A00000F08E80FFE740F60C60C2F20040006837
:1037B0007021C4F20201884200F08280FFE740F6E7
:1037C0000C60C2F2004000688821C4F20201884205
:1037D00076D0FFE740F60C60C2F200400068A021FE
:1037E000C4F2020188426BD0FFE740F60C60C2F2DF
:1037F00000400068B821C4F20201884260D0FFE7AF
:1038000040F60C60C2F20040006840F21041C4F281
:103810000201884254D0FFE740F60C60C2F200403B
:10382000006840F22841C4F20201884248D0FFE714
:1038300040F60C60C2F20040006840F24041C4F221
:10384000020188423CD0FFE740F60C60C2F2004023
:10385000006840F25841C4F20201884230D0FFE7CC
:1038600040F60C60C2F20040006840F27041C4F2C1
:103870000201884224D0FFE740F60C60C2F200400B
:10388000006840F28841C4F20201884218D0FFE784
:1038900040F60C60C2F20040006840F2A041C4F261
:1038A000020188420CD0FFE740F60C60C2F20040F3
:1038B000006840F2B841C4F2020188420AD1FFE731
:1038C00040F60C60C2F200400168086820F0080071
:1038D000086009E040F60C60C2F200400168086828
:1038E00020F004000860FFE740F2FC11C2F2004142
:1038F000099142F23C20C2F2004008600C2088800E
:103900002398079019A80890FCF79AFD0798089942
:103910000268D26A90470898FCF7B6FD0999239887
:103920000268926A904740F68460C2F200400068E4
:103930001021C4F20201884200F0B480FFE740F693
:103940008460C2F2004000682821C4F2020188426B
:1039500000F0A880FFE740F68460C2F200400068F3
:103960004021C4F20201884200F09C80FFE740F64B
:103970008460C2F2004000685821C4F2020188420B
:1039800000F09080FFE740F68460C2F200400068DB
:103990007021C4F20201884200F08480FFE740F603
:1039A0008460C2F2004000688821C4F202018842AB
:1039B00078D0FFE740F68460C2F200400068A021A2
:1039C000C4F2020188426DD0FFE740F68460C2F283
:1039D00000400068B821C4F20201884262D0FFE7CB
:1039E00040F68460C2F20040006840F21041C4F228
:1039F0000201884256D0FFE740F68460C2F20040E0
:103A0000006840F22841C4F2020188424AD0FFE730
:103A100040F68460C2F20040006840F24041C4F2C7
:103A2000020188423ED0FFE740F68460C2F20040C7
:103A3000006840F25841C4F20201884232D0FFE7E8
:103A400040F68460C2F20040006840F27041C4F267
:103A50000201884226D0FFE740F68460C2F20040AF
:103A6000006840F28841C4F2020188421AD0FFE7A0
:103A700040F68460C2F20040006840F2A041C4F207
:103A8000020188420ED001E00000000040F6846090
:103A9000C2F20040006840F2B841C4F2020188421C
:103AA0000AD1FFE740F68460C2F20040016808686E
:103AB00020F00800086009E040F68460C2F200408F
:103AC0000168086820F004000860FFE741F2185020
:103AD000C2F20040F8F7ECFE40F20421C2F20041CD
:103AE000069141F6DC70C2F20040086040208880F8
:103AF0002298049014A80590FCF7AEFC0498059950
:103B00000268D26A90470598FCF7BEFC0699229895
:103B10000268926A904740F67470C2F200400068F2
:103B20001021C4F20201884200F0B280FFE740F6A3
:103B30007470C2F2004000682821C4F20201884279
:103B400000F0A680FFE740F67470C2F20040006803
:103B50004021C4F20201884200F09A80FFE740F65B
:103B60007470C2F2004000685821C4F20201884219
:103B700000F08E80FFE740F67470C2F200400068EB
:103B80007021C4F20201884200F08280FFE740F613
:103B90007470C2F2004000688821C4F202018842B9
:103BA00076D0FFE740F67470C2F200400068A021B2
:103BB000C4F2020188426BD0FFE740F67470C2F293
:103BC00000400068B821C4F20201884260D0FFE7DB
:103BD00040F67470C2F20040006840F21041C4F236
:103BE0000201884254D0FFE740F67470C2F20040F0
:103BF000006840F22841C4F20201884248D0FFE741
:103C000040F67470C2F20040006840F24041C4F2D5
:103C1000020188423CD0FFE740F67470C2F20040D7
:103C2000006840F25841C4F20201884230D0FFE7F8
:103C300040F67470C2F20040006840F27041C4F275
:103C40000201884224D0FFE740F67470C2F20040BF
:103C5000006840F28841C4F20201884218D0FFE7B0
:103C600040F67470C2F20040006840F2A041C4F215
:103C7000020188420CD0FFE740F67470C2F20040A7
:103C8000006840F2B841C4F2020188420AD1FFE75D
:103C900040F67470C2F200400168086820F0080025
:103CA000086009E040F67470C2F2004001680868DC
:103CB00020F004000860FFE7F7F7B6FFF8F71CF9FB
:103CC000129042F62471C2F20041039142F6443050
:103CD000C2F2004008604FF4007088801298019092
:103CE0000EA80290FCF7C4FB019802990268D26A00
:103CF00090470298FCF7C8FB039912980268926AF1
:103D0000904741F26400C2F2004000681021C4F202
:103D10000201884200F0B280FFE741F26400C2F283
:103D2000004000682821C4F20201884200F0A68009
:103D3000FFE741F26400C2F2004000684021C4F293
:103D40000201884200F09A80FFE741F26400C2F26B
:103D5000004000685821C4F20201884200F08E80C1
:103D6000FFE741F26400C2F2004000687021C4F233
:103D70000201884200F08280FFE741F26400C2F253
:103D8000004000688821C4F20201884276D0FFE733
:103D900041F26400C2F200400068A021C4F20201B6
:103DA00088426BD0FFE741F26400C2F20040006835
:103DB000B821C4F20201884260D0FFE741F26400FA
:103DC000C2F20040006840F21041C4F20201884291
:103DD00054D0FFE741F26400C2F20040006840F2B4
:103DE0002841C4F20201884248D0FFE741F2640052
:103DF000C2F20040006840F24041C4F20201884231
:103E00003CD0FFE741F26400C2F20040006840F29B
:103E10005841C4F20201884230D0FFE741F2640009
:103E2000C2F20040006840F27041C4F202018842D0
:103E300024D0FFE741F26400C2F20040006840F283
:103E40008841C4F20201884218D0FFE741F26400C1
:103E5000C2F20040006840F2A041C4F20201884270
:103E60000CD0FFE741F26400C2F20040006840F26B
:103E7000B841C4F2020188420AD1FFE741F264006E
:103E8000C2F200400168086820F00800086009E0FC
:103E900041F26400C2F200400168086820F00400AA
:103EA0000860FFE7FFE7F1F7A3FF0120FEF7E4FA60
:103EB000F9E700000000000080B582B001904FF4E7
:103EC000FA70FEF7D9FAFFE740F2BC10C2F20040E8
:103ED0000078C007D0B9FFE740F6AC10C2F200404E
:103EE000007898B1FFE740F23810C2F2004090ED40
:103EF000020A40F6AC10C2F20040408940F6BD1103
:103F0000C2F200410989F2F7FBFC02E0F2F7F0FC93
:103F1000FFE7C820FEF7B0FAD6E700000000000077
:103F200080B584B00390029100F0C2FE42F24C30A2
:103F3000C2F200400068406DE8B9FFE742F24C3041
:103F4000C2F200400168012081F85800029880B157
:103F5000FFE702980121FEF727FB4EF60451CEF24F
:103F600000014FF080500860BFF34F8FBFF36F8F99
:103F700000E0FFE700E0FFE700F0C6FE00F098FE7B
:103F800042F24C30C2F200400068406D019001984E
:103F9000A8B1FFE7039840B1FFE742F24C30C2F20C
:103FA000004001680020486508E00198013842F2AD
:103FB0004C31C2F2004109684865FFE700E0FFE7C5
:103FC00042F24C30C2F200400168002081F85800F3
:103FD00000F09AFE019804B080BD017809B100207C
:103FE00070474178012903D08A0705D40222427024
:103FF000481E18BF0120704780B548F26120C0F606
:104000000200FDF7D4FA01210170417070470000F1
:10401000B0B5F2B07190FFE740F69810C2F20040E0
:104020000078C00720B9FFE70120FEF725FAF3E783
:1040300042F6A050C2F20040016843F29800C2F27A
:104040000040F3F71DF9E3F71BFB7090709940F601
:104050004040C2F200404590F1F7BEFE459870998D
:104060000830F1F7B9FE709942F61830C2F20040FC
:104070004690F1F7B1FE469870990830F1F7ACFE22
:10408000F1F7AAFB00208DF8BF01FFE740F61820EA
:10409000C2F20040409001214191F7F7E9F94098C0
:1040A0008DED6E0A02214291F7F7E2F940984199AD
:1040B0008DED6D0AF7F748FA409842998DED6C0A3C
:1040C000F7F742FA41998DED6B0A42F2F870C2F2AD
:1040D00000404390F7F7CCF9439842998DED6A0A76
:1040E000F7F7C6F9419943988DED690AF7F72CFA6D
:1040F000439842998DED680AF7F726FA4098419A5D
:104100008DED670A1146F7F7C7F9429A01464098C4
:104110008DF89B111146F7F7BFF941990246439874
:104120008DF89A210322F7F7B7F94299024643988E
:104130008DF899210422F7F7AFF98DF8980100F076
:10414000B7FD42F62830C2F2004000686490E3F701
:1041500097FA659000F0D8FD65995EA8F0F768FEC3
:104160009DF878019DF8BF11401A18BF01208DF805
:1041700077019DF878018DF8BF0157A8F0F7A8FDE9
:104180009DF878110020449031B1FFE79DF8770148
:1041900080F001004490FFE7449800F001008DF8A2
:1041A0005B019DF879110020C9073F9031B1FFE70D
:1041B0009DF8770180F001003F90FFE73F9800F005
:1041C00001008DF85A019DF87A119DF87B219DF828
:1041D0005B019DF85A3103F00103EC46CCF8003046
:1041E00000F0010355A8F0F793FD9DF85401C007B6
:1041F00000285FD0FFE740F64040C2F200403C900C
:10420000F1F7E2FD3C980830F1F7DEFD42F6183098
:10421000C2F200403D90F1F7D7FD3D980830F1F72C
:10422000D3FD9DED6E0ADDED6D0A42F6A050C2F29F
:10423000004001686846416000233E93036043F2FA
:104240009800C2F2004019461A46F3F731F83E9B37
:104250009DED6A2ADDED692A6599649A6846C26017
:1042600083604160036042F63470C2F20040DFEDCB
:10427000E81A19461A46B0EE610AF0EE610AB0EE8D
:10428000611AF3F7B5FEF1F7A7FA9DED6E0ADDEDC1
:104290006D0A9DED6A1ADDED691AF1F70DFB9DF8C7
:1042A0005501C00720B1FFE70120FEF7E5F8EDE674
:1042B00000F01DBC9DF89B110020C9073B9059B12F
:1042C000FFE79DED6E0A43F29800C2F20040012123
:1042D000F8F7A6FB3B90FFE73B9800F001008DF854
:1042E00053019DF89A110020C9073A9059B1FFE790
:1042F0009DED6D0A43F29800C2F200400221F8F7EA
:104300008FFB3A90FFE73A9800F001008DF85201D8
:104310009DED6E0ADDED6D0A42F6A05CC2F2004C26
:104320009DF852219DF853119DF856019DF8583182
:10433000DCF800E0EC46CCF804E003F00103CCF834
:10434000003001F0010102F0010200F0010343F22C
:104350009800C2F20040F2F7ABFF9DF87011002008
:10436000C907399049B1FFE765985B99411A002068
:10437000142938BF01203990FFE7399800F0010077
:104380008DF851019DED570ADDED580A9DED591A42
:10439000DDED5A1A9DED6A2ADDED692ADDF894E11A
:1043A000649D9DF899019DF851219DF898319DF8E3
:1043B00057119DF85941EC46CCF80C5004F001041B
:1043C000CCF80840CCF804E003F00103CCF800304E
:1043D00001F0010102F0010200F0010342F6347025
:1043E000C2F20040F3F704FE659A9DF89B0100F0CD
:1043F000010140F64040C2F20040F1F7A1FC48B193
:10440000FFE740F61820C2F2004001210022F6F733
:1044100007F9FFE7659A9DF89A1140F64040C2F20D
:104420000040083001F00101F1F78AFC48B1FFE7D4
:1044300040F61820C2F2004002210022F6F7F0F800
:10444000FFE7659A9DF8990100F0010142F61830E6
:10445000C2F20040F1F774FC48B1FFE742F2F87095
:10446000C2F2004001210022F6F7DAF8FFE7659A70
:104470009DF8981142F61830C2F20040083001F061
:104480000101F1F75DFC48B1FFE742F2F870C2F2BA
:10449000004002210022F6F7C3F8FFE79DF8530120
:1044A000C00700284DD0FFE743F29800C2F2004059
:1044B000F8F7AAFA002844D0FFE743F29800C2F2C6
:1044C0000040369001213891F8F762FB3698389910
:1044D0008DED340AF8F7A8FCF0EE400A9DED340AA1
:1044E00040F63830C2F200403590F4F741FD35987F
:1044F00040F63C41C2F2004181ED000A91ED000A14
:10450000DDED6C0A4030F4F733FD3698389940F60B
:104510003842C2F20042379282ED000AF8F79CFB63
:104520003798389990ED002A40F61820C2F20040E2
:10453000DFED371AF0EE610AB0EE611AF6F754F9C2
:104540001EE040F63830C2F200403390F4F700FD30
:1045500033984030F4F7FCFC9DED6E0AF1F7E0F87B
:1045600040F61820C2F2004001219FED292AF0EE0A
:10457000420AB0EE421AF0EE421AF6F735F9FFE7BA
:104580009DF85201C007002844D0FFE743F298008D
:10459000C2F20040F8F738FAE0B3FFE743F29800C0
:1045A000C2F20040319002213291F8F7F1FA3198CD
:1045B00032998DED2F0AF8F737FCF0EE400A9DEDA9
:1045C0002F0A40F6B830C2F200403090F4F7D0FC29
:1045D00030988DED530A9DED530ADDED6B0A4030A6
:1045E000F4F7C6FC319832998DED520AF8F734FB96
:1045F00032999DED522A40F61820C2F20040DFEDBC
:10460000041AF0EE610AB0EE611AF6F7EDF820E058
:104610000000000040F6B830C2F200402E90F4F7DF
:1046200097FC2E984030F4F793FC9DED6D0AF1F75E
:1046300077F840F61820C2F2004002211FED0C2A44
:10464000F0EE420AB0EE421AF0EE421AF6F7CCF85B
:10465000FFE742F63470C2F200400121F8F79CFFF8
:10466000014600202D9049B1FFE742F63470C2F2B6
:1046700000400221F8F790FF2D90FFE72D9800F001
:1046800001008DF8470142F63470C2F20040F9F79C
:10469000C7FA30B1FFE79DF84701C007002853D1A2
:1046A000FFE742F69810C2F200402790F4F750FC62
:1046B00027984030F4F74CFC42F69820C2F20040B4
:1046C0002890F4F745FC28984030F4F741FC42F676
:1046D0001810C2F200402990F4F73AFC29984030B3
:1046E000F4F736FC42F61820C2F200402A90F4F7A4
:1046F0002FFC2A984030F4F72BFC9DED6A0AF1F765
:104700000FF842F2F870C2F200402B9001211FED29
:10471000402A8DED2C2AF0EE420AB0EE421AF0EE5D
:10472000421AF6F761F89DED690AF0F7F9FF2B9848
:104730009DED2C2A0221F0EE420AB0EE421AF0EE74
:10474000421AF6F751F8D1E142F63470C2F2004055
:10475000F8F76AFF002800F09E80FFE742F6981005
:10476000C2F200401A90F4F7F3FB1A984030F4F7C5
:10477000EFFB42F69820C2F200401B90F4F7E8FBF2
:104780001B984030F4F7E4FB42F63470C2F200406C
:10479000229001212091F9F70BF9209922988DEDB3
:1047A0001C0AF8F7D1FEF0EE400A9DED1C0A42F615
:1047B0001810C2F200401D90F4F7DAFB1D988DED41
:1047C000500A9DED500ADDED680A4030F4F7D0FB49
:1047D00022988DED4F0A02212491F9F7E9F82298E9
:1047E00024998DED1E0AF8F7AFFEF0EE400A9DED1C
:1047F0001E0A42F61820C2F200401F90F4F7B8FBE0
:104800001F988DED4E0A9DED4E0ADDED670A403092
:10481000F4F7AEFB8DED4D0A9DED6A0AF0F780FFCF
:10482000209922988DED210A9DED4F0AF8F778FB2B
:10483000F2F736FA2099B0EE402A9DED210A42F2B5
:10484000F870C2F200402390DFEDAB1ACDED251ACF
:10485000F0EE610AB0EE611AF5F7C6FF9DED690A48
:10486000F0F75EFF229824998DED260A9DED4D0A02
:10487000F8F756FBF2F714FA23982499DDED251A80
:10488000B0EE402A9DED260AF0EE610AB0EE611A04
:10489000F5F7AAFF29E142F63470C2F20040F8F7BA
:1048A000A7FE002800F0CD80FFE742F61810C2F204
:1048B00000400B90F4F74CFB0B984030F4F748FBAA
:1048C00042F61820C2F200400C90F4F741FB0C981D
:1048D0004030F4F73DFB42F63470C2F200401590D0
:1048E000F8F722FE15988DED0D0AF8F785FFF0EE2A
:1048F000400A9DED0D0A42F69810C2F200400E905B
:10490000F4F736FB15988DED4C0A9DED4C0A8DEDB4
:104910000F0AF8F79DFD0E98F0EE400A9DED0F0A84
:104920004030F4F725FB15988DED4B0AF8F7F4FDB0
:1049300015988DED100AF8F7FFFDF0EE400A9DED99
:10494000100A42F69820C2F200401190F4F710FBD2
:1049500015988DED4A0A9DED4A0A8DED120AF8F779
:104960006FFD1198F0EE400A9DED120A4030F4F709
:10497000FFFA15988DED490A01211391F8F7A8FD6A
:104980000146159800EE101AB8EEC00A9DED4B1ABC
:104990009DED492A31EE021A20EE010A8DED480AFA
:1049A00002211791F8F794FD00EE100AB8EEC00A44
:1049B0009DED4B1A9DED492A31EE421A20EE010A77
:1049C0008DED470A9DED6A0AF0F7AAFE1399159836
:1049D0008DED140A9DED480AF8F7A2FAF2F760F996
:1049E0001399B0EE402A9DED140A42F2F870C2F21B
:1049F00000401690DFED401ACDED181AF0EE610A76
:104A0000B0EE611AF5F7F0FE9DED690AF0F788FE49
:104A1000159817998DED190A9DED470AF8F780FA58
:104A2000F2F73EF916981799DDED181AB0EE402A04
:104A30009DED190AF0EE610AB0EE611AF5F7D4FEA9
:104A400052E042F69810C2F200400590F4F780FA66
:104A500005984030F4F77CFA42F69820C2F2004004
:104A60000690F4F775FA06984030F4F771FA42F6BA
:104A70001810C2F200400790F4F76AFA0798403025
:104A8000F4F766FA42F61820C2F200400890F4F7F4
:104A90005FFA08984030F4F75BFA9DED6A0AF0F788
:104AA0003FFE42F2F870C2F20040099001219FEDF2
:104AB000122A8DED0A2AF0EE420AB0EE421AF0EE0A
:104AC000421AF5F791FE9DED690AF0F729FE099863
:104AD0009DED0A2A0221F0EE420AB0EE421AF0EEF3
:104AE000421AF5F781FEFFE7FFE7FFE7FFE7012046
:104AF000FDF7C2FCFFF7CABA00000000000000008A
:104B000082B0019001980069009001984168806826
:104B100088600199486889684860009840680199F0
:104B2000884205D1FFE7019880680099486000E05D
:104B3000FFE70199002008610099086801380860C2
:104B40000098006802B0704783B002900191009213
:104B5000029943F22430C2F200400860019943F206
:104B60002410C2F20040086000998020086003B061
:104B7000704700000000000083B002900191009295
:104B8000029943F28070C2F200400860019943F23A
:104B90008030C2F20040086000994FF480700860D5
:104BA00003B070470000000081B00090009901F14F
:104BB0000800486000994FF0FF308860009901F1CB
:104BC0000800C860009901F1080008610099002000
:104BD000086001B07047000081B00090009900208B
:104BE000086101B07047000084B003900291029800
:104BF000006800900098013020B9FFE70398006931
:104C0000019010E0039808300190FFE70198406898
:104C100000680099884205D8FFE7FFE701984068DF
:104C20000190F3E7FFE70198406802994860029815
:104C300041688860019802998860029801994860EB
:104C4000039802990861039908680130086004B06C
:104C5000704700000000000083B0029001910298AC
:104C60004068009000980199486000988068019918
:104C70008860019800998968486001980099886067
:104C8000029801990861029908680130086003B030
:104C90007047000000000000DFF80C00016841F4DC
:104CA000700101607047000088ED00E00000000026
:104CB00082B04FF0500080F31188BFF36F8FBFF3C5
:104CC0004F8F019040F2D000C2F2004001680131E4
:104CD00001600068012814D1FFE74EF60450CEF2BF
:104CE00000000068000658B1FFE74FF0500080F365
:104CF0001188BFF36F8FBFF34F8F0090FFE7FEE780
:104D0000FFE702B07047000082B040F2D000C2F26C
:104D10000040006858B9FFE74FF0500080F3118859
:104D2000BFF36F8FBFF34F8F0090FFE7FEE740F2B6
:104D3000D000C2F20040016801390160006830B95A
:104D4000FFE700200190019880F31188FFE702B08F
:104D5000704700000000000080B586B00390039803
:104D60000290039800285CD0FFE702980838029070
:104D7000029801900198406843F60801C2F2004190
:104D8000096808420BD1FFE74FF0500080F311880B
:104D9000BFF36F8FBFF34F8F0590FFE7FEE70198DA
:104DA000006858B1FFE74FF0500080F31188BFF35F
:104DB0006F8FBFF34F8F0490FFE7FEE701984068C5
:104DC00043F60801C2F200410968084227D0FFE714
:104DD0000198006808BBFFE743F60800C2F20040F4
:104DE0000268019948689043486000F095FA01987C
:104DF000426843F63801C2F2004108681044086076
:104E00000198FDF7ADFF43F65401C2F20041086876
:104E10000130086001F05CFA00E0FFE700E0FFE726
:104E2000FFE706B080BD00004EF21001CEF2000197
:104E3000002008604EF21802CEF20002106040F22C
:104E40001400C2F20040006844F6D352C1F262027C
:104E5000A0FB02024FF0FF3000EB92104EF2140262
:104E6000CEF20002106007200860704700000000CA
:104E700084B0EFF305800190019810281ED3FFE75E
:104E800001984EF2F031CEF20001405C8DF8030043
:104E90009DF8030042F62C71C2F200410978884265
:104EA0000BDAFFE74FF0500080F31188BFF36F8FEC
:104EB000BFF34F8F0390FFE7FEE7FFE74EF60C507E
:104EC000CEF20000006800F4E06042F63071C2F2F9
:104ED0000041096888420BD9FFE74FF0500080F38A
:104EE0001188BFF36F8FBFF34F8F0290FFE7FEE78C
:104EF00004B070470000000083B0029001910020D0
:104F00000090FFE7009807281DD8FFE7009943F6B7
:104F10007000C2F2004050F8310070B9FFE701980C
:104F2000009A43F67001C2F2004141F83200029843
:104F3000009A01EBC201486005E0FFE7FFE7009837
:104F400001300090DEE703B0704700000000000071
:104F500080B584B003900291019203980090FFF70E
:104F6000A7FE009890F94400013028B9FFE70099A6
:104F7000002081F84400FFE7009890F945000130D7
:104F800028B9FFE70099002081F84500FFE7FFF707
:104F9000BBFE0098806B38B9FFE700982430029977
:104FA000019A00F01DF900E0FFE70098FEF710FA03
:104FB00004B080BD0000000080B584B002900020E5
:104FC00001900298E0B1FFE743F21810C2F20040EE
:104FD000006858B1FFE74FF0500080F31188BFF32D
:104FE0006F8FBFF34F8F0390FFE7FEE700F094F958
:104FF00002980021FDF7D8FA01F06AF9019000E06B
:10500000FFE7019860B9FFE74EF60451CEF20001C8
:105010004FF080500860BFF34F8FBFF36F8F00E0F9
:10502000FFE704B080BD000081B0009043F64C0063
:10503000C2F2004000680099086043F6E800C2F23E
:10504000004000680099486001B07047000000000F
:1050500043F6FC01C2F200410120086070470000E5
:1050600080B58AB004900391049858B9FFE74FF0D7
:10507000500080F31188BFF36F8FBFF34F8F0690FE
:10508000FFE7FEE7FFF7F4FE04980290EFF31181CB
:105090004FF0500080F31188BFF36F8FBFF34F8F35
:1050A0000891079008980090029890F858008DF8A1
:1050B00007000299022081F858000299486D0130DA
:1050C00048659DF8070001285FD1FFE70298806AD4
:1050D00058B1FFE74FF0500080F31188BFF36F8F96
:1050E000BFF34F8F0590FFE7FEE743F21810C2F2BF
:1050F0000040006820BBFFE702980430FFF700FD86
:105100000298C06A43F22011C2F200410968884245
:1051100008D9FFE70298C06A43F22011C2F20041A9
:105120000860FFE70299C86A00EB800242F264302F
:10513000C2F2004000EB82000431FFF78DFD09E070
:10514000029800F1180143F65C00C2F20040FFF73C
:1051500083FDFFE70298C06A42F24C31C2F200417F
:105160000968C96A88420ED9FFE7039820B1FFE7B2
:10517000039901200860FFE743F6FC01C2F20041F9
:105180000120086000E0FFE7FFE700980990099818
:1051900080F311880AB080BD80B584B0029001917F
:1051A000029858B9FFE74FF0500080F31188BFF321
:1051B0006F8FBFF34F8F0390FFE7FEE7029842F235
:1051C0004C31C2F2004109681831FFF70DFD01981A
:1051D0000121FDF7E9F904B080BD000000000000E6
:1051E00080B584B0029001910092029858B9FFE70F
:1051F0004FF0500080F31188BFF36F8FBFF34F8FD4
:105200000390FFE7FEE7029842F24C31C2F2004100
:1052100009681831FFF720FD009820B1FFE74FF033
:10522000FF300190FFE701980099FDF7BDF904B048
:1052300080BD00000000000080B58AB0002003900F
:105240000690059006A805A904AAFFF77DFC039B1C
:10525000049A0599DDF818C06846C0F808C0416096
:10526000036042F62930C0F6020048F28111C0F610
:10527000020100F0D9FD014643F63C00C2F20040B5
:105280000160006818B1FFE70120079002E00020EC
:105290000790FFE70798012804D1FFE701F0DCF849
:1052A000079000E0FFE70798012823D1FFE74FF0C0
:1052B000500080F31188BFF36F8FBFF34F8F0990B9
:1052C00043F64801C2F200414FF0FF30086043F658
:1052D000B401C2F200410120086043F6E801C2F2C5
:1052E00000410020086000F083F808B1FFE700E00B
:1052F000FFE70FE00798013058B9FFE74FF0500083
:1053000080F31188BFF36F8FBFF34F8F0890FFE7D3
:10531000FEE7FFE70AB080BD43F21811C2F2004178
:10532000086801300860704783B043F21810C2F279
:105330000040006838B1FFE743F6FC01C2F20041CB
:105340000120086051E043F6FC01C2F20041002058
:10535000086043F22010C2F2004000680190FFE7AD
:10536000019800EB800142F26430C2F2004050F834
:10537000210090B9FFE7019858B9FFE74FF05000BE
:1053800080F31188BFF36F8FBFF34F8F0290FFE759
:10539000FEE7019801380190E2E7019800EB8001F7
:1053A00042F26430C2F2004000EB810000900099AC
:1053B000486840684860009948680831884205D1CB
:1053C000FFE70099486840684860FFE70098406838
:1053D000C06842F24C31C2F200410860019843F2C9
:1053E0002011C2F200410860FFE703B070470000DF
:1053F00080B588B04EF60050CEF2000000684CF246
:105400007121C4F20F1188420BD1FFE74FF0500019
:1054100080F31188BFF36F8FBFF34F8F0790FFE7C3
:10542000FEE74EF60050CEF2000000684CF270210C
:10543000C4F20F1188420BD1FFE74FF0500080F308
:105440001188BFF36F8FBFF34F8F0690FFE7FEE722
:105450004EF20040CEF20000039001780491FF214B
:10546000017000788DF80B009DF80B0000F05000E3
:1054700042F62C71C2F20041087042F63071C2F25D
:10548000004107200860FFE79DF80B000006002898
:105490000DD5FFE742F63071C2F2004108680138CD
:1054A00008609DF80B0040008DF80B00ECE742F619
:1054B0003070C2F20040006803280BD0FFE74FF0C5
:1054C000500080F31188BFF36F8FBFF34F8F0590AB
:1054D000FFE7FEE742F63071C2F2004108680002C1
:1054E0000860086800F4E060086004984EF200412B
:1054F000CEF2000108704EF62051CEF2000108688D
:1055000040F470000860086840F070400860FFF7E1
:105510008BFC40F2D001C2F20041002001900860F3
:10552000FFF7BAFB4EF63471CEF20001086840F086
:1055300040400860FDF7E8FCFFF7F6FEFDF710FFBE
:10554000019808B080BD000080B582B04FF05000D7
:1055500080F31188BFF36F8FBFF34F8F009000F07F
:10556000F3FC40B1FFE74EF60451CEF200014FF0DC
:1055700080500860FFE700200190019880F31188B7
:1055800002B080BD0000000080B590B08446129843
:10559000CDF828C00991089207938DF81B000A984E
:1055A00058B9FFE74FF0500080F31188BFF36F8FB9
:1055B000BFF34F8F0F90FFE7FEE7079858B9FFE75B
:1055C0004FF0500080F31188BFF36F8FBFF34F8F00
:1055D0000E90FFE7FEE708990020039031B1FFE746
:1055E0000998B0FA80F040090390FFE70398C007DC
:1055F00058B1FFE74FF0500080F31188BFF36F8F71
:10560000BFF34F8F0D90FFE7FEE70899002002904F
:1056100031B9FFE70998002818BF01200290FFE781
:105620000298C00758B1FFE74FF0500080F311888F
:10563000BFF36F8FBFF34F8F0C90FFE7FEE7502053
:105640000490049850280BD0FFE74FF0500080F3EF
:105650001188BFF36F8FBFF34F8F0B90FFE7FEE70B
:10566000049807980590059888B1FFE705990120EF
:1056700081F846000A980999089A9DF81B30DDF8D0
:1056800014C0EE46CEF800C0FDF76AFA00E0FFE76E
:10569000059810B080BD000080B584B002900191E3
:1056A00002980090009858B9FFE74FF0500080F33F
:1056B0001188BFF36F8FBFF34F8F0390FFE7FEE7B3
:1056C000FFF7F6FA00990B68C86B0A6C00FB023012
:1056D00088600099002088630099086848600099F4
:1056E0000B68C86B0A6C013800FB0230C860009977
:1056F000FF2081F84400009981F845000198D0B955
:10570000FFE700980069A0B1FFE70098103000F0B3
:1057100077FD60B1FFE74EF60451CEF200014FF085
:1057200080500860BFF34F8FBFF36F8F00E0FFE73B
:1057300000E0FFE708E000981030FFF735FA009826
:105740002430FFF731FAFFE7FFF7DEFA012004B05B
:1057500080BD00000000000080B592B00C900B915D
:105760000A920993002008900C980490049858B964
:10577000FFE74FF0500080F31188BFF36F8FBFF346
:105780004F8F1190FFE7FEE70B990020039039B986
:10579000FFE70498006C002818BF01200390FFE782
:1057A0000398C00758B1FFE74FF0500080F311880D
:1057B000BFF36F8FBFF34F8F1090FFE7FEE709999C
:1057C00000200229029007D1FFE70498C06B01383E
:1057D00018BF01200290FFE70298C00758B1FFE709
:1057E0004FF0500080F31188BFF36F8FBFF34F8FDE
:1057F0000F90FFE7FEE700F07FFB014600200190DD
:1058000031B9FFE70A98002818BF01200190FFE78F
:105810000198C00758B1FFE74FF0500080F311889E
:10582000BFF36F8FBFF34F8F0E90FFE7FEE7FFE7E9
:10583000FFF73EFA0498806B0499C96B884204D341
:10584000FFE70998022834D1FFE704980B99099AD9
:10585000FDF752F807900498406AA0B1FFE704985A
:10586000243000F0CDFC60B1FFE74EF60451CEF2DB
:1058700000014FF080500860BFF34F8FBFF36F8F70
:1058800000E0FFE710E0079860B1FFE74EF6045133
:10589000CEF200014FF080500860BFF34F8FBFF38E
:1058A0006F8F00E0FFE7FFE7FFF72EFA01200D9072
:1058B00065E00A9828B9FFE7FFF726FA00200D9067
:1058C0005DE0089830B9FFE705A8FFF7ADFB0120C0
:1058D000089000E0FFE7FFE7FFE7FFF715FAFFF7A3
:1058E0001BFDFFF7E5F9049890F94400013028B951
:1058F000FFE70499002081F84400FFE7049890F93D
:105900004500013028B9FFE70499002081F84500DF
:10591000FFE7FFF7F9F905A80AA900F0CDF928BBC0
:10592000FFE70498FDF7D8FAC8B1FFE704981030F4
:105930000A99FFF731FC0498FDF74AFD00F0C8FC16
:1059400060B9FFE74EF60451CEF200014FF08050EF
:105950000860BFF34F8FBFF36F8FFFE705E0049838
:10596000FDF736FD00F0B4FCFFE707E00498FDF713
:105970002FFD00F0ADFC00200D9000E058E70D98E1
:1059800012B080BD0000000080B592B00B900A916B
:10599000099208930B980590059858B9FFE74FF0C6
:1059A000500080F31188BFF36F8FBFF34F8F0E90BD
:1059B000FFE7FEE70A990020029039B9FFE7059852
:1059C000006C002818BF01200290FFE70298C00772
:1059D00058B1FFE74FF0500080F31188BFF36F8F8D
:1059E000BFF34F8F0D90FFE7FEE7089900200229D3
:1059F000019007D1FFE70598C06B013818BF01205F
:105A00000190FFE70198C00758B1FFE74FF0500041
:105A100080F31188BFF36F8FBFF34F8F0C90FFE7B8
:105A2000FEE7FFF725FAEFF311814FF0500080F306
:105A30001188BFF36F8FBFF34F8F10910F901098A5
:105A400006900598806B0599C96B884204D3FFE7DF
:105A50000898022833D1FFE7059890F845008DF8A3
:105A600013000598806B039005980A99089AFCF733
:105A700043FF9DF913000130B8B9FFE70598406A6C
:105A800088B1FFE70598243000F0BAFB48B1FFE782
:105A9000099820B1FFE709990120086000E0FFE7BD
:105AA00000E0FFE700E0FFE706E09DF813000130AB
:105AB000059981F84500FFE70120079002E00020EA
:105AC0000790FFE706981190119880F311880798C6
:105AD00012B080BD0000000080B58EB00990089122
:105AE00007920020069009980390039858B9FFE7A1
:105AF0004FF0500080F31188BFF36F8FBFF34F8FCB
:105B00000D90FFE7FEE708990020019039B9FFE703
:105B10000398006C002818BF01200190FFE701984E
:105B2000C00758B1FFE74FF0500080F31188BFF372
:105B30006F8FBFF34F8F0C90FFE7FEE700F0DCF9AB
:105B400001460020009031B9FFE70798002818BFF0
:105B500001200090FFE70098C00758B1FFE74FF021
:105B6000500080F31188BFF36F8FBFF34F8F0B90FE
:105B7000FFE7FEE7FFE7FFF79BF80398806B0290D3
:105B8000029830B3FFE703980899FCF791FE02985A
:105B900001380399886303980069A0B1FFE703986F
:105BA000103000F02DFB60B1FFE74EF60451CEF24D
:105BB00000014FF080500860BFF34F8FBFF36F8F2D
:105BC00000E0FFE700E0FFE7FFF79EF801200A9002
:105BD0006DE0079828B9FFE7FFF796F800200A90D4
:105BE00065E0069830B9FFE704A8FFF71DFA012029
:105BF000069000E0FFE7FFE7FFE7FFF785F8FFF714
:105C00008BFBFFF755F8039890F94400013028B951
:105C1000FFE70399002081F84400FFE7039890F91B
:105C20004500013028B9FFE70399002081F84500BD
:105C3000FFE7FFF769F804A807A900F03DF830BBBB
:105C4000FFE70398FDF734F9D0B1FFE7039824305C
:105C50000799FFF7A1FA0398FDF7BAFB00F038FBAC
:105C600060B9FFE74EF60451CEF200014FF08050CC
:105C70000860BFF34F8FBFF36F8F00E0FFE705E0D1
:105C80000398FDF7A5FB00F023FBFFE70EE0039868
:105C9000FDF79EFB00F01CFB0398FDF709F918B116
:105CA000FFE700200A9002E0FFE7FFE763E70A98BA
:105CB0000EB080BD0000000080B588B00590049152
:105CC000059858B9FFE74FF0500080F31188BFF3F3
:105CD0006F8FBFF34F8F0790FFE7FEE7049858B927
:105CE000FFE74FF0500080F31188BFF36F8FBFF3D1
:105CF0004F8F0690FFE7FEE7FEF7DAFF43F6E80076
:105D0000C2F2004000680290029805994968401A62
:105D1000019004980068013018B9FFE70020039053
:105D20002BE043F64C00C2F2004000680599096878
:105D3000884209D0FFE7029805994968884203D351
:105D4000FFE70120039017E0019804990968884251
:105D50000BD2FFE7019A04990868801A0860059839
:105D6000FFF762F90020039005E004990020086025
:105D700001200390FFE7FFE7FFE7FEF7C5FF039869
:105D800008B080BD0000000070B58CB0DDF844C0E4
:105D9000DDF840C00B900A91ADF826200893BDF8BD
:105DA00026008000FDF76CFB0590059880B1FFE7A9
:105DB0005C20FDF765FB0790079820B1FFE7059889
:105DC0000799086303E00598FEF7C6FFFFE702E0C6
:105DD00000200790FFE70798F0B1FFE7079800263B
:105DE00080F859600B980A99BDF82620089BDDF8C9
:105DF00040C0119C079DEE46CEF80C60CEF80850CE
:105E0000CEF80440CEF800C0FCF7CEFE0798FCF7B1
:105E100037FC0120069003E04FF0FF300690FFE7CB
:105E200006980CB070BD0000B0B58EB0DDF850C063
:105E3000DDF84CC0DDF848C00A900991089207933C
:105E4000139858B9FFE74FF0500080F31188BFF363
:105E50006F8FBFF34F8F0D90FFE7FEE7149858B98F
:105E6000FFE74FF0500080F31188BFF36F8FBFF34F
:105E70004F8F0C90FFE7FEE75C20049004985C28AD
:105E80000BD0FFE74FF0500080F31188BFF36F8F06
:105E9000BFF34F8F0B90FFE7FEE70498149820B3F1
:105EA000FFE7139808B3FFE7149806901398069934
:105EB00008630699022081F859000A980999089AFE
:105EC000079BDDF848C0069CEE460025CEF80C5036
:105ED000CEF8084005ACCEF80440CEF800C0FCF780
:105EE00063FE0698FCF7CCFB02E000200590FFE77C
:105EF00005980EB0B0BD000081B043F6B400C2F208
:105F00000040006818B9FFE7012000900DE043F25F
:105F10001810C2F20040006818B9FFE70220009094
:105F200002E000200090FFE7FFE7009801B0704713
:105F300081B043F6E800C2F200400068009000988B
:105F400001B070470000000080B586B000200290CC
:105F500043F21810C2F200400068002840F0CB80E5
:105F6000FFE743F6E801C2F2004108680130019002
:105F700001980860019858BBFFE742F25430C2F222
:105F800000400068006858B1FFE74FF0500080F310
:105F90001188BFF36F8FBFF34F8F0590FFE7FEE7C8
:105FA00042F25432C2F200421068009042F25C3178
:105FB000C2F20041086810600098086043F64C0186
:105FC000C2F20041086801300860FDF715F900E0F1
:105FD000FFE7019843F64801C2F200410968884290
:105FE00068D3FFE7FFE742F25430C2F20040006896
:105FF000006840B9FFE743F64801C2F200414FF0A4
:10600000FF30086055E042F25430C2F200400068B0
:10601000C068C06804900498406803900198039990
:10602000884207D2FFE7039843F64801C2F20041D5
:1060300008603EE0FFE704980430FEF761FD049835
:10604000806A28B1FFE704981830FEF759FD00E098
:10605000FFE70498C06A43F22011C2F200410968C8
:10606000884208D9FFE70498C06A43F22011C2F2BF
:1060700000410860FFE70499C86A00EB800242F221
:106080006430C2F2004000EB82000431FEF7E4FD10
:106090000498C06A42F24C31C2F200410968C96AF0
:1060A000884203D3FFE70120029000E0FFE7FFE70B
:1060B00099E7FFE742F24C30C2F200400068C06A44
:1060C00000EB800142F26430C2F2004050F821003F
:1060D000022803D3FFE70120029000E0FFE743F628
:1060E000FC00C2F20040006818B1FFE701200290F6
:1060F00000E0FFE707E043F65801C2F200410868FC
:1061000001300860FFE7029806B080BD0000000083
:1061100080B586B003900398029000200190039808
:10612000002867D0FFE7029842F24C31C2F20041EA
:10613000096888420BD0FFE74FF0500080F31188C8
:10614000BFF36F8FBFF34F8F0590FFE7FEE7029815
:10615000006D58B9FFE74FF0500080F31188BFF38E
:106160006F8FBFF34F8F0490FFE7FEE70299086D32
:10617000013808650299C86AC96C884238D0FFE7BF
:106180000298006D90BBFFE702980430FEF7B8FC60
:1061900008B9FFE700E0FFE70299C86CC8620299FE
:1061A000C86AC0F1380088610298C06A43F22011C1
:1061B000C2F200410968884208D9FFE70298C06A24
:1061C00043F22011C2F200410860FFE70299C86A59
:1061D00000EB800242F26430C2F2004000EB820029
:1061E0000431FEF739FD0120019000E0FFE700E0F7
:1061F000FFE700E0FFE7019806B080BD0000000067
:1062000080B584B002900298C068C068019001987F
:1062100058B9FFE74FF0500080F31188BFF36F8F3C
:10622000BFF34F8F0390FFE7FEE701981830FEF7AA
:1062300067FC43F21810C2F20040006820BBFFE781
:1062400001980430FEF75CFC0198C06A43F220110B
:10625000C2F200410968884208D9FFE70198C06A84
:1062600043F22011C2F200410860FFE70199C86AB9
:1062700000EB800242F26430C2F2004000EB820088
:106280000431FEF7E9FC09E0019800F1180143F63A
:106290005C00C2F20040FEF7DFFCFFE70198C06A35
:1062A00042F24C31C2F200410968C96A884208D9F9
:1062B000FFE70120009043F6FC01C2F200410860B4
:1062C00002E000200090FFE7009804B080BD0000CD
:1062D00080B584B000200290019043F21810C2F201
:1062E0000040006858B9FFE74FF0500080F3118874
:1062F000BFF36F8FBFF34F8F0390FFE7FEE7FEF70B
:10630000D7FC43F21810C2F2004001680139016065
:106310000068002840F09980FFE743F21010C2F2B5
:1063200000400068002800F08F80FFE7FFE743F699
:106330005C00C2F200400068002842D0FFE743F64C
:106340005C00C2F20040C068C06802900298183039
:10635000FEF7D6FB02980430FEF7D2FB0298C06A23
:1063600043F22011C2F200410968884208D9FFE7D0
:106370000298C06A43F22011C2F200410860FFE7B0
:106380000299C86A00EB800242F26430C2F2004017
:1063900000EB82000431FEF75FFC0298C06A42F213
:1063A0004C31C2F200410968C96A884207D3FFE74D
:1063B00043F6FC01C2F200410120086000E0FFE763
:1063C000B5E7029818B1FFE7FCF716FFFFE743F6C1
:1063D0005800C2F20040006800900098E0B1FFE76A
:1063E000FFE7FFF7B1FD38B1FFE743F6FC01C2F26A
:1063F00000410120086000E0FFE7009801380090AC
:10640000FFE700980028ECD1FFE743F65801C2F2FD
:1064100000410020086000E0FFE743F6FC00C2F204
:106420000040006870B1FFE7012001904EF6045172
:10643000CEF200014FF080500860BFF34F8FBFF3E2
:106440006F8F00E0FFE7FFE700E0FFE7FEF75CFC8F
:10645000019804B080BD000080B58AB0002008908B
:10646000FCF7A2F943F6EC00C2F20040006858B312
:10647000FFE7002004900790069007A806A905AA48
:10648000FEF77AFB049B059A0698DDF81CC0694666
:10649000C1F808C048600220086043F2B130C0F67D
:1064A000020048F28B11C0F60201FFF7BDFC014665
:1064B00043F6F000C2F200400160006818B1FFE747
:1064C00001200890FFE700E0FFE7089858B9FFE7D0
:1064D0004FF0500080F31188BFF36F8FBFF34F8FE1
:1064E0000990FFE7FEE708980AB080BD00000000B1
:1064F00080B58AB0DDF830C0089007910692059308
:1065000000200490089858B9FFE74FF0500080F33E
:106510001188BFF36F8FBFF34F8F0990FFE7FEE73E
:1065200043F6EC00C2F200400068A8B3FFE707980A
:1065300000900698019008980290079805281EDCA4
:10654000FFE7FFF7D9FC02280CD1FFE743F6EC0088
:10655000C2F2004000680C9A69460023FFF7FCF87D
:1065600004900BE043F6EC00C2F20040006869467C
:1065700000231A46FFF7F0F80490FFE70BE043F61C
:10658000EC00C2F200400068059A69460023FFF75C
:10659000FBF90490FFE700E0FFE704980AB080BD34
:1065A00030B414460D4602462146284630BC014B05
:1065B00000F062BEA77902084100080218BF04205B
:1065C0000A0E18BF40F001004FF07F4232EA01018D
:1065D00008BF40F00200012808BF052070470000F6
:1065E0002DE9F0430B30DFF8889020F007050027F5
:1065F000A1F1010C1F4C21E0061D724203680CEA58
:106600000202934219D39E1AAE4216D34AB186189B
:1066100050F8044F9B1AC6E9003440E901260446AD
:106620003046AB4205D95B1B42194668C2E90036C9
:1066300000E04268226020C004E0041D20680028B9
:10664000DAD13846002803D1D9F8000010B1002073
:10665000BDE8F083074B08481860084B1B1A23F06D
:106660000703C0E900370120C9F80000C0E70000B7
:106670000C000024080000240C39002408390224EE
:1066800010B5002821D0114B0022001F196803E02B
:10669000814203D80A4649680029F9D152B11368EA
:1066A000841A9C4204D1006818441060104602E02D
:1066B000506000E0186039B102680B1A934203D1B0
:1066C0000B681A4402604968416010BD080000244C
:1066D00010B54FF00E402DED028BB0EE408A18EE53
:1066E000104A00EB4400B0F1506F4AD84FF0FC4024
:1066F000B0EB440F22D2B0EEC80AF7EE000A30EE3B
:10670000C00AF6EE000A60EE208A18EE900A01F048
:1067100053F901EE100A14F0004F1DBFDFED2D0AF2
:106720009FED2D0AB1EE411ADFED2C0A08BF9FED57
:106730002C0AF8EE001A21EE218A05E0DFED290A85
:1067400068EE088AB0EE600A9FED271ADFED271A7F
:1067500030EE080A48EE811A9FED251A08EEA11ABC
:10676000DFED241A48EE811A9FED231A08EEA11AD4
:1067700068EE281ABDEC028B01EE810A30EE200A89
:1067800010BD4FF0E440B0EB440F0CD918EE100AE6
:10679000FFF712FF042808BF00F0E4FBB0EE480A40
:1067A000BDEC028B10BD4FF07F40B0EB440F07D221
:1067B000B0EE480ABDEC028BBDE8104000F0C3BB50
:1067C000012000F091FCBDEC028BBDE8104000F010
:1067D000C1BB00000000C9BF22AAFDB90000C93F2B
:1067E00022AAFD390000000024FE1C3DC78AD83CC7
:1067F0001E67383D1B93993DAFAA2A3E70B54FF0F6
:1068000068422DED048BF0EE408A18EE900AB0EE4F
:10681000608A18EE101A02EB4003B3F1654F3CBFDB
:1068200002EB4102B2F1654F7DD200BFC0F3C75306
:10683000C1F3C7529A1A1B2A09DD10F0004F14BF8A
:106840009FED830A9FED830ABDEC048B70BD12F1AE
:106850001A0F36DA11F0004F09D010F0004F0CBFBC
:106860009FED7D0A9FED7D0ABDEC048B70BD88EE27
:10687000889A19EE100AFFF79FFE042808BF00F05F
:1068800071FB18EE900AFFF797FE054618EE100A06
:10689000FFF792FE044619EE100AFFF78DFE042D55
:1068A00018BF052D08D1042C18BF052C04D10028D1
:1068B00004BF022000F018FCB0EE490ABDEC048BC6
:1068C00070BD4200B2EB410F3AD910F0004F19BF32
:1068D000DFED630A9FED630ADFED630A9FED630A54
:1068E000B0EE481A0A46B1EE688A80F00041F0EE38
:1068F000418A10460A1A5200B2F1807F34D24840D1
:1069000010F0004FDFED5A1A9FED5A2A1DBFBEEE60
:10691000001A70EEE10A30EE420AB6EE001A08BF25
:1069200070EEA10A00E040E008BF30EE020AB0EECF
:10693000682A01EE482A08EE818AC2EE081A15E09C
:1069400011F0004F04BF9FED4C0AF0EE400AD1D089
:1069500010F0004F19BFDFED490A9FED490ADFED46
:10696000490A9FED490AC5E7C8EE881A21EEA11A27
:106970009FED462ADFED462A41EE022A9FED452A89
:1069800001EE222ADFED442A41EE022A9FED432A3E
:10699000BDEC048B01EE222A21EE811A01EE020ADF
:1069A00030EE210A30EE200A70BD4FF07F42B2EB8C
:1069B000400F28BFB2EB410F09D2F0EE480AB0EE0B
:1069C000680ABDEC048BBDE8704000F0BFBA40EA35
:1069D00001035B0008BF41F0FF410BD0B2EB400F59
:1069E00008BFB2EB410F08D120F0804008EE900ABA
:1069F00021F0804108EE101A18E7B2EB400F12BFE9
:106A00005FEA410340F0FF4001F000413FF40EAF68
:106A1000B2EB410F12BF5FEA400200F0004041F0CC
:106A2000FF413FF403AF4A0092EA40033FF5FEAE58
:106A3000002AACBF9FED1A0A9FED1A0A68EE808A01
:106A400028EE008A18EE900A18EE101AEEE6000002
:106A5000DB0FC9BFDB0FC93FDB0F4940DB0F49C06C
:106A60000000C9BF22AAFDB90000C93F22AAFD3912
:106A70000060ED3EC30ACE3700000000000049C0B0
:106A800022AA7DBA0000494022AA7D3A2DAD65BDFB
:106A90008FB8D53D0FB511BE61C84C3EA8AAAABE9D
:106AA0000000804F0000802F10EE101A08B5444AF5
:106AB0006846B2EB410F28D94FF0E640B0EB410FEA
:106AC00094BF00204FF0FF3000900098002861DB59
:106AD00060EE000A10F0010F45D010F0020FDFED5C
:106AE000391A9FED391A00EEA11ADFED381A40EE7F
:106AF000811A21EEA01AF0EE400A40EE010A08BF0A
:106B0000F1EE600AB0EE600A08BD314B21F00042A0
:106B100093423CD911F0004FDFED2E0A20EE201AEF
:106B2000DFED2D0A19BF31EE601A71EE200A31EE49
:106B3000201A71EE600ABDEEE01A11EE100A9FED08
:106B4000271A00F0030000EEC10A9FED251A0090FD
:106B500000EEC10A9FED231A00EEC10A9FED221A32
:106B600000EEC10AB1E79FED211A9FED210A10F056
:106B7000020F00EE810A9FED1F1A00EE801AB7EE99
:106B8000000A00EE810A18BFB1EE400A08BD00F00D
:106B9000F1F99AE710EE100A4000B0F17F4F3CBFC8
:106BA000B7EE000A08BD07D14FF0010000F09CFAD3
:106BB000BDE8084000F0CEB9BDE8084000F0C3B918
:106BC000B61F927E336D4CB9DA82083CA0AA2ABE69
:106BD000490E494683F9223F0000004B0000C93F9F
:106BE00000A0FD390020A2331A61342CB93AB2BAA0
:106BF000CA9F2A3DDDFFFFBE00B510EE101A2DED35
:106C0000028B81B0524A6846B2EB410F2ED94FF049
:106C1000E640B0EB410F94BF00204FF0FF300090F2
:106C20000098B0EE408A00286ADB10F0010F4BD0CC
:106C300068EE080A9FED471A9FED470A00EE810AA9
:106C40009FED461A10F0020F00EE801AB7EE000A10
:106C500000EE810A02BF01B0BDEC028B00BD00BF97
:106C600001B0B1EE400ABDEC028B00BD3C4B21F0FF
:106C70000042934241D911F0004FDFED3A0A20EE75
:106C8000201ADFED390A19BF31EE601A71EE200AC1
:106C900031EE201A71EE600ABDEEE01A11EE100A14
:106CA0009FED321A00F0030000EEC10A9FED301A8A
:106CB000009000EEC10A9FED2F1A00EEC10A9FED71
:106CC0002E1A00EEC10AABE728EE080A9FED2B1A38
:106CD000DFED2B0A10F0020F40EE010A9FED291A9A
:106CE00000EE201A61EE000AB0EE480A08EE200A13
:106CF000B6D101B0BDEC028B00BD00F03BF98FE7CF
:106D000018EE100A4000B0F17F4F0DD218EE100AB5
:106D1000FFF752FC042808BF00F024F9B0EE480A3F
:106D200001B0BDEC028B00BD09D1012000F0DCF9FF
:106D300001B0BDEC028B5DF804EB00F00BB901B0C3
:106D4000B0EE480ABDEC028B5DF804EB00F0FBB836
:106D5000B61F927EB93AB2BACA9F2A3DDDFFFFBE86
:106D6000490E494683F9223F0000004B0000C93F0D
:106D700000A0FD390020A2331A61342C336D4CB9C8
:106D8000DA82083CA0AA2ABE10B52DED028BB1EE26
:106D9000C08A18EE100A20F00040C0F1FF40C00F7A
:106DA0000AD010EE100A20F00040C0F1FF40C00FE2
:106DB00004BF012000F098F9B0EE480ABDEC028B48
:106DC00010BD000000B510EE101A2DED028B81B041
:106DD0004D4A6846B2EB410F3CD94FF0E640B0EB6C
:106DE000410F94BF00204FF0FF3000900098B0EEAC
:106DF000408A00285FDB28EE080ADFED440A9FED99
:106E0000441A00EE201ADFED430A40EE010A9FED1E
:106E1000421A00EE201ADFED410A10F0010F40EE99
:106E2000010A9FED3F1A00EE201A61EE000AB0EE53
:106E3000480A08EE200A02BF01B0BDEC028B00BD7B
:106E4000BFEE001A01B0C1EE000ABDEC028BB0EE3D
:106E5000600A00BD334B21F00042934228D911F063
:106E6000004FDFED310A20EE201ADFED300A19BFA6
:106E700031EE601A71EE200A31EE201A71EE600ACE
:106E8000BDEEE01A11EE100A9FED291A00F0030082
:106E900000EEC10A9FED271A009000EEC10A9FED97
:106EA000261A00EEC10A9FED251A00EEC10A9DE7E1
:106EB00000F060F89AE718EE100A4000B0F17F4F3A
:106EC0000DD218EE100AFFF777FB042808BF00F078
:106ED00049F8B0EE480A01B0BDEC028B00BD09D103
:106EE000012000F001F901B0BDEC028B5DF804EB6C
:106EF00000F030B801B0B0EE480ABDEC028B5DF88E
:106F000004EB00F020B80000B61F927EBCE9223CE2
:106F10000B6D063B8A76CE3CACB5593D35A1083E9B
:106F200029AAAA3E490E494683F9223F0000004B98
:106F30000000C93F00A0FD390020A2331A61342CA3
:106F40000721FFF74DBB30EE000A704730EE200AF4
:106F500070470000DFED020A80EEA00A70470000D3
:106F6000000000009FED020A20EE000A70470000BA
:106F7000000000102DE9F0014FF07F42B2EB410F0D
:106F80009FBF4FF0FF310160BDE8F00170474FF047
:106F9000004242EA0123C1F3C752783A551112F078
:106FA0001F0C434CCCF120067C44C1F3C752A2F124
:106FB00078024FEA621204EB820254F8254008BFBF
:106FC000D2E9015612D0556804FA0CF425FA06F7F6
:106FD0003C43976805FA0CF527FA06F8D26807FAD9
:106FE0000CFCF24045EA08054CEA0206A4FB034CFF
:106FF000A5FB0352A6FB03631D449D4234BF01263B
:1070000000261319334416B1934202D903E0934288
:1070100001D2012200E00022624402F1200C92061B
:10702000DC0C42EA443200EE102A5B03DFED210A59
:10703000F8EEC01A00EE103A4FEA9C1C11F0004F17
:10704000B8EE400AC0F800C020EE201A00EE105A38
:10705000DFED190AB8EE400A20EE200A71EE810A2F
:1070600070EE800A10EE902A02F500626FF30B02B8
:1070700000EE902A70EEE11A31EEC11ADFED101A1F
:1070800030EE411A9FED0D0A20EE800A01EE210A32
:107090009FED0C1A00EE810A04BFBDE8F0017047B5
:1070A000CCF180510160BDE8F001B1EE400A7047BB
:1070B0004C0A0000000000360000802C22AAFD29A6
:1070C000DB0FC92F0000C92F02E008C8121F08C13A
:1070D000002AFAD170477047002001E001C1121F59
:1070E000002AFBD17047000001490860704700008A
:1070F000040000242DE9FF5F82B00021DDE90430A7
:10710000020DDDF840B0034318D044F61050A2F24F
:10711000FF3242431514119801281FD0A5EB0B0034
:10712000401C5FEA000A4FF000064E4FDFF838912E
:10713000B046504615D5CAF1000413E01198012459
:107140004AA3012801D16FEA0B010298119AC0E904
:107150000031C0E9024206B0BDE8F09FCBF100006B
:10716000DFE704460021404A491842EB0450CDE9CC
:10717000001012E0E00707D032463B464046494641
:10718000D9F780FA8046894632463B461046194672
:10719000D9F778FA06460F466410002CEAD1DDE9EB
:1071A0000401DDE90023BAF1000F06DAD9F76AFA23
:1071B00042464B46D9F766FA05E0D9F7D5FA42467A
:1071C0004B46D9F7D1FA04460E460022284BD9F790
:1071D00053FB03D84FF0FF30014607E00022254B58
:1071E00020463146D9F7A7F9D9F72DFB102409E03D
:1071F000002C0ADB0A220023D9F78CF8039B3032DB
:107200001A55641E50EA0102F2D1641C039AC4F1BB
:1072100011031444119A012A03D0012208430DD10D
:107220000AE0084304D000204FF0110B119072E7E0
:10723000A3EB0B056D1E0DE05B4504DD4FF0000276
:1072400005F1010504E003DA4FF00002A5F10105A4
:10725000002AECD002981199C0E90231C0E900453A
:1072600079E70000000014400000F03F300000000B
:107270000000F0430000E03F2DE9FF4F95B09B4632
:107280008946064600250FE2252877D100242746A7
:10729000F84A0121059400E0044316F8013F203B21
:1072A00001FA03F01042F7D130782A2811D06FF09C
:1072B0002F033078A0F13002092A16D8059A44F03D
:1072C000020402EB820203EB42021044761C05909A
:1072D000EFE759F8042B0592002A03DA504244F4F0
:1072E0000054059044F00204761C30782E2816D104
:1072F00016F8010F44F004042A280DD06FF02F0275
:107300003078A0F13003092B09D807EB870302EB93
:107310004303C718761CF3E759F8047B761C3078D2
:107320006C280FD006DC4C2817D068280DD06A28AE
:1073300014D104E0742810D07A280FD10DE044F461
:1073400000140AE044F4801401E044F4401472781C
:10735000824202D104F58014761C761C30786628AF
:107360000BD013DC582877D009DC002875D04528CD
:10737000F6D04628F4D047281AD19DE118E06328BA
:1073800035D0642879D0652812D195E1702873D062
:1073900008DC6728F1D069286FD06E280DD06F28DF
:1073A00006D1B5E073282CD0752875D0782874D014
:1073B0005A46179990476D1C75E1C4F30250022894
:1073C00009D003280DD0D9F8001004280DD00D6085
:1073D00009F1040967E1D9F80010EA17C1E9005280
:1073E000F6E7D9F800100D80F2E70D70F0E719F814
:1073F000041B8DF8001000208DF80100EA460120E2
:1074000003E059F804AB4FF0FF3061074FF0000183
:1074100002D40DE008F101018846B9420FDA804537
:10742000F8DB1AF808100029F4D108E008F101018E
:1074300088468142FADB1AF808100029F6D105982F
:107440005B46A0EB080721463846179A00F094FAED
:10745000284400EB080507E04DE029E10DE01AF8AB
:10746000010B5A4617999047B8F10108F7D25B46CD
:1074700021463846179A13E142E00A220092C4F3EB
:1074800002524FF0000A022A08D059F804CB032A0E
:107490004FEAEC710AD00DE029E02AE009F107017A
:1074A00021F00702F2E802C1914609E00FFA8CFCD4
:1074B0004FEAEC71042A03D14FFA8CFC4FEAEC71CD
:1074C000002907DA0A460021DCF1000C61EB020119
:1074D0002D2202E0220504D52B228DF80420012262
:1074E00003E0E20701D02022F7E7904659E00A21A5
:1074F00002E010220DE010214FF0000A00910BE095
:1075000010224FF0000A44F004040827009203E020
:1075100008224FF0000A0092C4F30252022A05D05A
:1075200059F804CB0021032A08D009E009F107012A
:1075300021F00702F2E802C1914605E01FFA8CFC37
:10754000042A01D10CF0FF0C4FF00008220728D5C7
:10755000702806D0009B83F0100353EA0A0305D07D
:107560000EE040228DF80420012208E05CEA0102CE
:1075700006D030228DF804208DF8050002229046B6
:10758000009B83F0080353EA0A030AD15CEA010274
:1075900001D1620705D530228DF804204FF0010893
:1075A0007F1E582804D034A003900EA802900DE04E
:1075B00036A0F9E753466046009AD8F7ABFE8446FA
:1075C0000398825C0298401E029002705CEA0100FF
:1075D000F0D1029806A9081A00F1200A600702D526
:1075E00024F4803400E00127574502DDA7EB0A00B0
:1075F00000E0002000EB0A01009005984144401A89
:107600000590E00306D45B462146179A059800F0E2
:10761000B3F90544002706E001A85A46C05D179952
:1076200090476D1C7F1C4745F6DBE0030CD55B469D
:107630002146179A059800F09FF9054404E0302090
:107640005A46179990476D1C0099481E00900029D2
:10765000F5DC08E0029802995A460078491C02912C
:10766000179990476D1CBAF10001AAF1010AF1DCEB
:1076700065E10000092801003031323334353637F6
:10768000383961626364656600000000303132336E
:10769000343536373839414243444546000000000E
:1076A00000F058F90544761C307800287FF4ECADE2
:1076B00019B02846BDE8F08F620700D4062709F10B
:1076C000070222F0070CFCE80223E14603F0004821
:1076D0005FEA080C02D00FF2702C0DE05FEA045C48
:1076E00002D50FF2682C07E05FEAC47C02D00FF2EB
:1076F000602C01E0AFF2700C4FF0FF3823F0004334
:10770000CDF850C065280CD006DC452809D04628A5
:107710001DD047283DD13DE0662818D067287ED18E
:1077200038E00021112F01DB112000E0781CCDE9A9
:10773000000106A90EA8FFF7DDFCDDE90F010E9A96
:1077400003910021009207F1010A04914DE04FF0EE
:1077500000400097CDE9011006A90EA8FFF7CAFC6A
:10776000DDE90F0203920E9B11990022DDF80CA0B7
:107770000093049211B9791C00EB010AB7EB0A00DF
:1077800004D4C0F1FF3007F1010A0490AAEB07000E
:10779000019044E0012F00DA01270021112F01DDC3
:1077A000112000E03846CDE9000106A90EA8FFF738
:1077B000A1FCDDE90F010E9A0391002104910092D2
:1077C000BA4621070CD40399514500DA8A46BAF12A
:1077D000010F05DD009AAAF10101515C302908D0A2
:1077E000B84202DA10F1040F06DA0121CDE90110E6
:1077F00015E0AAF10101E9E7002805DC049901443C
:107800000491AAEB000102E0411C514500DD8A46CB
:107810000499401A401C01904FF00040029020074C
:1078200004D40198504501DBCDF8048000208DF888
:107830004F0002980DF14F07B0F1004F25D02B20DB
:107840000E9002984FF0020800280CDA4042029095
:107850002D200E9007E00A210298D8F731FE303132
:10786000029007F8011DB8F10001A8F10108F2DC4F
:1078700002980028EFD1791E0E980870307800F039
:10788000200040F0450007F8020D12A8C01B00F1CF
:1078900007081498007800B1012000EB0A01019854
:1078A00001EBE07105984144401A401E0590E00349
:1078B00006D45B462146179A059800F05DF805440A
:1078C0001498007818B15A46179990476D1CE00338
:1078D00024D55B462146179A059800F04DF80544DB
:1078E0001CE00498002807DBDDE90301884203DD82
:1078F0000098405C179901E0179930205A4690474C
:10790000049805F10105401C04900198401E019067
:1079100004D12E205A46179990476D1CBAF10001E8
:10792000AAF1010ADDDC05E017F8010B5A461799A8
:1079300090476D1CB8F10001A8F10108F4DC5B462A
:107940002146179A0598ABE62D0000002B00000099
:10795000200000002DE9F041044600251E46174690
:10796000880404D405E039462020B0476D1C641E0D
:10797000F9D52846BDE8F0812DE9F04104460025FF
:107980001E469046C80301D5302700E02027880412
:1079900004D505E041463846B0476D1C641EF9D554
:1079A0002846BDE8F08138B504468DF800006946E8
:1079B0000320ABBE204638BD10B500EE100A2DEDF9
:1079C000028BB1EEC08A18EE100A20F00040C0F120
:1079D000FF40C00F0AD010EE100A20F00040C0F1A6
:1079E000FF40C00F04BF0120FFF77EFB18EE100A16
:1079F000BDEC028B10BD0000000000006E83F9A2F8
:107A00002915444ED15727FCC0DD34F5999562DB2A
:107A10004190433CAB6351FE0000000000000000B9
:107A20000000000000000000000000000100000055
:107A3000020000000300000004000000000000003D
:107A40000500000000000000000000000000000031
:107A50000600000000000000000000000000000020
:107A6000070000002C2B0024120000003C22002400
:107A70000C000000442B002400020000DC1F002446
:107A800040000000CC01002428000000000000009D
:107A900001020304010203040607080900010203AE
:107AA00004050607080C10141820304000061016B4
:107AB0000006101608040204080101010101010377
:107AC00007010000010002000400060008000A008F
:107AD0000C0010002000400080000001AE47613E15
:107AE0000B24483EAE4761BE0B24483EAE4761BE04
:107AF0000B2448BEAE47613E0B2448BEDB0F49BF96
:107B0000DB0F493FDB0F49BFDB0F493F0102030495
:107B1000F2D34640AB619C3FD9E9173FC3B8B2BE30
:107B2000C3B8323E920A86BF7B460840920A863F1F
:107B30000000891112239B322446AD573665BF746D
:107B4000488CC19D5AAFD3BE6CCAE5DB7EE9F7F81D
:107B50008110080193331A22A5562C47B7753E644D
:107B6000C99C408DDBBF52AEEDDA64CBFFF976E8FD
:107B700002218B30100299132667AF763444BD552D
:107B80004AADC3BC588ED19F6EEBE7FA7CC8F5D9DD
:107B900083310A2091121803A7772E66B5543C450D
:107BA000CBBD42ACD99E508FEFFB66EAFDD874C9BD
:107BB00004428D5316619F702004A9153227BB36ED
:107BC0004CCEC5DF5EEDD7FC6888E1997AABF3BA9D
:107BD00085520C4397711E60A1142805B3373A26CD
:107BE000CDDE44CFDFFD56ECE9986089FBBB72AA7D
:107BF00006638F7214409D512225AB343006B917AD
:107C00004EEFC7FE5CCCD5DD6AA9E3B8788AF19B5C
:107C100087730E6295501C41A3352A24B11638078C
:107C2000CFFF46EEDDDC54CDEBB962A8F99A708B3C
:107C3000088481951AA793B62CC2A5D33EE1B7F06C
:107C40004008C919522BDB3A644EED5F766DFF7C1C
:107C5000899400859BB712A6ADD224C3BFF136E04C
:107C6000C1184809D33B5A2AE55E6C4FF77D7E6CFC
:107C70000AA583B4188691972EE3A7F23CC0B5D12C
:107C80004229CB38500AD91B666FEF7E744CFD5DDC
:107C90008BB502A499961087AFF326E2BDD034C10C
:107CA000C3394A28D11A580BE77F6E6EF55C7C4DBC
:107CB0000CC685D71EE597F42880A1913AA3B3B2EC
:107CC000444ACD5B5669DF78600CE91D722FFB3E9C
:107CD0008DD604C79FF516E4A9902081BBB332A2CC
:107CE000C55A4C4BD7795E68E11C680DF33F7A2E7C
:107CF0000EE787F61CC495D52AA1A3B03882B193AC
:107D0000466BCF7A5448DD59622DEB3C700EF91F5B
:107D10008FF706E69DD414C5ABB122A0B99230838B
:107D2000C77B4E6AD5585C49E33D6A2CF11E780F3B
:107D3000005EBCE2613FDD83C29C7E20A3FD1F414B
:107D40009DC3217FFCA2401E5F01E3BD3E6082DC3B
:107D5000237D9FC1421CFEA0E1BF5D0380DE3C622B
:107D6000BEE0025CDF81633D7C22C09E1D43A1FF1B
:107D70004618FAA427799BC584DA3866E5BB59070B
:107D8000DB856739BAE406581947A5FB7826C49AFB
:107D9000653BD987045AB8E6A7F91B45C6987A24EB
:107DA000F8A6441A99C7257B3A6486D85B05E7B9DB
:107DB0008CD2306EEDB3510F4E10F2AC2F7193CDCB
:107DC000114FADF3702ECC92D38D6F31B2EC0E50BB
:107DD000AFF1134DCE90722C6D33D18F0C52B0EEAB
:107DE000326C8ED0530DEFB1F0AE4C1291CF2D739B
:107DF000CA947628ABF517490856B4EA6937D58B8B
:107E00005709EBB536688AD495CB2977F4AA48167A
:107E1000E9B7550B88D6346A2B7597C94A14F6A86A
:107E2000742AC896154BA9F7B6E80A54D7896B355A
:107E30000000000000000000F1910108D19101084C
:107E400051DC010861DC010871DC0108899101083D
:107E500000000000000000009192010871920108EA
:107E60000000000000000000599301083993010848
:107E7000B9920108F9920108A1920108E192010862
:107E8000C9DC0108D9DC0108B9DC010809DD0108F9
:107E9000E9DC0108F9DC0108000000000000000036
:107EA000A195010881950108000000000000000074
:107EB000699601084996010851DC010861DC010856
:107EC00071DC010889910108000000000000000039
:107ED0009199010871990108B9920108F992010874
:107EE000A1920108E1920108C9DC0108D9DC01086E
:107EF000B9DC010809DD0108E9DC0108F9DC010849
:107F0000000000000000000079A4010859A4010845
:107F10000000000000000000E9A40108C9A4010855
:107F20000000000000000000D9A6010800000000C9
:107F300000000000D9A601080000000000000000B9
:107F4000D9A601080000000000000000A1AF010850
:107F50000000000000000000A1AF010800000000C8
:107F600000000000050E02080000000000000000F4
:107F7000050E02080000000000000000D1BB01084F
:107F8000B1BB0108C1BA0108C9BA010829BB01087F
:107F9000D1BA010871B90108F1B8010819B901088D
:107FA00099B80108E1B9010839BA010869BA0108AC
:107FB000A1B90108E9DF010800000000000000008D
:107FC00019BC010811BC0108050E0208050E0208C3
:107FD000050E0208050E0208050E0208050E02082D
:107FE000050E0208050E0208050E0208050E02081D
:107FF000050E0208050E0208050E0208000000002A
:108000000000000091BE010871BE010831BC0108EA
:10801000F9DF0108000000000000000061BF010856
:1080200059BF0108050E0208050E020800000000F5
:108030000000000029C2010809C2010869C0010846
:10804000F9C0010879C0010831C1010839E001080F
:10805000E1BF010811C0010800000000000000009D
:10806000D1C20108C9C20108050E0208050E0208A6
:10807000050E0208050E0208050E0208050E02088C
:10808000050E0208000000000000000061C50108A4
:1080900041C5010829C3010849E0010800000000AA
:1080A0000000000009C6010801C60108050E02080B
:1080B000050E0208000000000000000001000000A2
:1080C00000000000000000000000000000000000B0
:1080D00000000000000000000000000000000000A0
:1080E0000000000000000000000000000000000090
:1080F0000000000000000000000000000000000080
:10810000000000000000000000000000000000006F
:10811000000000000000000000000000000000005F
:10812000000000000000000000000000000000004F
:108130000000000055495F5461736B00494D555F65
:108140005461736B0043414E5F53656E645F5461CD
:10815000736B0052656D6F74655F436F6E74726F01
:108160006C5F5461736B0055705F53746169725F2B
:108170005461736B0064656661756C745461736BF4
:108180000049444C4500546D725100546D722053A7
:1081900076630042554600505752004D4158004208
:1081A000465F0050575F004D585F006C656E677406
:1081B000685F6572726F7220776173207468726F86
:1081C000776E20696E202D666E6F2D657863657001
:1081D00074696F6E73206D6F6465207769746820B1
:1081E0006D65737361676520222573220062616487
:1081F0005F61727261795F6E65775F6C656E6774DF
:108200006820776173207468726F776E20696E20C2
:108210002D666E6F2D657863657074696F6E73205F
:108220006D6F6465006261645F66756E6374696F2B
:108230006E5F63616C6C20776173207468726F7716
:108240006E20696E202D666E6F2D65786365707483
:10825000696F6E73206D6F646500766563746F720D
:10826000005F5F6378615F67756172645F6163710E
:1082700075697265206465746563746564207265F0
:108280006375727369766520696E697469616C697A
:108290007A6174696F6E3A20646F20796F75206817
:1082A00061766520612066756E6374696F6E2D6CF2
:1082B0006F63616C207374617469632076617269A5
:1082C00061626C652077686F736520696E69746997
:1082D000616C697A6174696F6E20646570656E6443
:1082E00073206F6E20746861742066756E637469A4
:1082F0006F6E3F004083020800000024D800000099
:10830000C87002083C8302080000002000800000C2
:10831000D870020818840208D800002430380300FE
:10832000D8700208D5C7FEFFD9C7FEFFDDC7FEFF24
:1083300039C8FEFF2DC8FEFF41C8FEFF0000000047
:10834000000000000000000000000000000000002D
:10835000000000000090D0030090D0030100000155
:108360000100FFFFDB0F493FE0EDAF40D2537B4000
:10837000E4CB1640010000000000004000000000B7
:1083800000000000000000000000000001000000EC
:1083900000000000000000000000000000000000DD
:1083A00000000000000000000000000000000000CD
:1083B00000000000000000000000000000000000BD
:1083C00000000000000000000000000000000000AD
:1083D000000000000000000001000000000000009C
:1083E000000000000000000000000000000000008D
:1083F0004B561D3FB702B6BB3EF49C3BE6CB903CD0
:10840000546CEB3D127111370100000010000000A8
:08841000AAAAAAAA00000000BC
:04000005080002CD20
:00000001FF
