:020000040800F2
:10000000604A03247D040008E9FA000881F1000831
:10001000E1FA0008C1240008296B01080000000073
:1000200000000000000000000000000011030108B3
:10003000193400080000000001FF000881030108D6
:100040009B0400089B0400089B0400089B04000814
:100050009B0400089B0400089B0400089B04000804
:100060009B0400089B0400089B040008E928000882
:10007000F928000809290008192900082929000879
:1000800039290008492900089B0400085934000850
:100090007934000869340008893400089B0400089A
:1000A0009B0400089B0400089B0400089B040008B4
:1000B0009B0400089B0400089B0400089B040008A4
:1000C0009B0400089B0400089B0400089B04000894
:1000D0009B04000869300108793001088930010863
:1000E0009B0400089B040008000000009B0400081B
:1000F0009B0400089B0400089B0400085929000881
:100100009B0400089B0400089B0400089B04000853
:100110009B040008E10E01089B0400089B040008F2
:100120006929000879290008892900089B0400082A
:100130009B0400089B0400089B0400089B04000823
:1001400000000000000000000000000000000000AF
:100150009B0400089B0400089B0400089B04000803
:100160009B0400089B0400089B0400089B040008F3
:100170009B04000861FB00089B04000800000000CD
:100180009B0400089B040008F10E01089B04000872
:100190009B0400089B0400089B0400089B040008C3
:1001A0009B0400089B0400089B040008000000005A
:1001B0009B0400089B0400089B0400089B040008A3
:1001C0009B0400089B0400080000000000000000E1
:1001D00000000000000000009B0400080000000078
:1001E000000000000000000000000000000000000F
:1001F00000000000000000009B0400089B040008B1
:100200009B0400089B040008000000009B040008F9
:100210009B0400089B0400089B0400089B04000842
:100220009B040008000000009B0400080000000080
:100230009B0400089B040008000000009B040008C9
:100240009B0400089B0400089B0400089B04000812
:100250009B0400089B0400089B0400089B04000802
:100260009B0400089B0400089B0400089B040008F2
:100270009B0400089B0400089B0400080000000089
:100280009B0400089B0400089B0400089B040008D2
:10029000000000009B0400089B0400080000000010
:1002A000000000009B0400089B0400089B04000859
:1002B000593001089B0400089B0400089934000889
:1002C000A9340008090501089B04000800F002F8A1
:1002D00000F0C5F814A696E8000CB244B344DA4521
:1002E00001D100F0BCF8BAE80F000FA696E8300084
:1002F000A5EB040504EB0607AAEB0704A7F1010729
:100300004FEA15154FEA3414A4F10104AC4201D3AD
:1003100000F0A5F813F0010F18BFFB1A43F001031A
:1003200000F001F8DBE71847847F0200B47F020089
:100330000A4410F8014B14F00F0508BF10F8015BD8
:10034000240908BF10F8014B6D1E05D010F8013BC1
:100350006D1E01F8013BF9D1641E03D0641E01F843
:10036000015BFBD19142E4D370470000704700006D
:100370000023002400250026103A28BF78C1FBD8AE
:10038000520728BF30C148BF0B6070476E2900F08C
:100390003184702900F06785662927F03C8465293F
:1003A00027F03984672927F03684612927F03584BE
:1003B00003681B0A28BF41F08001692900F0DE8331
:1003C000642900F0DB83752900F0D8836F2900F0E1
:1003D000F584782900F03385E92900F08F84E42939
:1003E00000F08C84F52900F08984EF2900F0F28474
:1003F000F82900F032850368DB0928BF41F080014D
:10040000632901F05383732901F05883E32901F034
:100410006383F32901F06883002070471FB527F03C
:10042000EDFB9DE8030000F011FB01F0BBFC0400B4
:100430000020002127F0CCFB401C60600020002140
:1004400027F0B0FBE06000F0DDFD00F0A3F91FBD78
:1004500010B5002000F072FE00F03DFE10BD00F06F
:100460009AFE1146FFF7DAFF23F05AF901F02AFC51
:1004700003B4FFF7EDFF03BC00F0BEFA0A48804763
:100480000A4880470A480047FEE7FEE7FEE7FEE726
:10049000FEE7FEE7FEE7FEE7FEE7FEE70548064962
:1004A000064A074B7047000031340008A1030108D9
:1004B000CD020008604A0024604A0324604A0224F6
:1004C000604A022453EA020C00F069802DE9F04BE7
:1004D0004FF00006002B1FBFB3FA83F503FA05F4B3
:1004E00024FA05F65E4012BF1643B2FA82F502FA0C
:1004F00005F4C5F120051EBF22FA05FC44EA0C04F0
:10050000203556EA044C4FEA144418BF641C4FF0DF
:1005100000084FF00009904271EB030C39D3002919
:1005200019BFB1FA81F701FA07F6B0FA80F700FABD
:1005300007F6C7F120071EBF20FA07FC46EA0C06A3
:100540002037B6FBF4FCA7EB0507103F07F01F0BA5
:10055000CBF120062CFA06F60CFA0BFB44BFB3468F
:100560000026202FA4BF5E464FF0000B5BEA060C6E
:1005700008BF4FF0010B19EB0B0948EB0608ABFB6A
:10058000027C06FB02CC0BFB03CCC01B71EB0C0105
:10059000C1E70B46024641464846BDE8F08B13B51D
:1005A000084318BF4FF0FF300146AFF30080BDE8AD
:1005B0001C4070470B460146184600F0C9B9032A93
:1005C00040F2308010F0030C00F0158011F8013B70
:1005D000BCF1020F624498BF11F801CB00F8013B57
:1005E00038BF11F8013BA2F1040298BF00F801CB1B
:1005F00038BF00F8013B11F0030300F06780083AB0
:10060000C0F0088051F8043B083A51F804CBA0E848
:100610000810F5E7121D5CBF51F8043B40F8043B9D
:10062000AFF30080D20724BF11F8013B11F801CBD2
:1006300048BF11F8012B24BF00F8013B00F801CBA3
:1006400048BF00F8012B7047431A28BF9A427FF633
:10065000B6AF10441144032A40F2268010F0030F75
:100660001EBF11F8013D521E00F8013D10F0030FAE
:100670007FF4F6AF11F0030300F09481083AC0F064
:100680000B8051F8043D083A51F804CD40F8043D80
:1006900040F804CDFFF7F3BF121D5CBF51F8043DD5
:1006A00040F8043DAFF30080D20724BF11F8013DAC
:1006B00011F801CD48BF11F8012C24BF00F8013D0D
:1006C00000F801CD48BF00F8012C704710B5203A62
:1006D000C0F00B80B1E81850A0E81850B1E81850ED
:1006E000A0E81850203ABFF4F5AF5FEA027C24BFBF
:1006F000B1E81850A0E8185044BF18C918C0BDE8A8
:1007000010405FEA827C24BF51F8043B40F8043B70
:1007100008BF7047D20728BF31F8023B48BF11F825
:10072000012B28BF20F8023B48BF00F8012B70477F
:1007300002F0FF0343EA032242EA024200F002B859
:100740004FF0000200B5134694469646203922BF6A
:10075000A0E80C50A0E80C50B1F12001BFF4F7AFB5
:10076000090728BFA0E80C5048BF0CC05DF804EB97
:10077000890028BF40F8042B08BF704748BF20F805
:10078000022B11F0804F18BF00F8012B7047704703
:100790007047704708487CB5784400900748784413
:1007A000009C0546019004E020460168084480470B
:1007B000241DAC42F8D17CBD6C7C0200727C02002E
:1007C00070B5064600F01EF9056806F10B0020F032
:1007D0000704B4429CBF002070BD2B466A68BAB1C2
:1007E0001068A04210D304F1080188423CBF506851
:1007F000586007D35168101941601168091B0160E6
:1008000058601460101D70BD13465268002AE7D16D
:100810002146284600F006F90028DED170BD70B5EB
:100820000446051F00F0EEF80068002C14BF446871
:1008300070BD002C18BFAC423CBF20466468F8D3A2
:1008400001680A18AA4218BF456003D12A68054604
:100850001144016028684119A1421CBF6C6070BD41
:100860006168696021680844286070BD2DE9F0471F
:1008700091460C46804600F0C5F80768604234EAAD
:10088000000001D1042C02D20520BDE8F087601ED3
:1008900040F0070609F10B0020F007054D4539D956
:1008A0003B467A6882B31468101D404206EA000C89
:1008B000644525D9A4EB0C00854221D8BCF1000F7A
:1008C0000BD0104601686244A1EB0C011160416835
:1008D0005160C0F800C058600346116805F1080077
:1008E000814205D35019491B0160156058600346C9
:1008F00052F8040F58600020C8F80020BDE8F087C7
:1009000013465268002ACED12946384600F08AF8AC
:100910000028C5D10620BDE8F08710B500F07AF8B0
:10092000006810BD10B5044600F074F8046010BDF6
:100930000B460146184600F071B910B5002000F0D2
:100940001EFCFFF785FDBDE81040012000F054B803
:100950002DE9F041074615460E461020FFF730FFFF
:1009600004000AD06760C4E9026500F04FF801682E
:10097000216004600020BDE8F0810120FBE7431AFC
:1009800028BF9A427FF6A2AE1044114410F0030F24
:100990001EBF11F8013D521E00F8013D10F0030F7B
:1009A0007FF4F6AF103AC0F00A8010B531E9185064
:1009B00020E91850103ABFF4F9AFBDE810405307D2
:1009C00024BF31E9081020E9081044BF51F8043D64
:1009D00040F8043D12F0030F08BF7047D20728BF4C
:1009E00031F8023D48BF11F8012C28BF20F8023D24
:1009F00048BF00F8012C704701491820ABBEFEE744
:100A000026000200004870479C02002400487047FE
:100A1000CC020024004870479402002470477047BD
:100A20007047704738B504460A4600206946AFF360
:100A30000080002808BF38BD02460099204600F01B
:100A4000CFFB012038BD012001F069B9F8B5AFF343
:100A50000080054600200C460C2000BF0646A81961
:100A6000A0420DD9324669460020AFF3008007004E
:100A700008BF01F054F90098A04218BF0546C419F8
:100A8000FFF7C0FF05600746F01D20F0070046197C
:100A9000284600F00AF8B44208BFF8BDA21B314650
:100AA0003868BDE8F84000F09BBB00210160416060
:100AB00070470C20704770B5044685690068C10610
:100AC00001D5302600E02026C00707D070BDD4E94C
:100AD000012130469047206A401C20626D1EF6D5E9
:100AE00070BD70B5044685690078C00707D170BD38
:100AF000D4E9012120209047206A401C20626D1E0D
:100B0000F6D570BD09684A0501D540B27047C905E0
:100B1000FCD500B2704709684A0501D5C0B27047DC
:100B2000C905FCD580B2704770B50C460546012A50
:100B300005D02878800600D5EA69002302E0012369
:100B400005E05B1C934202D2E05C0028F9D1A86961
:100B5000E618C01AA861286A184428622846FFF7D8
:100B6000AAFF04E0D5E9012114F8010B9047B44233
:100B7000F8D32846FFF7B5FF70BD00002DE9F0411E
:100B80000646002410687529314616A510D0FFF7D7
:100B9000B9FF002802DA404213A507E031688A074E
:100BA00001D512A502E0490704D511A5012401E0F1
:100BB000FFF7B1FF00210A2206F1240709E0B0FB8C
:100BC000F2FCB0FBF2F302FB1C0030307854184604
:100BD000491C0028F3D123462A463046BDE8F0419F
:100BE00000F05DBB000000002D0000002B000000A5
:100BF0002000000011680268006A530501D50870E2
:100C00000AE0D30501D5088006E0130603D5C21714
:100C1000C1E9000200E0086001207047074B70B591
:100C20000D467B4400F025FF0446284600F060FF97
:100C300010B14FF0FF3070BD204670BD616F0200F3
:100C40002DE9FF5F15468A460446DFF8AC80F8447C
:100C50000027D8E900103E46CDE9001010E03AF830
:100C600016106A4602A801F009F8411C07D0217845
:100C7000890603D5E269391891420DD80744761CDC
:100C80002078800602D5E069B84205DDAE42E6DB99
:100C90003AF816000028E2D1A069C01BA0612046E6
:100CA000FFF709FFD8E90010CDE90010002017E098
:100CB0003AF818106A4602A800F0E0FFB0F1FF3FD2
:100CC00081460BD000250DF1080B05E0D4E9012188
:100CD0001BF8050090476D1C4D45F7D308F1010046
:100CE000B0428046E4DB206A384420622046FFF7A9
:100CF000F8FEBDE8FF9F00001E7002002DE9F041E4
:100D00008046D21D22F007020025D2E90002F52913
:100D100015A614D0011E72F1000106DA0023D0EBF3
:100D2000030063EB020211A608E0D8F800108B075D
:100D300001D50FA602E0490701D50EA601251146EF
:100D4000002408F1240704E000F064FA30323A5538
:100D5000641C50EA0102F7D12B4632462146404638
:100D6000BDE8F04100F09BBA000000002D0000003B
:100D70002B0000002000000030B4002100F124040A
:100D800008E002F00705D208303542EA4372DB087A
:100D90006554491C52EA0305F3D10468002310A2EC
:100DA000250708D504F020040C4304D0C4690123AE
:100DB0000CA2641EC46130BC00F071BA10B50446C8
:100DC00021461068FFF7A7FE02462046BDE8104006
:100DD0000023D1E7D21D22F00701D1E90023CBE7A0
:100DE0000000000030000000F0B40D460188090545
:100DF00002D5214C7C4402E01F4C7C440E3400217F
:100E000000F1240608E002F00F071209E75D42EA4C
:100E100003721B097754491C52EA0307F3D1027885
:100E20000023120704D5702D06D009B10223113416
:100E30002246F0BC00F033BA01231034F8E770B555
:100E400004460D4621461068FFF765FE0246294616
:100E50002046BDE870400023C6E7D21D22F00703FC
:100E6000D3E90023C0E70368126843F0200303605E
:100E70000823C3610023B7E7806E02002DE9F05F0D
:100E8000894604464FF0000ADFF874B1FB44C0F80D
:100E900020A02046E1688847002874D0252806D085
:100EA000D4E901219047206A401C2062F1E7002626
:100EB0005F462046E16888472028054607DB312D3C
:100EC00005D2781910F8200C08B10643F1E7B007F5
:100ED00001D526F00406C4F81CA00027C4F818A009
:100EE0002A2D09D0284626F047FE38B304EB8708A0
:100EF000303DC8F8185019E059F8041B204604EB9F
:100F000087029161E1688847012F054618D1E069A1
:100F1000002820DA26F020061DE0D8F8180000EBA3
:100F2000800005EB40003038C8F818002046E16822
:100F30008847054626F020FE0028EED1012F0AD072
:100F40002E2D08D12046E16888477F1C0546022FD8
:100F500046F02006C4DBA069002803DA404246F0D0
:100F60000106A061F00701D026F010066C2D0BD011
:100F7000682D09D04C2D39D06A2D35D0742D35D03F
:100F80007A2D33D016E038E0E1682F4620468847B6
:100F9000B842054609D16C2F26D04FF48060E16835
:100FA000064320468847054604E06C2F1AD04FF4CC
:100FB000807006430DB3A5F14100192802D82035F1
:100FC00046F400664A462946204626604E46FFF70C
:100FD000DDF980B101280BD0F61D26F0070000F1E5
:100FE000080956E74020E4E78020D8E70020D6E74C
:100FF00006F104094DE7284652E7206ABDE8F09F54
:10100000106E020010B542485421FFF799FB414889
:101010005421FFF795FB40485421FFF791FB3F49CE
:101020003B483C4A3F4B08603D490A603A491960D9
:10103000531C0365481C1065012008653B48344A71
:1010400039A1784400F07CFD20B9384878440A384A
:1010500000F05EFE37482F4A35A1784400F070FD5D
:1010600020B9344878440A3800F052FE32482A4AFF
:101070002FA1784400F064FD20B92F4878440A3845
:1010800000F046FE40232248DC000021224600F00A
:1010900033FD20B125487844543800F039FE1D480E
:1010A00022464023002100F027FD20B1214878444A
:1010B000543800F02DFE184822461023002100F07D
:1010C0001BFD002806D01C487844BDE81040563867
:1010D00000F01EBE10BD104870B5006D20F0010478
:1010E0000B4800F0A5FD0B4800F0A2FD0A4800F0F7
:1010F0009FFD09E0206D20F00105204600F098FDDD
:101100002046FFF78CFB2C46002CF3D170BD00006D
:1011100098010024EC010024400200240000002477
:101120000400002408000024720000006B6C020020
:1011300077000000576C0200436C02002DE9F0417B
:101140000646FFF763FC8046454613E016B1E068AB
:10115000B0420ED120682860D4E90101D8F80070AF
:1011600088472046FFF75BFBD8F80000B842EBD178
:1011700000E025462C68002CE8D1BDE8F08110B5D0
:1011800000F0AEFDBDE8104000F0A5BD004870477E
:101190009402002470477546FFF7F8FFAE4605003D
:1011A0006946534620F00700854618B020B5FFF782
:1011B00075F9BDE820404FF000064FF000074FF0F2
:1011C00000084FF0000BAC46ACE8C009ACE8C00921
:1011D000ACE8C009ACE8C00921F007018D467047B2
:1011E000034640688C46002818BF88423CBF03462F
:1011F0004068F8D318681844884207D00CF10300FF
:1012000020F00700001D411A521A0146081D0A600D
:10121000FFF705BB30B5B0F10A0271F100034FEAE8
:10122000900E4EEA817EB0EB0E0061EB91014FEA29
:10123000101E4EEA017E10EB0E0041EB11114FEA39
:10124000102E4EEA016E10EB0E0041EB11214FEA19
:10125000104E4EEA014E10EB0E0041EB11414018CA
:1012600041F100014FEAD00040EA41704FEAD1015C
:101270004FEA810444EA907410EB800544EB0104CA
:101280006D1944EB0404521BA3414FF0000348BF07
:101290000A3200D530BD401C41F1000130BD2DE9BE
:1012A000F0470D4699469246044600F1240801682D
:1012B000880604D5E06921F01001216000E00120DA
:1012C000A84201DD471B00E00027A1697A1902EB63
:1012D0000900081AA0612078C00602D42046FFF752
:1012E000EAFB002608E0D4E901211AF8060090473D
:1012F000206A401C761C20624E45F4DB2078C00634
:101300000AD52046FFF7D7FB06E0D4E901213020BB
:101310009047206A401C2062381EA7F10107F4DCC8
:1013200007E0D4E9012118F805009047206A401C25
:101330002062281EA5F10105F3DC2046FFF7D1FB52
:101340002078000602D50220BDE8F0870120FBE7E7
:101350002DE9FF4F0C461E464FF0FF378BB0D2E908
:101360000001DDF860800A908A46C1F30A5505B98C
:101370003D46002108464FF00000BAF1000F00F48E
:10138000400005DA00EB80004FF4400101EA500014
:101390004FEA9059B9F1010F00DDB9460A9850EAB9
:1013A0004A000ED044F61050A5F2FF3545432F14E5
:1013B000B8F1000F1ED07542291E1EDDC9F10002D2
:1013C0001CE0B8F1010F4FF0000001D0302103E024
:1013D000F24305E02154401CB042FBDB30460022C2
:1013E000002121540B99C1F80880C1E900200FB0F9
:1013F000BDE8F08FBD1B6D1CDEE74A4600DA69428E
:1014000006A800F013FD06AB93E8070003AB83E8E2
:10141000070050460A9925F027FC8DE80700A0F543
:1014200000501F3800900398002D0ADD42F21F0182
:101430004A460844002303A90390684625F090FE1D
:1014400009E0A0F500504A461F38002303A9039085
:10145000684625F09AFE8DE807000004000C03D0D2
:101460004FF0FF30410800E01046B8F1000F03D004
:101470000022009215461EE0751E05D4FFF7CAFE35
:10148000303262556D1EF9D5B3460122084302D0B1
:1014900000227F1C04E02078302801D100227F1E2A
:1014A000002A099784D01DE0112D07DAFFF7B2FE5C
:1014B000303262556D1C50EA0102F5D1084302D06A
:1014C0000098C8B10EE00021681E05E0235C625C54
:1014D00063542254401E491C8142F7DBAB46A81BD3
:1014E000401E0990002004F80B000B98099AC0F8E0
:1014F0000880C0E9002B7AE711264FF0000857E773
:101500002DE9F04F88460446D21D22F0070191B024
:10151000D1E90001CDE90A0125F06EFF02460B98E2
:10152000C00F01D02D2007E02068810701D52B20B6
:1015300002E0202101EAC000032A099001D0072A15
:1015400005DB03464146204600F030FC0BE12078E5
:10155000800601D5E06900E00620B8F1650F8146FC
:1015600006D0B8F1660F18D0B8F1670F70D131E02E
:101570000020B9F1110F009001DB112301E009F106
:1015800001030AAA01A90CA8FFF7E2FEDDE90C702D
:10159000002609F10105834647E001204B460090F3
:1015A0004FF000470AAA01A90CA8FFF7D1FEDDE918
:1015B0000DB00C995D46002610B909F101000D1817
:1015C000B9EB050003D4C0F1FF3609F10105A5EB25
:1015D00009002BE0B9F1010F01DA4FF001090020F9
:1015E000B9F1110F0090484601DD112300E00346D8
:1015F0000AAA01A90CA8FFF7ABFEDDE90C704D4665
:1016000000268346207800070AD4AB4500DA5D4601
:1016100001A8012D04DD411911F8011C302907D062
:101620004F4502DA17F1040F04DA012082460FE079
:101630006D1EEEE7002F02DCED1B3E4403E0781C3C
:10164000A84200DD7D1CB81B00F1010A4FF00047E5
:101650002078000703D4AA4501DB4FF0FF3A0021B0
:10166000B7F1004F0DF143088DF8431024D002204C
:101670002B23002F01DA7F422D230A21021EA0F125
:10168000010000DC5FB197FBF1FC97FBF1F201FB7D
:101690001C7C17460CF1300C08F801CDEEE7A8F1E0
:1016A000010003702188090501D5452100E065216D
:1016B000A0F1010800F8011C09980FA9A1EB080787
:1016C000FF1D00B10120411901EBEA70A169384406
:1016D000081A401EA0612078C00602D42046FFF7F9
:1016E000EAF9099828B1D4E901219047206A401C01
:1016F00020622078C00622D52046FFF7DCF91EE0E4
:10170000002E04DBB34502DD01A8805D00E030203F
:10171000D4E901219047206A401C2062761CAAF17E
:1017200001005FEA000A0AD100F03CFBC0680168D2
:10173000405CD4E901219047206A401C2062281EA9
:10174000A5F10105DCDC07E0D4E9012118F8010B63
:101750009047206A401C2062381EA7F10107F3DC85
:101760002046FFF7BEF9032011B041E62DE9F04F06
:1017700004460D46D21D22F0070089B0D0E900973B
:101780004846394625F038FE0246F80F01D02D2391
:1017900007E02068810701D52B2302E0202101EA20
:1017A000C0038DF820300BB1012000E00020032A97
:1017B000824601D0072A04DB2946204600F0F6FACB
:1017C0003FE12078800601D40D2500E0E569C7F3EC
:1017D0000A560D2D49DA00214FEA175B08464FF0F3
:1017E0000000002F00F4400007DA00EB80004FF407
:1017F000400100EBD07001EA60008115012901DD94
:101800004FF0FF3100224FEA850CBCF1180F06D3D0
:101810001346ACF118004FF08052C24003E04FF481
:10182000801323FA0CF30CF10C0CBCF1200F04D341
:10183000ACF1200C09FA0CF001E007FA0CF00029D9
:101840004FF0004801DD18B90FE00ED140450CD330
:1018500019EB02095F4121B9404502D19F4329EAB2
:101860000209BBEB175F00D0761C2088000502D56B
:101870007B48784402E07A487844193808AA302333
:1018800002F80A30037C0AF10101002E0AF1020A73
:1018900053546A4602DC4FF0300101E04FF0310151
:1018A0004FF001088DF8001002D0A6F2FF3603E0D9
:1018B00059EA470100D06B4E002D02DC2178090760
:1018C00004D54FF002082E218DF80110C4460021E6
:1018D0000BE0C7F303433F01C35C491C6D1E02F8D4
:1018E0000830052908F1010801DA002DF1DC00219A
:1018F0000CE000EB1973491C1B786D1E082902F8D7
:1019000008304FEA091908F1010801DA002DF0DC6E
:1019100021688B0602D516E0A8F10108E04505DD37
:1019200002EB080313F8013C302BF5D0B8F1000F9F
:1019300009DD02EB080313F8013C2E2B03D1090744
:1019400001D4A8F10108002D05DD3E2102F80810A0
:101950006D1E08F10108407C002E02F8080008F115
:10196000010804DA2D20764202F8080002E02B205C
:1019700002F808000A214FF47A70864208F1010843
:101980000BDB96FBF0F3303302F8083096FBF0F3F4
:1019900008F1010800FB136601E0642E0CDB6420F3
:1019A00096FBF0F3303302F8083096FBF0F308F1C1
:1019B000010800FB136601E00A2E06DB96FBF1F03E
:1019C000303002F8080008F1010896FBF1F001FB45
:1019D0001060303002F80800A16908F1010808EB36
:1019E000050202EB0A00081AA0612078C00602D4A2
:1019F0002046FFF760F8216A08AE01EB0A0020627A
:101A000004E0D4E9012116F8010B9047BAF1010A6C
:101A1000F7D22078C00602D52046FFF74CF86E4674
:101A200009E016F8010B3E280FD0D4E901219047B8
:101A3000206A401C2062B8F10108F2D22046FFF76C
:101A400050F809B00320BDE8F08F206A28442062D6
:101A500003E0D4E90121302090476D1EEBD3F8E775
:101A60005A64020002FCFFFF01694A1C0261087807
:101A7000704700B58FB0CDE90131002105910549CE
:101A80007944CDE9031011466846FFF7F7F90FB026
:101A900000BD0000E5FFFFFF10B5436913B1AFF3D0
:101AA000008001E0FFF740F8012010BD127800F13E
:101AB00024010A7000224A700122EDE711684FF0FC
:101AC000FF32E9E710B5436913B1AFF3008001E0DD
:101AD000FFF7B6F8012010BD128800F124018284BE
:101AE0000022C2840122EDE711684FF0FF32E9E7DE
:101AF000007B00F08000704770B5C468A50713D064
:101B0000650211D4B2F5807F09D0B2F5007F06D00E
:101B1000B2F5806F08D1012300F1240106E05D1EBB
:101B20006FF07F46B54201D3012070BD0161C361F2
:101B3000416024F470611143C160002070BD000059
:101B40002DE9F0410C461646070047D0104600F03C
:101B50006FF82078611C61280AD0722802D077289B
:101B60003CD102E00125002405E00225042402E026
:101B7000082448F2020511F8010B2B2806D0622830
:101B800009D011F8010C74280AD00BE045F00305C8
:101B900044F00204EFE745F0040544F00104EAE7ED
:101BA00044F010043846214600F0C0F8411C15D01E
:101BB0000021316171604FF40071F560F161706175
:101BC000200704D530460222002100F093FA306D40
:101BD00040F0010030653046BDE8F0810020FBE7B1
:101BE0002DE9F0410D460646104C206DC10704D08A
:101BF000410804D020F00104F7E722460EE054200B
:101C0000FEF7DEFD07000ED0206D47F0010108430E
:101C1000542120653846FEF793FD3A462946304662
:101C2000BDE8F0418CE70020D6E7000098010024D1
:101C30002DE9F04704464FF0FF380026C568D4E987
:101C40000497A80718D0204600F010FB384600F093
:101C500077F8002800DA4646280502D54846FEF700
:101C6000DEFD4C212046FEF76BFD206D20F00100CB
:101C700020653046BDE8F0874046FBE72DE9F0419E
:101C800016460C46054600F085F8036893F80101F6
:101C9000012807D0FF2C12D8185D80B101202C70CC
:101CA000BDE8F081D3F807013246214603F207135D
:101CB000C7182846BC46BDE8F041002360474FF0F6
:101CC000FF30EDE710B50446AFF300802046BDE8D5
:101CD0001040FEF7CDBB002801D0FEF78DBE704747
:101CE00010B5002102A000F005FB012010BD00008E
:101CF000534947414252543A2041626E6F726D61BE
:101D00006C207465726D696E6174696F6E0000009D
:101D100010B500F009FBBDE81040FFF7DCBF10B5BF
:101D200000F01CFBBDE81040FFF7D5BF0EB5CDE9B4
:101D3000000100F063FB029069460120ABBE0EBDBE
:101D400008B5694600900220ABBE08BD1FB58DE8FE
:101D5000070069460520ABBE04B010BD1FB58DE875
:101D60000F0069460620ABBEF6E708B5694600904D
:101D70000920ABBE08BD1CB5CDE9000169460A20AB
:101D8000ABBE1CBD704708B5694600900C20ABBEC9
:101D900008BD000010B500F005F8001D10BD00BF23
:101DA000315E020000487047B40200242DE9F04182
:101DB0001F46044603260168072A01F4006004DB7D
:101DC00008B116A505E016A503E008B115A500E0C9
:101DD00015A521F010002060A069C01EA0610FB100
:101DE000401EA0612046FEF766FE4FB1D4E90121F6
:101DF00038469047206A401C2062C01C206206E0E2
:101E0000206AFAE7D4E9012115F8010B9047761E04
:101E1000F8D22046FEF765FEBDE8F0814E414E0047
:101E20006E616E00494E4600696E66002DE9F0470E
:101E3000814616468AB0354878440DC88DE80D00B5
:101E400032487844801C03AC0DC884E80D0041F68C
:101E50009B300844372190FBF1F290FBF1F5A5F19E
:101E6000800501FB12041B3C02D56442012000E006
:101E70000020DFF898A080460027FA44AAF1BE0AA5
:101E80000EE0E0070AD03246684607EB470101231F
:101E90000AEB810125F079F98DE8070064107F1CB9
:101EA000002CEED1194F7F44AE3F19E0E80715D062
:101EB00007EB04100DF1180A90E80E008AE80E00F6
:101EC000C068F04201D1981908903246012306A952
:101ED00003A825F05AF903AB83E807006D10641CD2
:101EE000002DE3D14FF0010332466946B8F1000FEF
:101EF00003A802D025F034F901E025F046F9C9E93C
:101F00000001C9F808200AB0BDE8F087245F02008C
:101F10002DE9F05F054617460C46C86820F42010EE
:101F200040F48000C860800602D5084600F0C1F980
:101F3000E06841F282014FF0FF3A0140022903D0EC
:101F4000204600F053F9B9E000F42041B1F5004F0C
:101F50000FD1C00306D56168E06A884200D8084600
:101F6000606006E02069E06260606069FFF70BFF77
:101F7000A061A0680022EEB200280DDAE1688B05AE
:101F80000AD4C043A06041F490302260E0606068F1
:101F9000411C61600670AAE0E0689146226040F44E
:101FA0000050E060206978BB6069FFF7DEFE04F155
:101FB00024054FF00108A8B1A08910F4407F08D093
:101FC000E069FEF7FDFB206118B1E06840F40060B5
:101FD00017E0C4F81C802561E06820F4407040F4EC
:101FE00080600EE0E069FEF7EBFB00282061F0D096
:101FF000E06840F4006010F4407FE06002D140F4FB
:102000008070E06020696060E06825696FF0010B16
:10201000C1051ED56168E06A884200D80846411BA8
:1020200004D02246284600F0EBF8E8BB1FB1E56279
:10203000C4E9015959E0681CE0626060E069401E33
:10204000A060E06840F48030E06030462E70BDE86B
:10205000F09F17B100F480320AE06068411C6160B3
:102060000670E0680A2E40F48030E06006D000225E
:10207000E16A6068814203D90B4602E00122F7E77A
:102080000346B4F80CC05B1B5FEA4C5C04D4D4F884
:102090001CC09C4500DD02B3814200D80146002BE4
:1020A000A1EB0008E56200E008E0C4E9015907DDA2
:1020B00022461946284600F0A3F808B15046C6E764
:1020C000B8F1000F09D0A169E5626560A1EB0800D5
:1020D000A061E06840F01000E06047B16168A0696D
:1020E000E562491B08446560A0615846AFE7304689
:1020F000ADE700002DE9F041044616460D4647695C
:10210000007B80072ED03846FFF72FFE50BB3EB332
:10211000012E02D0022E25D104E0204600F04DF918
:1021200005441DE03846FFF72EFEE168002841F027
:102130001001E16005DA204600F058F80120BDE802
:10214000F081C9030BD56268E16A914200D811465B
:10215000A26911442269891A814200DD08460544BA
:10216000002D01DA0220EAE7E16A6068E268814254
:1021700006D29103E06203D522F4003141F010024F
:10218000A6690027AE4213DCE16A814201D90B4601
:1021900000E0034603EB060C2369ACEB030CAC45F3
:1021A00006DD814201D98C4600E084469C4505D17C
:1021B000A760276042F02000A5620DE0AD1BE66934
:1021C000AE1B8142A66000D90846C01A281A2060BA
:1021D0005819606022F0200003490840E0600020A8
:1021E00084F84870ABE70000BFCFD7FFC16821F487
:1021F000001141F08001C1600021816001607047E1
:102200002DE9F74F15460C464FF0FF3B3848D7688D
:10221000D2F814A0074209D05046A969FFF7ABFDD8
:10222000002819DB3248C0430740EF604FF00049F7
:102230006FF000484C4501D3464600E02646009921
:102240003B4650463246FFF781FDA96920F0004227
:10225000B21A1144A96128B12846FFF7C7FF5846B2
:10226000BDE8FE8FA41BE5D10020F9E770B5044658
:102270000569C06A6168884200D80846E16821F4AF
:102280002011E160C90312D5A84208D02246411BA3
:102290002846FFF7B5FF10B14FF0FF3070BD0020AA
:1022A000E562C4E90150E06820F48030E06000207D
:1022B00070BD10B50446C06820F02000E060A16A3F
:1022C000A06988420DD02046FFF7D0FFE06820F4D7
:1022D000405040F01000E060A06AA0612069E06218
:1022E000606044F24001E0688843E06010BD000097
:1022F0001000020070B505460C460A2000E06D1C77
:1023000000F054F835B128780028F8D102E0641CB8
:1023100000F04CF814B120780028F8D1BDE87040E6
:102320000A2000F043B8000010B5014602A0FFF7F4
:10233000E1FF012010BD000053494752545245446B
:102340003A2052656469726563743A2063616E274E
:1023500074206F70656E3A200000000010B50128EF
:1023600005D0002103A0FFF7C5FF012010BD09A182
:10237000F8E7000053494752544D454D3A204F75F8
:1023800074206F662068656170206D656D6F72796D
:10239000000000003A2048656170206D656D6F7225
:1023A0007920636F727275707465640008B5694650
:1023B0008DF800000320ABBE08BD10B50146C26811
:1023C000900703D0900607D5886A0AE0FEF722FB43
:1023D00001210160881E10BD8B69486818440B6993
:1023E000C01A91F848301BB191F84910401A10BD3D
:1023F0001103FCD50028FADD401E10BD10B5431CAA
:1024000002E010F8011B71B18107FAD14FF00132DF
:1024100002C88C1A8C4314EAC211F9D0C01A0A06F9
:1024200003D0C01E10BDC01A10BD0A0401D0801E0A
:1024300010BD0902FCD0401E10BD000000000000CD
:1024400030B44FF0013C50F8042BCCFA52F451F860
:10245000043BD51A20D1FCB950F8042BCCFA52F425
:1024600051F8043BD51A17D1B4B950F8042BCCFA63
:1024700052F451F8043BD51A0ED16CB950F8042B24
:10248000CCFA52F451F8043BD51A05D1002CDAD01D
:1024900030BC4FF00000704729BAB1FA81F111F059
:1024A0001801D1F120008440F2D1CA40CB4012F093
:1024B000FF0213F0FF0330BCD01A70470000000089
:1024C000FFE7FEE70000000080B58EB00CA880EDAD
:1024D000010AC0ED000A06A90846083102910390DE
:1024E000FFE70399029A002001F8010B0846914288
:1024F0000390F6D1FFE7002008908DF824000A90A1
:102500008DF82C008DF82D0040F202310891082141
:102510008DF824108DF82C008DF82D000D98069064
:102520000C9807901AF0A8FE0590059801688A6833
:1025300001210191904701680A6906A99047014667
:1025400001988DF813109DF8131088430EB080BDCC
:1025500080B58CB0ADF82E0005A908460831019170
:102560000290FFE70299019A002001F8010B08464A
:1025700091420290F6D1FFE7002007908DF82000ED
:1025800009908DF828008DF8290040F20531079157
:1025900002218DF820108DF828008DF82900BDF853
:1025A0002E00ADF814001AF067FE0490049801683C
:1025B0008A6801210091904701680A6905A990473E
:1025C000014600988DF80F109DF80F1088430CB04D
:1025D00080BD00000000000080B58EB08DF837008F
:1025E0008DF8361007A90846083102910390FFE7DD
:1025F0000399029A002001F8010B084691420390CA
:10260000F6D1FFE7002009908DF828000B908DF897
:1026100030008DF8310040F20331099102218DF82C
:1026200028108DF830008DF831009DF837108DF8A6
:102630001A109DF836108DF81B1008900790BDF801
:102640001A00ADF81C001AF017FE059005980168F5
:102650008A6801210191904701680A6907A990479A
:10266000014601988DF813109DF8131088430EB0A1
:1026700080BD00000000000084B08DF80F000291C2
:10268000ADF806209DF80F000146009123281DD8C3
:102690000099DFE801F012131415161B1B1B1B1BFE
:1026A0001B1B1B1B1B1B1B1B1B1B1B1B1B1B1B1B7A
:1026B0001B1B1B1B1B1B1718191A08E007E006E061
:1026C00005E004E003E002E001E000E0FFE70020B5
:1026D00004B07047000000000020704700000000B8
:1026E00080B582B041F69C70C2F20040009040F686
:1026F0006471C2F200410022019211F075F8009855
:1027000040F26471C2F2004111F04EF8019802B03B
:1027100080BD00000000000080B584B003900291ED
:1027200003980299096814F02BF8039941F69C70FC
:10273000C2F20040019011F037F8019810F0D8FF74
:10274000002004B080BD000083B0029001918DF89C
:10275000032000208DF802009DF9020003B07047AD
:1027600080B586B00490ADF80E1000208DF80D00F5
:1027700041F69C70C2F20040D0F8BC020290029870
:10278000D0F8140220B1FFE701208DF8170013E004
:102790000499BDF80E2041F69C70C2F200400190F1
:1027A00011F022F8019811F02BF98DF80D009DF829
:1027B0000D008DF81700FFE79DF8170006B080BDEB
:1027C00080B586B000200590FFE70598032800F348
:1027D0008880FFE7059801308DF813009DF81310ED
:1027E00041F66040C2F20040029019F0F5FC0298F8
:1027F000059A41F66011C2F20041039101EB4211CA
:1028000081ED070A9DF8131019F0BEFC0298039998
:10281000059A01EB421181ED000A9DF8131019F0A1
:10282000C7FC0398059900EB411080ED010A9DF863
:102830001300012812D1FFE79DF8131041F6604004
:10284000C2F2004019F0F0FC059941F66010C2F2A6
:10285000004000EB411080ED020A11E09DF81310DA
:1028600041F66040C2F2004019F0DEFC059941F6E5
:102870006010C2F2004000EB411080ED020AFFE759
:102880009DF8131041F66040C2F20040009019F02C
:10289000DFFC0098059A41F66011C2F200410191F7
:1028A00001EB421181ED030A9DF8131019F058FC59
:1028B00000980199059A01EB421181ED040A9DF8F7
:1028C000131019F09DFC0199BCEEC00A10EE100A1D
:1028D000059A01EB42110876FFE705980130059053
:1028E00073E706B080BD000080B542F27820C2F2E6
:1028F000004001F0E5FF80BD80B542F2F020C2F259
:10290000004001F0DDFF80BD80B542F26830C2F2C8
:10291000004001F0D5FF80BD80B542F2D040C2F248
:10292000004001F0CDFF80BD80B542F24850C2F2B8
:10293000004001F0C5FF80BD80B542F2E030C2F238
:10294000004001F0BDFF80BD80B542F25840C2F2A8
:10295000004001F0B5FF80BD80B542F2C050C2F228
:10296000004001F0ADFF80BD80B542F23860C2F298
:10297000004001F0A5FF80BD80B542F2B060C2F218
:10298000004001F09DFF80BD80B542F22870C2F288
:10299000004001F095FF80BD83B00290029801686D
:1029A00001201022C4F202029142009000F0A380A4
:1029B000FFE70298016801202822C4F20202914236
:1029C000009000F09880FFE7029801680120402203
:1029D000C4F202029142009000F08D80FFE702985D
:1029E000016801205822C4F202029142009000F0D6
:1029F0008280FFE70298016801207022C4F202027F
:102A00009142009077D0FFE7029801680120882268
:102A1000C4F20202914200906DD0FFE70298016873
:102A20000120A022C4F202029142009063D0FFE78D
:102A3000029801680120B822C4F20202914200907B
:102A400059D0FFE702980168012040F21042C4F219
:102A50000202914200904ED0FFE7029801680120E7
:102A600040F22842C4F202029142009043D0FFE7B4
:102A700002980168012040F24042C4F202029142F1
:102A8000009038D0FFE702980168012040F25842D8
:102A9000C4F20202914200902DD0FFE70298016833
:102AA000012040F27042C4F202029142009022D012
:102AB000FFE702980168012040F28842C4F2020256
:102AC0009142009017D0FFE702980168012040F280
:102AD000A042C4F20202914200900CD0FFE702989B
:102AE00000684FF64831CBF6FD710844B0FA80F02B
:102AF00040090090FFE70098C00740B3FFE7029845
:102B0000007810384AF6AB21CAF6AA21A0FB0110C2
:102B100000090190019800F0070147F61C60C0F61B
:102B20000200405C0299C8650198042807D3FFE7BA
:102B300002990868042262F30900886506E0029998
:102B4000086840F2FF3290438865FFE705E002998C
:102B5000086820F0FF008865FFE70298806D03B0E9
:102B6000704700000000000084B0039003980068E4
:102B7000019003980168012045F20842C5F602025F
:102B8000914200904ED0FFE703980168012045F282
:102B90001C42C5F602029142009043D0FFE7039821
:102BA0000168012045F23042C5F6020291420090D0
:102BB00038D0FFE703980168012045F24442C5F68A
:102BC0000202914200902DD0FFE703980168012096
:102BD00045F25842C5F602029142009022D0FFE72A
:102BE00003980168012045F26C42C5F60202914249
:102BF000009017D0FFE703980168012045F280425A
:102C0000C5F60202914200900CD0FFE703980068DD
:102C10004AF66C31CAF2FD710844B0FA80F04009FE
:102C20000090FFE70098C00710B3FFE70398007813
:102C300008384CF6CD41CCF6CC41A0FB0110000980
:102C40000290029945F60000C5F6020000EB8100F3
:102C500003990866039945F68000C5F602004866A8
:102C6000029800F01F01012088400399886635E032
:102C70000398007810384AF6AB21CAF6AA21A0FBC7
:102C8000011000090290019840F2B841C4F202011B
:102C900088420CD8FFE7019840F21041C4F20201CB
:102CA000884204D3FFE7029808300290FFE70299B8
:102CB00040F60000C4F2020000EB810003990866B0
:102CC000039940F68000C4F202004866029800F0C2
:102CD0001F010120884003998866FFE704B0704710
:102CE00083B002900298007901900198002800F0CA
:102CF0008A80FFE70198082800F28580FFE70298A4
:102D00000168012045F20842C5F602029142009096
:102D10004ED0FFE702980168012045F21C42C5F63B
:102D200002029142009043D0FFE70298016801201F
:102D300045F23042C5F602029142009038D0FFE7DA
:102D400002980168012045F24442C5F60202914210
:102D500000902DD0FFE702980168012045F258420B
:102D6000C5F602029142009022D0FFE70298016866
:102D7000012045F26C42C5F602029142009017D044
:102D8000FFE702980168012045F28042C5F6020281
:102D9000914200900CD0FFE7029800684AF66C312F
:102DA000CAF2FD710844B0FA80F040090090FFE7D4
:102DB0000098C00780B1FFE7019945F6FC00C5F611
:102DC000020000EB81000299C866029945F64010A6
:102DD000C5F6020008670FE0019940F6FC00C4F256
:102DE000020000EB81000299C866029940F640108B
:102DF000C4F202000867FFE70198411E01208840E5
:102E000002994867FFE703B0704700000000000028
:102E100085B0049000208DF80F000498806918BBDD
:102E2000FFE70498806A029003281BD80299DFE824
:102E300001F0020D0218049890F82F00C00720B18D
:102E4000FFE701208DF80F00FFE70CE00498C06A4F
:102E5000B0F1C07F04D1FFE701208DF80F00FFE73C
:102E600001E000E0FFE747E004988069B0F5005F0B
:102E700026D1FFE70498806A019003281ED80199A3
:102E8000DFE801F00206021101208DF80F0016E0C4
:102E9000049890F82F00C00720B1FFE701208DF8BB
:102EA0000F00FFE70BE00498C06AB0F1C07F04D1C7
:102EB000FFE701208DF80F00FFE700E0FFE71AE0D1
:102EC0000498806A0090032804D3FFE70098032841
:102ED00004D00EE001208DF80F000BE0049890F86C
:102EE0002F00C00720B1FFE701208DF80F00FFE79A
:102EF00000E0FFE7FFE7FFE79DF80F0005B0704730
:102F000089B008900791069205930898806D049007
:102F10000898806D03900898016801201022C4F27F
:102F200002029142029000F00381FFE708980168D5
:102F300001202822C4F202029142029000F0F8809F
:102F4000FFE70898016801204022C4F20202914282
:102F5000029000F0ED80FFE70898016801205822F8
:102F6000C4F202029142029000F0E280FFE708986A
:102F7000016801207022C4F202029142029000F026
:102F8000D780FFE70898016801208822C4F2020276
:102F90009142029000F0CC80FFE708980168012080
:102FA000A022C4F202029142029000F0C180FFE729
:102FB000089801680120B822C4F2020291420290EE
:102FC00000F0B680FFE708980168012040F2104247
:102FD000C4F202029142029000F0AA80FFE7089832
:102FE0000168012040F22842C4F20202914202909C
:102FF00000F09E80FFE708980168012040F24042FF
:10300000C4F202029142029000F09280FFE7089819
:103010000168012040F25842C4F20202914202903B
:1030200000F08680FFE708980168012040F27042B6
:10303000C4F20202914202907AD0FFE70898016838
:10304000012040F28842C4F20202914202906FD005
:10305000FFE708980168012040F2A042C4F2020292
:103060009142029064D0FFE708980168012040F285
:10307000B842C4F202029142029059D0FFE7089888
:103080000168012045F20842C5F602029142029011
:103090004ED0FFE708980168012045F21C42C5F6B2
:1030A00002029142029043D0FFE708980168012094
:1030B00045F23042C5F602029142029038D0FFE755
:1030C00008980168012045F24442C5F60202914287
:1030D00002902DD0FFE708980168012045F2584280
:1030E000C5F602029142029022D0FFE708980168DB
:1030F000012045F26C42C5F602029142029017D0BF
:10310000FFE708980168012045F28042C5F60202F7
:10311000914202900CD0FFE7089800684AF66C31A3
:10312000CAF2FD710844B0FA80F040090290FFE74E
:103130000298C00770B1FFE70898416E806E486042
:103140000898C06E28B1FFE70898016F406F48608B
:10315000FFE7FFE70898016801201022C4F202028D
:103160009142019000F0A380FFE7089801680120D8
:103170002822C4F202029142019000F09880FFE7F9
:103180000898016801204022C4F202029142019095
:1031900000F08D80FFE70898016801205822C4F2F2
:1031A00002029142019000F08280FFE708980168D6
:1031B00001207022C4F202029142019077D0FFE711
:1031C0000898016801208822C4F20202914201900D
:1031D0006DD0FFE7089801680120A022C4F2020226
:1031E0009142019063D0FFE7089801680120B8225E
:1031F000C4F202029142019059D0FFE70898016899
:10320000012040F21042C4F20202914201904ED0DD
:10321000FFE708980168012040F22842C4F2020248
:103220009142019043D0FFE708980168012040F2E5
:103230004042C4F202029142019038D0FFE7089860
:103240000168012040F25842C4F20202914201900A
:103250002DD0FFE708980168012040F27042C4F2C7
:1032600002029142019022D0FFE7089801680120F4
:1032700040F28842C4F202029142019017D0FFE767
:1032800008980168012040F2A042C4F20202914273
:1032900001900CD0FFE7089800684FF64831CBF654
:1032A000FD710844B0FA80F040090190FFE70198F1
:1032B000C00750B3FFE70898C06D00F01F013F2022
:1032C00088400499886008980168086820F4802084
:1032D000086005980899096848600898806840283F
:1032E00009D1FFE706980899096888600798089946
:1032F0000968C86008E00798089909688860069816
:1033000008990968C860FFE782E008980168012011
:1033100045F20842C5F60202914200904ED0FFE706
:1033200008980168012045F21C42C5F6020291424C
:10333000009043D0FFE708980168012045F2304231
:10334000C5F602029142009038D0FFE70898016864
:10335000012045F24442C5F60202914200902DD070
:10336000FFE708980168012045F25842C5F60202BD
:103370009142009022D0FFE708980168012045F2B1
:103380006C42C5F602029142009017D0FFE7089800
:103390000168012045F28042C5F602029142009088
:1033A0000CD0FFE7089800684AF66C31CAF2FD714C
:1033B0000844B0FA80F040090090FFE70098C00789
:1033C00020B3FFE70898C06D00F01F01012088407E
:1033D00003994860059808990968486008988068CA
:1033E000402809D1FFE7069808990968886007987E
:1033F00008990968C86008E0079808990968886012
:10340000069808990968C860FFE700E0FFE7FFE752
:1034100009B0704700000000704700000000000085
:1034200081B0EFF3108072B60090FFE7FEE7000076
:1034300044F60C01C5F60201086840F0020008607D
:10344000FFE744F60400C5F6020000688004002887
:1034500001D4FFE7F5E7704780B542F2A070C2F2F1
:10346000004003F0B9FE80BD80B542F2A070C2F208
:10347000004003F0B1FE80BD80B542F64000C2F2CC
:10348000004003F0A9FE80BD80B542F64000C2F2C4
:10349000004003F0A1FE80BD80B542F6E000C2F21C
:1034A000004003F099FE80BD80B542F6E000C2F214
:1034B000004003F091FE80BD84B002900298406B02
:1034C000009002980068D0F884004FF6FC718843A1
:1034D000009940EA810002990968C1F884000298C5
:1034E0000068D0F8840020F47F00029A1168926B83
:1034F00040EA0240C1F884000298816B00980844B9
:10350000009002980068D0F888006FF38F0000994F
:1035100040EA810002990968C1F8880002980068B1
:10352000D0F8880020F4FE00029A1168D26B40EABD
:103530000240C1F888000298C16B009800EB41007E
:10354000009002980068D0F8A0006FF38F000099F7
:1035500040EA810002990968C1F8A0000298006859
:10356000D0F8A00020F4FE00029A1168126C40EA24
:103570000240C1F8A0000299086C496C009A00FB57
:103580000120009002980068D0F8B0006FF38F001F
:10359000009940EA810002990968C1F8B0000298D8
:1035A0000068D0F8B00020F4FE00029A1168926C16
:1035B00040EA0240C1F8B0000299886CC96C009AD8
:1035C00000FB0120009002980068D0F8AC006FF377
:1035D0008F00009940EA810002990968C1F8AC00A7
:1035E0000299086D496D009A00FB01200090029835
:1035F0000068D0F8F0006FF38F00009940EA810076
:1036000002990968C1F8F00002980068D0F8F0004B
:1036100020F47C10029A1168926D40EA0240C1F8D1
:10362000F0000298816D009800EB41000090029834
:103630000068D0F8C0006FF38F00009940EA810065
:1036400002990968C1F8C00002980068D0F8C0006B
:1036500020F47C10029A1168D26D40EA0240C1F851
:10366000C00002980068D0F8C00020F07C50029A98
:103670001168126E40EA0260C1F8C00002994A6BFC
:103680004AF60040C4F2000000EB8200C8660299CE
:103690008A6BC86E00EB820008670299CA6B086FDC
:1036A00000EBC200486702990A6C4B6C486F5A43A2
:1036B00000EB8200886702998A6CCB6C886F5A4352
:1036C00000EB8200C86702990A6D4B6DC86F5A43C0
:1036D00000EB8200C1F8800002998A6DD1F8800069
:1036E00000EBC200C1F884000299CA6D8B6ED1F85C
:1036F00084005A4300EB8200C1F8880002990A6EE8
:103700008B6ED1F888005A4300EB8200C1F890001C
:103710000298D0F890004DF2FD31C4F200018842C9
:103720000FD3FFE70299D1F89C0040F02000C1F8C8
:103730009C000299032081F8980001208DF80F0069
:1037400017E00298C06E0190FFE701980299D1F846
:103750009010884208D2FFE7019900200860FFE737
:10376000019804300190F0E7FFE700208DF80F008A
:10377000FFE79DF80F0004B0704700000000000054
:1037800088B007900691059204930698406848B95E
:10379000FFE70698016882680069104340EA8140AB
:1037A000039009E0069801688268006910430843A5
:1037B00040F080400390FFE70698D0F820C0C16831
:1037C00042698369C06940EA0C601843104340EACB
:1037D000014002900798826ED0F88400049951430A
:1037E00000EB810001900398019908600198043072
:1037F000019002980199086001980430019000201E
:103800000090FFE700980699CA6847F60C61C0F679
:103810000201895C88420DD2FFE705980099405863
:1038200001990860019804300190FFE70098043086
:103830000090E7E708B0704780B584B04EF600000E
:10384000C1F6F170006803904EF60400C1F6F17005
:10385000006802904EF60800C1F6F1700068019011
:103860000199039808440390039888B1FFE70398EF
:1038700040F2EC01C2F200410091023108220BF04B
:1038800083FC00990298123104220BF07DFCFFE7C3
:1038900004B080BD0000000080B58AB0089004F03C
:1038A00043FD0490089828B9FFE701208DF8270010
:1038B00000F0AABC089890F8350002280ED0FFE767
:1038C000089980204865FFE70899002081F83400B6
:1038D000FFE701208DF8270000F096BC08980168EA
:1038E00001201022C4F202029142039000F0A38052
:1038F000FFE70898016801202822C4F202029142E1
:10390000039000F09880FFE70898016801204022AA
:10391000C4F202029142039000F08D80FFE7089804
:10392000016801205822C4F202029142039000F083
:103930008280FFE70898016801207022C4F2020229
:103940009142039077D0FFE7089801680120882210
:10395000C4F20202914203906DD0FFE7089801681B
:103960000120A022C4F202029142039063D0FFE73B
:10397000089801680120B822C4F202029142039023
:1039800059D0FFE708980168012040F21042C4F2C4
:103990000202914203904ED0FFE70898016801208F
:1039A00040F22842C4F202029142039043D0FFE762
:1039B00008980168012040F24042C4F2020291429C
:1039C000039038D0FFE708980168012040F2584280
:1039D000C4F20202914203902DD0FFE708980168DB
:1039E000012040F27042C4F202029142039022D0C0
:1039F000FFE708980168012040F28842C4F2020201
:103A00009142039017D0FFE708980168012040F227
:103A1000A042C4F20202914203900CD0FFE7089842
:103A200000684FF64831CBF6FD710844B0FA80F0DB
:103A300040090390FFE70398C00780B1FFE70898AB
:103A40000168086820F01E0008600898016848694D
:103A500020F08000486108980068059009E0089807
:103A60000168086820F00E0008600898006805905A
:103A7000FFE70898016801201022C4F20202914277
:103A8000029000F00381FFE70898016801202822D6
:103A9000C4F202029142029000F0F880FFE7089819
:103AA000016801204022C4F202029142029000F01B
:103AB000ED80FFE70898016801205822C4F2020255
:103AC0009142029000F0E280FFE70898016801202F
:103AD0007022C4F202029142029000F0D780FFE708
:103AE0000898016801208822C4F2020291420290E3
:103AF00000F0CC80FFE7089801680120A022C4F202
:103B000002029142029000F0C180FFE7089801682C
:103B10000120B822C4F202029142029000F0B68065
:103B2000FFE708980168012040F21042C4F2020247
:103B30009142029000F0AA80FFE7089801680120F6
:103B400040F22842C4F202029142029000F09E80AC
:103B5000FFE708980168012040F24042C4F20202E7
:103B60009142029000F09280FFE7089801680120DE
:103B700040F25842C4F202029142029000F0868064
:103B8000FFE708980168012040F27042C4F2020287
:103B9000914202907AD0FFE708980168012040F234
:103BA0008842C4F20202914202906FD0FFE7089867
:103BB0000168012040F2A042C4F202029142029048
:103BC00064D0FFE708980168012040F2B842C4F2CF
:103BD00002029142029059D0FFE708980168012043
:103BE00045F20842C5F60202914202904ED0FFE72C
:103BF00008980168012045F21C42C5F60202914274
:103C0000029043D0FFE708980168012045F2304256
:103C1000C5F602029142029038D0FFE70898016889
:103C2000012045F24442C5F60202914202902DD095
:103C3000FFE708980168012045F25842C5F60202E4
:103C40009142029022D0FFE708980168012045F2D6
:103C50006C42C5F602029142029017D0FFE7089825
:103C60000168012045F28042C5F6020291420290AD
:103C70000CD0FFE7089800684AF66C31CAF2FD7173
:103C80000844B0FA80F040090290FFE70298C007AC
:103C900038B1FFE70898016E086820F4807008606A
:103CA000FFE7089800681021C4F20201884200F082
:103CB0008180FFE7089800682821C4F20201884249
:103CC00078D0FFE7089800684021C4F202018842DA
:103CD00070D0FFE7089800685821C4F202018842BA
:103CE00068D0FFE7089800687021C4F2020188429A
:103CF00060D0FFE7089800688821C4F2020188427A
:103D000058D0FFE708980068A021C4F20201884259
:103D100050D0FFE708980068B821C4F20201884239
:103D200048D0FFE70898006840F21041C4F2020151
:103D300088423FD0FFE70898006840F22841C4F26B
:103D40000201884236D0FFE70898006840F24041FF
:103D5000C4F2020188422DD0FFE70898006840F2C3
:103D60005841C4F20201884224D0FFE70898006855
:103D700040F27041C4F2020188421BD0FFE708986C
:103D8000006840F28841C4F20201884212D0FFE785
:103D90000898006840F2A041C4F20201884209D0AC
:103DA000FFE70898006840F2B841C4F20201884277
:103DB00007D1FFE708980168086820F00100086053
:103DC00006E008980168086820F001000860FFE735
:103DD000FFE705980068C007C8B1FFE704F0A4FA40
:103DE0000499401A062811D3FFE708992020486556
:103DF0000899032081F83500FFE70899002081F831
:103E00003400FFE701208DF82700FDE1E1E7089885
:103E1000016801201022C4F202029142019000F0D8
:103E2000A380FFE70898016801202822C4F202025B
:103E30009142019000F09880FFE708980168012006
:103E40004022C4F202029142019000F08D80FFE70F
:103E50000898016801205822C4F2020291420190A0
:103E600000F08280FFE70898016801207022C4F208
:103E700002029142019077D0FFE708980168012083
:103E80008822C4F20202914201906DD0FFE70898A7
:103E900001680120A022C4F202029142019063D085
:103EA000FFE7089801680120B822C4F2020291429B
:103EB000019059D0FFE708980168012040F21042B4
:103EC000C4F20202914201904ED0FFE708980168C7
:103ED000012040F22842C4F202029142019043D0F4
:103EE000FFE708980168012040F24042C4F2020254
:103EF0009142019038D0FFE708980168012040F214
:103F00005842C4F20202914201902DD0FFE7089876
:103F10000168012040F27042C4F202029142019015
:103F200022D0FFE708980168012040F28842C4F2DD
:103F300002029142019017D0FFE708980168012022
:103F400040F2A042C4F20202914201900CD0FFE77D
:103F5000089800684FF64831CBF6FD710844B0FA76
:103F600080F040090190FFE70198C00760B1FFE7CA
:103F70000898806D07900898C06D00F01F013F20E1
:103F80008840079988600BE00898806D0690089833
:103F9000C06D00F01F010120884006994860FFE7CE
:103FA0000898016801201022C4F202029142009098
:103FB00000F00381FFE70898016801202822C4F27D
:103FC00002029142009000F0F880FFE70898016833
:103FD00001204022C4F202029142009000F0ED80E4
:103FE000FFE70898016801205822C4F202029142BA
:103FF000009000F0E280FFE708980168012070223D
:10400000C4F202029142009000F0D780FFE70898C6
:10401000016801208822C4F202029142009000F05F
:10402000CC80FFE7089801680120A022C4F20202B8
:104030009142009000F0C180FFE7089801680120DC
:10404000B822C4F202029142009000F0B680FFE76D
:1040500008980168012040F21042C4F20202914225
:10406000009000F0AA80FFE708980168012040F264
:104070002842C4F202029142009000F09E80FFE7C5
:1040800008980168012040F24042C4F202029142C5
:10409000009000F09280FFE708980168012040F24C
:1040A0005842C4F202029142009000F08680FFE77D
:1040B00008980168012040F27042C4F20202914265
:1040C00000907AD0FFE708980168012040F288420A
:1040D000C4F20202914200906FD0FFE70898016895
:1040E000012040F2A042C4F202029142009064D04A
:1040F000FFE708980168012040F2B842C4F20202CA
:104100009142009059D0FFE708980168012045F2DC
:104110000842C5F60202914200904ED0FFE708988F
:104120000168012045F21C42C5F60202914200904E
:1041300043D0FFE708980168012045F23042C5F6F8
:1041400002029142009038D0FFE7089801680120F0
:1041500045F24442C5F60202914200902DD0FFE79D
:1041600008980168012045F25842C5F602029142C2
:10417000009022D0FFE708980168012045F26C42C8
:10418000C5F602029142009017D0FFE70898016837
:10419000012045F28042C5F60202914200900CD007
:1041A000FFE7089800684AF66C31CAF2FD710844CE
:1041B000B0FA80F040090090FFE70098C007A0B176
:1041C000FFE70898416E806E48600898C06E58B14D
:1041D000FFE70898C16E086820F4807008600898AE
:1041E000016F406F4860FFE7FFE70899012081F801
:1041F0003500FFE70899002081F83400FFE7FFE76A
:1042000000208DF82700FFE79DF827000AB080BD49
:1042100080B586B00490049820B9FFE701208DF89E
:10422000170046E3049890F83500022807D0FFE70E
:1042300004998020486501208DF8170039E304981F
:10424000016801201022C4F202029142029000F0A3
:10425000A380FFE70498016801202822C4F202022B
:104260009142029000F09880FFE7049801680120D5
:104270004022C4F202029142029000F08D80FFE7DA
:104280000498016801205822C4F20202914202906F
:1042900000F08280FFE70498016801207022C4F2D8
:1042A00002029142029077D0FFE704980168012052
:1042B0008822C4F20202914202906DD0FFE7049876
:1042C00001680120A022C4F202029142029063D050
:1042D000FFE7049801680120B822C4F2020291426B
:1042E000029059D0FFE704980168012040F2104283
:1042F000C4F20202914202904ED0FFE70498016896
:10430000012040F22842C4F202029142029043D0BE
:10431000FFE704980168012040F24042C4F2020223
:104320009142029038D0FFE704980168012040F2E2
:104330005842C4F20202914202902DD0FFE7049845
:104340000168012040F27042C4F2020291420290E0
:1043500022D0FFE704980168012040F28842C4F2AD
:1043600002029142029017D0FFE7049801680120F1
:1043700040F2A042C4F20202914202900CD0FFE748
:10438000049800684FF64831CBF6FD710844B0FA46
:1043900080F040090290FFE70298C007002800F073
:1043A0009D80FFE70499042081F835000498006897
:1043B0001021C4F20201884200F08180FFE70498D6
:1043C00000682821C4F20201884278D0FFE70498EF
:1043D00000684021C4F20201884270D0FFE70498CF
:1043E00000685821C4F20201884268D0FFE70498AF
:1043F00000687021C4F20201884260D0FFE704988F
:1044000000688821C4F20201884258D0FFE704986E
:104410000068A021C4F20201884250D0FFE704984E
:104420000068B821C4F20201884248D0FFE704982E
:10443000006840F21041C4F2020188423FD0FFE719
:104440000498006840F22841C4F20201884236D044
:10445000FFE70498006840F24041C4F2020188423C
:104460002DD0FFE70498006840F25841C4F20201E1
:10447000884224D0FFE70498006840F27041C4F2FB
:10448000020188421BD0FFE70498006840F288418F
:10449000C4F20201884212D0FFE70498006840F29B
:1044A000A041C4F20201884209D0FFE704980068E5
:1044B00040F2B841C4F20201884207D1FFE70498F4
:1044C0000168086820F00100086006E004980168AF
:1044D000086820F001000860FFE7E5E10498016842
:1044E000086820F00E000860049800681021C4F2EB
:1044F0000201884200F08180FFE7049800682821CB
:10450000C4F20201884278D0FFE704980068402195
:10451000C4F20201884270D0FFE704980068582175
:10452000C4F20201884268D0FFE704980068702155
:10453000C4F20201884260D0FFE704980068882135
:10454000C4F20201884258D0FFE704980068A02115
:10455000C4F20201884250D0FFE704980068B821F5
:10456000C4F20201884248D0FFE70498006840F294
:104570001041C4F2020188423FD0FFE7049800686E
:1045800040F22841C4F20201884236D0FFE7049885
:10459000006840F24041C4F2020188422DD0FFE79A
:1045A0000498006840F25841C4F20201884224D0C5
:1045B000FFE70498006840F27041C4F202018842AB
:1045C0001BD0FFE70498006840F28841C4F2020162
:1045D000884212D0FFE70498006840F2A041C4F27C
:1045E0000201884209D0FFE70498006840F2B84110
:1045F000C4F20201884207D1FFE704980168086805
:1046000020F00100086006E004980168086820F0C6
:1046100001000860FFE70498016801201022C4F23D
:1046200002029142019000F00381FFE704980168C3
:1046300001202822C4F202029142019000F0F88089
:10464000FFE70498016801204022C4F2020291426F
:10465000019000F0ED80FFE70498016801205822E6
:10466000C4F202029142019000F0E280FFE7049858
:10467000016801207022C4F202029142019000F010
:10468000D780FFE70498016801208822C4F2020263
:104690009142019000F0CC80FFE70498016801206E
:1046A000A022C4F202029142019000F0C180FFE713
:1046B000049801680120B822C4F2020291420190DC
:1046C00000F0B680FFE704980168012040F2104234
:1046D000C4F202029142019000F0AA80FFE7049820
:1046E0000168012040F22842C4F202029142019086
:1046F00000F09E80FFE704980168012040F24042EC
:10470000C4F202029142019000F09280FFE7049807
:104710000168012040F25842C4F202029142019025
:1047200000F08680FFE704980168012040F27042A3
:10473000C4F20202914201907AD0FFE70498016826
:10474000012040F28842C4F20202914201906FD0EF
:10475000FFE704980168012040F2A042C4F202027F
:104760009142019064D0FFE704980168012040F273
:10477000B842C4F202029142019059D0FFE7049876
:104780000168012045F20842C5F6020291420190FB
:104790004ED0FFE704980168012045F21C42C5F69F
:1047A00002029142019043D0FFE704980168012082
:1047B00045F23042C5F602029142019038D0FFE73F
:1047C00004980168012045F24442C5F60202914274
:1047D00001902DD0FFE704980168012045F258426E
:1047E000C5F602029142019022D0FFE704980168C9
:1047F000012045F26C42C5F602029142019017D0A9
:10480000FFE704980168012045F28042C5F60202E4
:10481000914201900CD0FFE7049800684AF66C3191
:10482000CAF2FD710844B0FA80F040090190FFE738
:104830000198C00728B3FFE70498016E086820F4C8
:10484000807008600498806D03900498C06D00F03B
:104850001F0101208840039948600498416E806ED2
:1048600048600498C06E58B1FFE70498C16E0868AC
:1048700020F4807008600498016F406F4860FFE783
:10488000FFE70499012081F83500FFE70499002033
:1048900081F83400FFE70498006D20B1FFE7049829
:1048A000016D8847FFE7FFE7FFE700208DF817005D
:1048B000FFE79DF8170006B080BD00000000000073
:1048C00080B590B00F9000200B9040F23000C2F203
:1048D0000040006848F2B511C1F64E31A0FB01104E
:1048E000800A0A900F98806D09900F98806D08904B
:1048F000099800680E90089800680D900F9801685C
:1049000001201022C4F202029142079000F0A3801D
:10491000FFE70F98016801202822C4F202029142A9
:10492000079000F09880FFE70F980168012040226F
:10493000C4F202029142079000F08D80FFE70F98C9
:10494000016801205822C4F202029142079000F04F
:104950008280FFE70F98016801207022C4F20202F2
:104960009142079077D0FFE70F98016801208822D5
:10497000C4F20202914207906DD0FFE70F980168E0
:104980000120A022C4F202029142079063D0FFE707
:104990000F9801680120B822C4F2020291420790E8
:1049A00059D0FFE70F980168012040F21042C4F28D
:1049B0000202914207904ED0FFE70F980168012054
:1049C00040F22842C4F202029142079043D0FFE72E
:1049D0000F980168012040F24042C4F20202914265
:1049E000079038D0FFE70F980168012040F2584245
:1049F000C4F20202914207902DD0FFE70F980168A0
:104A0000012040F27042C4F202029142079022D08B
:104A1000FFE70F980168012040F28842C4F20202C9
:104A20009142079017D0FFE70F980168012040F2EC
:104A3000A042C4F20202914207900CD0FFE70F9807
:104A400000684FF64831CBF6FD710844B0FA80F0AB
:104A500040090790FFE70798C007002800F013857A
:104A6000FFE70E980F99C96D01F01F01C8400007BC
:104A7000002840F1B080FFE70F9800681021C4F2D1
:104A80000201884200F08180FFE70F98006828212A
:104A9000C4F20201884278D0FFE70F9800684021F5
:104AA000C4F20201884270D0FFE70F9800685821D5
:104AB000C4F20201884268D0FFE70F9800687021B5
:104AC000C4F20201884260D0FFE70F980068882195
:104AD000C4F20201884258D0FFE70F980068A02175
:104AE000C4F20201884250D0FFE70F980068B82155
:104AF000C4F20201884248D0FFE70F98006840F2F4
:104B00001041C4F2020188423FD0FFE70F980068CD
:104B100040F22841C4F20201884236D0FFE70F98E4
:104B2000006840F24041C4F2020188422DD0FFE704
:104B30000F98006840F25841C4F20201884224D024
:104B4000FFE70F98006840F27041C4F2020188420A
:104B50001BD0FFE70F98006840F28841C4F20201C1
:104B6000884212D0FFE70F98006840F2A041C4F2DB
:104B70000201884209D0FFE70F98006840F2B8416F
:104B8000C4F20201884207D1FFE70F98006800686D
:104B900000F00400069006E00F980068006800F03E
:104BA00008000690FFE70698A0B1FFE70F9801689C
:104BB000086820F0040008600F98C06D00F01F0125
:104BC00008208840099988600F99486D40F00100DD
:104BD0004865FFE7FFE70E980F99C96D01F01F01C7
:104BE000C840C007002800F0A980FFE70F980068C0
:104BF0001021C4F20201884200F08180FFE70F9883
:104C000000682821C4F20201884278D0FFE70F989B
:104C100000684021C4F20201884270D0FFE70F987B
:104C200000685821C4F20201884268D0FFE70F985B
:104C300000687021C4F20201884260D0FFE70F983B
:104C400000688821C4F20201884258D0FFE70F981B
:104C50000068A021C4F20201884250D0FFE70F98FB
:104C60000068B821C4F20201884248D0FFE70F98DB
:104C7000006840F21041C4F2020188423FD0FFE7D1
:104C80000F98006840F22841C4F20201884236D0F1
:104C9000FFE70F98006840F24041C4F202018842E9
:104CA0002DD0FFE70F98006840F25841C4F202018E
:104CB000884224D0FFE70F98006840F27041C4F2A8
:104CC000020188421BD0FFE70F98006840F288413C
:104CD000C4F20201884212D0FFE70F98006840F248
:104CE000A041C4F20201884209D0FFE70F98006892
:104CF00040F2B841C4F20201884207D1FFE70F98A1
:104D00000068406900F08000059005E00F98006899
:104D1000006800200590FFE7059870B1FFE70F9845
:104D2000C06D00F01F0101208840099988600F992B
:104D3000486D40F002004865FFE7FFE70E980F99C5
:104D4000C96D01F01F01C8404007002840F1A9804B
:104D5000FFE70F9800681021C4F20201884200F0BA
:104D60008180FFE70F9800682821C4F20201884281
:104D700078D0FFE70F9800684021C4F20201884212
:104D800070D0FFE70F9800685821C4F202018842F2
:104D900068D0FFE70F9800687021C4F202018842D2
:104DA00060D0FFE70F9800688821C4F202018842B2
:104DB00058D0FFE70F980068A021C4F20201884292
:104DC00050D0FFE70F980068B821C4F20201884272
:104DD00048D0FFE70F98006840F21041C4F202018A
:104DE00088423FD0FFE70F98006840F22841C4F2A4
:104DF0000201884236D0FFE70F98006840F2404138
:104E0000C4F2020188422DD0FFE70F98006840F2FB
:104E10005841C4F20201884224D0FFE70F9800688D
:104E200040F27041C4F2020188421BD0FFE70F98A4
:104E3000006840F28841C4F20201884212D0FFE7C4
:104E40000F98006840F2A041C4F20201884209D0E4
:104E5000FFE70F98006840F2B841C4F202018842AF
:104E600007D1FFE70F980068006800F00200049087
:104E700005E00F980068006800200490FFE70498A0
:104E800070B1FFE70F98C06D00F01F01042088404B
:104E9000099988600F99486D40F004004865FFE764
:104EA000FFE70E980F99C96D01F01F01C840C006B9
:104EB000002840F1DE80FFE70F9800681021C4F25F
:104EC0000201884200F08180FFE70F9800682821E6
:104ED000C4F20201884278D0FFE70F9800684021B1
:104EE000C4F20201884270D0FFE70F980068582191
:104EF000C4F20201884268D0FFE70F980068702171
:104F0000C4F20201884260D0FFE70F980068882150
:104F1000C4F20201884258D0FFE70F980068A02130
:104F2000C4F20201884250D0FFE70F980068B82110
:104F3000C4F20201884248D0FFE70F98006840F2AF
:104F40001041C4F2020188423FD0FFE70F98006889
:104F500040F22841C4F20201884236D0FFE70F98A0
:104F6000006840F24041C4F2020188422DD0FFE7C0
:104F70000F98006840F25841C4F20201884224D0E0
:104F8000FFE70F98006840F27041C4F202018842C6
:104F90001BD0FFE70F98006840F28841C4F202017D
:104FA000884212D0FFE70F98006840F2A041C4F297
:104FB0000201884209D0FFE70F98006840F2B8412B
:104FC000C4F20201884207D1FFE70F980068006829
:104FD00000F00800039006E00F980068006800F0F9
:104FE00004000390FFE70398002841D0FFE70F98E3
:104FF000C06D00F01F0110208840099988600F984B
:1050000000680068400300281AD5FFE70F98006881
:1050100000680003002809D4FFE70F98006C20B156
:10502000FFE70F98016C8847FFE708E00F98806C56
:1050300020B1FFE70F98816C8847FFE7FFE716E094
:105040000F9800680068C005002807D4FFE70F9894
:105050000168086820F008000860FFE70F98006CFE
:1050600020B1FFE70F98016C8847FFE7FFE7FFE7F4
:10507000FFE70E980F99C96D01F01F01C840800627
:10508000002840F12681FFE70F9800681021C4F244
:105090000201884200F08180FFE70F980068282114
:1050A000C4F20201884278D0FFE70F9800684021DF
:1050B000C4F20201884270D0FFE70F9800685821BF
:1050C000C4F20201884268D0FFE70F98006870219F
:1050D000C4F20201884260D0FFE70F98006888217F
:1050E000C4F20201884258D0FFE70F980068A0215F
:1050F000C4F20201884250D0FFE70F980068B8213F
:10510000C4F20201884248D0FFE70F98006840F2DD
:105110001041C4F2020188423FD0FFE70F980068B7
:1051200040F22841C4F20201884236D0FFE70F98CE
:10513000006840F24041C4F2020188422DD0FFE7EE
:105140000F98006840F25841C4F20201884224D00E
:10515000FFE70F98006840F27041C4F202018842F4
:105160001BD0FFE70F98006840F28841C4F20201AB
:10517000884212D0FFE70F98006840F2A041C4F2C5
:105180000201884209D0FFE70F98006840F2B84159
:10519000C4F20201884207D1FFE70F980068006857
:1051A00000F01000029006E00F980068006800F020
:1051B00002000290FFE70298002800F08980FFE7D4
:1051C0000F98C06D00F01F01202088400999886069
:1051D0000F9890F83500042837D1FFE70F98016841
:1051E000086820F0160008600F980168486920F0F0
:1051F000800048610F98006C20B9FFE70F98806C21
:1052000038B1FFE70F980168086820F008000860CF
:10521000FFE70F98C06D00F01F013F2088400999FB
:1052200088600F99012081F83500FFE70F99002071
:1052300081F83400FFE70F98006D20B1FFE70F9869
:10524000016D8847FFE700F019BC0F9800680068FF
:10525000400300281AD5FFE70F9800680068000394
:10526000002809D4FFE70F98406C20B1FFE70F98A2
:10527000416C8847FFE708E00F98C06B20B1FFE75B
:105280000F98C16B8847FFE7FFE720E00F980068A1
:105290000068C005002811D4FFE70F98016808686E
:1052A00020F0100008600F99012081F83500FFE719
:1052B0000F99002081F83400FFE7FFE70F98C06BDB
:1052C00020B1FFE70F98C16B8847FFE7FFE7FFE7D3
:1052D000FFE70F98406D002800F0D480FFE70F989B
:1052E000406DC007002800F0C480FFE70F9904203C
:1052F00081F835000F9800681021C4F2020188423D
:1053000000F08180FFE70F9800682821C4F20201B5
:10531000884278D0FFE70F9800684021C4F202016C
:10532000884270D0FFE70F9800685821C4F202014C
:10533000884268D0FFE70F9800687021C4F202012C
:10534000884260D0FFE70F9800688821C4F202010C
:10535000884258D0FFE70F980068A021C4F20201EC
:10536000884250D0FFE70F980068B821C4F20201CC
:10537000884248D0FFE70F98006840F21041C4F21D
:10538000020188423FD0FFE70F98006840F22841B1
:10539000C4F20201884236D0FFE70F98006840F25D
:1053A0004041C4F2020188422DD0FFE70F98006807
:1053B00040F25841C4F20201884224D0FFE70F981E
:1053C000006840F27041C4F2020188421BD0FFE73E
:1053D0000F98006840F28841C4F20201884212D05E
:1053E000FFE70F98006840F2A041C4F20201884232
:1053F00009D0FFE70F98006840F2B841C4F20201FB
:10540000884207D1FFE70F980168086820F0010083
:10541000086006E00F980168086820F00100086045
:10542000FFE7FFE70B9801300B900A99884201D9FA
:10543000FFE707E0FFE70F9800680068C007002853
:10544000F0D1FFE70F9800680068C00728B1FFE7B8
:105450000F99032081F8350004E00F99012081F8AD
:105460003500FFE7FFE70F99002081F83400FFE7E0
:10547000FFE70F98C06C20B1FFE70F98C16C884719
:10548000FFE7FFE7FAE20F980168012045F20842C2
:10549000C5F60202914201904ED0FFE70F980168D5
:1054A000012045F21C42C5F602029142019043D010
:1054B000FFE70F980168012045F23042C5F602026D
:1054C0009142019038D0FFE70F980168012045F222
:1054D0004442C5F60202914201902DD0FFE70F9899
:1054E0000168012045F25842C5F60202914201903E
:1054F00022D0FFE70F980168012045F26C42C5F603
:1055000002029142019017D0FFE70F980168012035
:1055100045F28042C5F60202914201900CD0FFE7AD
:105520000F9800684AF66C31CAF2FD710844B0FA6F
:1055300080F040090190FFE70198C007002800F0C3
:105540009B82FFE70F98006800680C900D980F99F8
:10555000C96D01F01F01C8404007002840F1D78005
:10556000FFE79DF830004007002840F1D080FFE7BA
:105570000F98C06D00F01F01042088400899486012
:105580009DF831000006002818D5FFE79DF832008D
:10559000C00748B9FFE70F98806C20B1FFE70F986C
:1055A000816C8847FFE708E00F98006C20B1FFE7A7
:1055B0000F98016C8847FFE7FFE7A7E09DF83000F0
:1055C0008006002800F19980FFE70F9800681021FD
:1055D000C4F20201884200F08180FFE70F98006862
:1055E0002821C4F20201884278D0FFE70F980068B2
:1055F0004021C4F20201884270D0FFE70F98006892
:105600005821C4F20201884268D0FFE70F98006871
:105610007021C4F20201884260D0FFE70F98006851
:105620008821C4F20201884258D0FFE70F98006831
:10563000A021C4F20201884250D0FFE70F98006811
:10564000B821C4F20201884248D0FFE70F980068F1
:1056500040F21041C4F2020188423FD0FFE70F98A8
:10566000006840F22841C4F20201884236D0FFE7C8
:105670000F98006840F24041C4F2020188422DD0E8
:10568000FFE70F98006840F25841C4F202018842D7
:1056900024D0FFE70F98006840F27041C4F2020185
:1056A00088421BD0FFE70F98006840F28841C4F29F
:1056B0000201884212D0FFE70F98006840F2A04133
:1056C000C4F20201884209D0FFE70F98006840F257
:1056D000B841C4F20201884207D1FFE70F98016880
:1056E000086820F00800086006E00F980168086864
:1056F00020F004000860FFE7FFE70F98006C20B17E
:10570000FFE70F98016C8847FFE7FFE7B3E10D98CB
:105710000F99C96D01F01F01C8408007002840F1B2
:10572000E180FFE79DF830008007002840F1DA8033
:10573000FFE70F98C06D00F01F0102208840089914
:1057400048609DF831000006002818D5FFE79DF855
:105750003200C00748B9FFE70F98406C20B1FFE75F
:105760000F98416C8847FFE708E00F98C06B20B1A5
:10577000FFE70F98C16B8847FFE7FFE7B1E09DF8AF
:1057800030008006002800F1A380FFE70F98006832
:105790001021C4F20201884200F08180FFE70F98D7
:1057A00000682821C4F20201884278D0FFE70F98F0
:1057B00000684021C4F20201884270D0FFE70F98D0
:1057C00000685821C4F20201884268D0FFE70F98B0
:1057D00000687021C4F20201884260D0FFE70F9890
:1057E00000688821C4F20201884258D0FFE70F9870
:1057F0000068A021C4F20201884250D0FFE70F9850
:105800000068B821C4F20201884248D0FFE70F982F
:10581000006840F21041C4F2020188423FD0FFE725
:105820000F98006840F22841C4F20201884236D045
:10583000FFE70F98006840F24041C4F2020188423D
:105840002DD0FFE70F98006840F25841C4F20201E2
:10585000884224D0FFE70F98006840F27041C4F2FC
:10586000020188421BD0FFE70F98006840F2884190
:10587000C4F20201884212D0FFE70F98006840F29C
:10588000A041C4F20201884209D0FFE70F980068E6
:1058900040F2B841C4F20201884207D1FFE70F98F5
:1058A0000168086820F01400086006E00F9801689D
:1058B000086820F00A000860FFE70F99012081F8CE
:1058C0003500FFE70F99002081F83400FFE7FFE77C
:1058D0000F98C06B20B1FFE70F98C16B8847FFE7B7
:1058E000FFE7C7E00D980F99C96D01F01F01C8408F
:1058F0000007002840F1BC80FFE79DF8300000075A
:10590000002840F1B580FFE70F9800681021C4F22D
:105910000201884200F08180FFE70F98006828218B
:10592000C4F20201884278D0FFE70F980068402156
:10593000C4F20201884270D0FFE70F980068582136
:10594000C4F20201884268D0FFE70F980068702116
:10595000C4F20201884260D0FFE70F9800688821F6
:10596000C4F20201884258D0FFE70F980068A021D6
:10597000C4F20201884250D0FFE70F980068B821B6
:10598000C4F20201884248D0FFE70F98006840F255
:105990001041C4F2020188423FD0FFE70F9800682F
:1059A00040F22841C4F20201884236D0FFE70F9846
:1059B000006840F24041C4F2020188422DD0FFE766
:1059C0000F98006840F25841C4F20201884224D086
:1059D000FFE70F98006840F27041C4F2020188426C
:1059E0001BD0FFE70F98006840F28841C4F2020123
:1059F000884212D0FFE70F98006840F2A041C4F23D
:105A00000201884209D0FFE70F98006840F2B841D0
:105A1000C4F20201884207D1FFE70F9801680868C5
:105A200020F01C00086006E00F980168086820F06C
:105A30000E000860FFE70F98C06D00F01F01012005
:105A400000FA01F1089A51600F9948650F9981F8A1
:105A50003500FFE70F99002081F83400FFE70F9829
:105A6000C06C20B1FFE70F98C16C8847FFE700E0EA
:105A7000FFE7FFE7FFE700E0FFE7FFE710B080BDCB
:105A800010B58EB00C9002F04FFC0A900C9828B91B
:105A9000FFE701208DF8370000F09EBC0C980168EC
:105AA00001201022C4F202029142079000F0A3806C
:105AB000FFE70C98016801202822C4F202029142FB
:105AC000079000F09880FFE70C98016801204022C1
:105AD000C4F202029142079000F08D80FFE70C981B
:105AE000016801205822C4F202029142079000F09E
:105AF0008280FFE70C98016801207022C4F2020244
:105B00009142079077D0FFE70C9801680120882226
:105B1000C4F20202914207906DD0FFE70C98016831
:105B20000120A022C4F202029142079063D0FFE755
:105B30000C9801680120B822C4F202029142079039
:105B400059D0FFE70C980168012040F21042C4F2DE
:105B50000202914207904ED0FFE70C9801680120A5
:105B600040F22842C4F202029142079043D0FFE77C
:105B70000C980168012040F24042C4F202029142B6
:105B8000079038D0FFE70C980168012040F2584296
:105B9000C4F20202914207902DD0FFE70C980168F1
:105BA000012040F27042C4F202029142079022D0DA
:105BB000FFE70C980168012040F28842C4F202021B
:105BC0009142079017D0FFE70C980168012040F23E
:105BD000A042C4F20202914207900CD0FFE70C9859
:105BE00000684FF64831CBF6FD710844B0FA80F0FA
:105BF00040090790FFE70798C007002800F0788168
:105C0000FFE70C98406A08B1FFE7FFE70C99022014
:105C100081F83500FFE70C99002081F83400FFE798
:105C20000C9800681021C4F20201884200F08180C3
:105C3000FFE70C9800682821C4F20201884278D05E
:105C4000FFE70C9800684021C4F20201884270D03E
:105C5000FFE70C9800685821C4F20201884268D01E
:105C6000FFE70C9800687021C4F20201884260D0FE
:105C7000FFE70C9800688821C4F20201884258D0DE
:105C8000FFE70C980068A021C4F20201884250D0BE
:105C9000FFE70C980068B821C4F20201884248D09E
:105CA000FFE70C98006840F21041C4F202018842FC
:105CB0003FD0FFE70C98006840F22841C4F202018F
:105CC000884236D0FFE70C98006840F24041C4F2A9
:105CD000020188422DD0FFE70C98006840F258413D
:105CE000C4F20201884224D0FFE70C98006840F219
:105CF0007041C4F2020188421BD0FFE70C98006893
:105D000040F28841C4F20201884212D0FFE70C98A9
:105D1000006840F2A041C4F20201884209D0FFE7C6
:105D20000C98006840F2B841C4F20201884207D1E1
:105D3000FFE70C980168086820F00100086006E0A1
:105D40000C980168086820F001000860FFE7FFE791
:105D50000C9800680068C00798B1FFE702F0E4FA09
:105D60000A99401A06280BD3FFE70C9920204865B2
:105D70000C99032081F8350001208DF837002BE3C2
:105D8000E6E70C98006800680B900B9848F23F011A
:105D9000CFF6106108400B900C998868D1F80CC0C0
:105DA0000B694A6940EA0C00184310438A691043A2
:105DB000CA691043096A01430B9808430B900C9879
:105DC000406A042808D1FFE70C99C86A096B0143AF
:105DD0000B9808430B90FFE70C984068292807D3DD
:105DE000FFE70C98416801202F29069036D3FFE782
:105DF0000C9840683F2807D3FFE70C9841680120C2
:105E0000432906902AD3FFE70C984068472807D318
:105E1000FFE70C9841680120492906901ED3FFE74F
:105E20000C9840684F2807D3FFE70C984168012081
:105E30005329069012D3FFE70C984168002074297B
:105E4000059008D3FFE70C9841680020782938BFF7
:105E500001200590FFE705980690FFE70698C00728
:105E600028B1FFE70B9840F480100B90FFE70B98E8
:105E70000C99096808600C98006840690B900B98B1
:105E800020F007000B900C98416A0B9808430B9088
:105E90000C98406A04281AD1FFE70C98816A0B9885
:105EA00008430B900C98C06A80B1FFE70C98FCF790
:105EB000AFFF50B1FFE70C99402048650C990120D5
:105EC00081F835008DF8370086E2FFE7FFE70B9891
:105ED0000C99096848610C98FCF75EFD09900C98D4
:105EE000C06D00F01F013F2088400999886026E1BD
:105EF0000C980168012045F20842C5F60202914261
:105F000004904ED0FFE70C980168012045F21C4236
:105F1000C5F602029142049043D0FFE70C98016855
:105F2000012045F23042C5F602029142049038D079
:105F3000FFE70C980168012045F24442C5F60202D1
:105F4000914204902DD0FFE70C980168012045F2A2
:105F50005842C5F602029142049022D0FFE70C9805
:105F60000168012045F26C42C5F60202914204909C
:105F700017D0FFE70C980168012045F28042C5F672
:105F80000202914204900CD0FFE70C9800684AF698
:105F90006C31CAF2FD710844B0FA80F040090490F7
:105FA000FFE70498C007002800F0BD80FFE70C98C9
:105FB0000168012045F20842C5F6020291420390B1
:105FC0004ED0FFE70C980168012045F21C42C5F64F
:105FD00002029142039043D0FFE70C980168012030
:105FE00045F23042C5F602029142039038D0FFE7F5
:105FF0000C980168012045F24442C5F60202914224
:1060000003902DD0FFE70C980168012045F258421B
:10601000C5F602029142039022D0FFE70C98016876
:10602000012045F26C42C5F602029142039017D05E
:10603000FFE70C980168012045F28042C5F6020294
:10604000914203900CD0FFE70C9800684AF66C313F
:10605000CAF2FD710844B0FA80F040090390FFE7EE
:106060000398C00708B1FFE7FFE70C99022081F809
:106070003500FFE70C99002081F83400FFE70C9809
:10608000006800680B900B986FF310100B900C9841
:106090008068402803D1FFE71020029008E00C98A8
:1060A00080688038B0FA80F0400980030290FFE7F2
:1060B00002980C99CA680B69D1F814C0D1F818E09D
:1060C000CC694EEA040E4CEA0E0C43EA0C031A4368
:1060D00040EAD200096A40EA11110B9808430B907C
:1060E0000B980C99096808600C9908684AF6F83210
:1060F000CAF2FD7210444CF6CD42CCF6CC42A0FB65
:1061000002026FF0030000EA9200C8650C98FCF7E9
:1061100043FC08900C98C06D00F01F0101208840DE
:10612000089948600AE00C99402048650C990320C2
:1061300081F8350001208DF837004DE1FFE70C981C
:10614000016801201022C4F202029142019000F085
:106150000381FFE70C98016801202822C4F20202A3
:106160009142019000F0F880FFE70C98016801204F
:106170004022C4F202029142019000F0ED80FFE75C
:106180000C98016801205822C4F202029142019049
:1061900000F0E280FFE70C98016801207022C4F251
:1061A00002029142019000F0D780FFE70C9801684D
:1061B00001208822C4F202029142019000F0CC80BA
:1061C000FFE70C9801680120A022C4F2020291426C
:1061D000019000F0C180FFE70C9801680120B8220F
:1061E000C4F202029142019000F0B680FFE70C98E1
:1061F0000168012040F21042C4F202029142019073
:1062000000F0AA80FFE70C980168012040F22842C4
:10621000C4F202029142019000F09E80FFE70C98C8
:106220000168012040F24042C4F202029142019012
:1062300000F09280FFE70C980168012040F258427C
:10624000C4F202029142019000F08680FFE70C98B0
:106250000168012040F27042C4F2020291420190B2
:106260007AD0FFE70C980168012040F28842C4F21E
:106270000202914201906FD0FFE70C980168012063
:1062800040F2A042C4F202029142019064D0FFE7C2
:106290000C980168012040F2B842C4F20202914217
:1062A000019059D0FFE70C980168012045F208429F
:1062B000C5F60202914201904ED0FFE70C980168AA
:1062C000012045F21C42C5F602029142019043D0E2
:1062D000FFE70C980168012045F23042C5F6020242
:1062E0009142019038D0FFE70C980168012045F2F7
:1062F0004442C5F60202914201902DD0FFE70C986E
:106300000168012045F25842C5F60202914201900F
:1063100022D0FFE70C980168012045F26C42C5F6D7
:1063200002029142019017D0FFE70C98016801200A
:1063300045F28042C5F60202914201900CD0FFE77F
:106340000C9800684AF66C31CAF2FD710844B0FA44
:1063500080F040090190FFE70198C00790B3FFE784
:106360000C98FCF701FC0C988068802804D1FFE7AA
:106370000C9900204860FFE70C990879096E0860C5
:106380000C98416E806E48600C98406888B1FFE7B9
:106390000C98406808280CD8FFE70C98FCF7A0FC84
:1063A0000C98C16E002008600C98016F406F486027
:1063B00007E00C990020C8660C9908670C9948679B
:1063C000FFE7FFE70C99002048650C9A012182F84D
:1063D00035108DF83700FFE79DF837000EB010BD7F
:1063E00080B588B0069005910492039300208DF843
:1063F0000B00069820B9FFE701208DF81F006CE321
:10640000FFE7069890F83400012804D1FFE7022046
:106410008DF81F0061E30699012081F83400FFE741
:10642000FFE7069890F83500012840F04383FFE726
:106430000699022081F835000699002048650698E3
:1064400000681021C4F20201884200F08180FFE759
:10645000069800682821C4F20201884278D0FFE73C
:10646000069800684021C4F20201884270D0FFE71C
:10647000069800685821C4F20201884268D0FFE7FC
:10648000069800687021C4F20201884260D0FFE7DC
:10649000069800688821C4F20201884258D0FFE7BC
:1064A00006980068A021C4F20201884250D0FFE79C
:1064B00006980068B821C4F20201884248D0FFE77C
:1064C0000698006840F21041C4F2020188423FD0B1
:1064D000FFE70698006840F22841C4F202018842B2
:1064E00036D0FFE70698006840F24041C4F202014E
:1064F00088422DD0FFE70698006840F25841C4F268
:106500000201884224D0FFE70698006840F27041FB
:10651000C4F2020188421BD0FFE70698006840F2EF
:106520008841C4F20201884212D0FFE70698006851
:1065300040F2A041C4F20201884209D0FFE7069868
:10654000006840F2B841C4F20201884207D1FFE777
:1065500006980168086820F00100086006E00698C7
:106560000168086820F001000860FFE706980599B7
:10657000049A039BFCF7C4FC0698016801201022D2
:10658000C4F202029142019000F0A380FFE7069856
:10659000016801202822C4F202029142019000F019
:1065A0009880FFE70698016801204022C4F20202A9
:1065B0009142019000F08D80FFE70698016801206C
:1065C0005822C4F202029142019000F08280FFE75B
:1065D0000698016801207022C4F2020291420190E3
:1065E00077D0FFE70698016801208822C4F20202F2
:1065F000914201906DD0FFE7069801680120A0222A
:10660000C4F202029142019063D0FFE7069801684C
:106610000120B822C4F202029142019059D0FFE752
:1066200006980168012040F21042C4F20202914231
:1066300001904ED0FFE706980168012040F2284201
:10664000C4F202029142019043D0FFE7069801682C
:10665000012040F24042C4F202029142019038D03F
:10666000FFE706980168012040F25842C4F2020296
:10667000914201902DD0FFE706980168012040F279
:106680007042C4F202029142019022D0FFE70698C4
:106690000168012040F28842C4F202029142019056
:1066A00017D0FFE706980168012040F2A042C4F22B
:1066B0000202914201900CD0FFE7069800684FF665
:1066C0004831CBF6FD710844B0FA80F040090190E2
:1066D000FFE70198C007A8B1FFE7069800680068C7
:1066E0000B2161F344000699096808600698006C64
:1066F00038B1FFE706980168086840F008000860B4
:10670000FFE714E0069800680068052161F3430084
:106710000699096808600698006C38B1FFE706988A
:106720000168086840F004000860FFE7FFE706988A
:10673000016801201022C4F202029142009000F090
:106740000381FFE70698016801202822C4F20202B3
:106750009142009000F0F880FFE706980168012060
:106760004022C4F202029142009000F0ED80FFE767
:106770000698016801205822C4F20202914200905A
:1067800000F0E280FFE70698016801207022C4F261
:1067900002029142009000F0D780FFE7069801685E
:1067A00001208822C4F202029142009000F0CC80C5
:1067B000FFE7069801680120A022C4F2020291427C
:1067C000009000F0C180FFE7069801680120B82220
:1067D000C4F202029142009000F0B680FFE70698F2
:1067E0000168012040F21042C4F20202914200907E
:1067F00000F0AA80FFE706980168012040F22842D5
:10680000C4F202029142009000F09E80FFE70698D9
:106810000168012040F24042C4F20202914200901D
:1068200000F09280FFE706980168012040F258428C
:10683000C4F202029142009000F08680FFE70698C1
:106840000168012040F27042C4F2020291420090BD
:106850007AD0FFE706980168012040F28842C4F22E
:106860000202914200906FD0FFE706980168012074
:1068700040F2A042C4F202029142009064D0FFE7CD
:1068800006980168012040F2B842C4F20202914227
:10689000009059D0FFE706980168012045F20842B0
:1068A000C5F60202914200904ED0FFE706980168BB
:1068B000012045F21C42C5F602029142009043D0ED
:1068C000FFE706980168012045F23042C5F6020252
:1068D0009142009038D0FFE706980168012045F208
:1068E0004442C5F60202914200902DD0FFE706987F
:1068F0000168012045F25842C5F60202914200901B
:1069000022D0FFE706980168012045F26C42C5F6E7
:1069100002029142009017D0FFE70698016801201B
:1069200045F28042C5F60202914200900CD0FFE78A
:10693000069800684AF66C31CAF2FD710844B0FA54
:1069400080F040090090FFE70098C007D0B1FFE752
:106950000698006E0068C003002807D5FFE7069878
:10696000016E086840F480700860FFE70698C06E0A
:1069700038B1FFE70698C16E086840F4807008607F
:10698000FFE7FFE7069800681021C4F20201884281
:1069900000F08180FFE7069800682821C4F2020118
:1069A000884278D0FFE7069800684021C4F20201CF
:1069B000884270D0FFE7069800685821C4F20201AF
:1069C000884268D0FFE7069800687021C4F202018F
:1069D000884260D0FFE7069800688821C4F202016F
:1069E000884258D0FFE706980068A021C4F202014F
:1069F000884250D0FFE706980068B821C4F202012F
:106A0000884248D0FFE70698006840F21041C4F27F
:106A1000020188423FD0FFE70698006840F2284113
:106A2000C4F20201884236D0FFE70698006840F2BF
:106A30004041C4F2020188422DD0FFE70698006869
:106A400040F25841C4F20201884224D0FFE7069880
:106A5000006840F27041C4F2020188421BD0FFE797
:106A60000698006840F28841C4F20201884212D0C0
:106A7000FFE70698006840F2A041C4F20201884294
:106A800009D0FFE70698006840F2B841C4F202015D
:106A9000884207D1FFE706980168086840F00100C6
:106AA000086006E006980168086840F00100086088
:106AB000FFE70DE006994FF400604865FFE706998F
:106AC000002081F83400FFE701208DF80B00FFE77C
:106AD0009DF80B008DF81F00FFE79DF81F0008B020
:106AE00080BD00000000000080B584B0039001F07C
:106AF0001BFC0290039801900198013048B1FFE718
:106B000040F26C10C2F200400178019808440190F4
:106B1000FFE7FFE701F008FC0299401A019988425B
:106B200001D2FFE7F6E704B080BD000000000000DE
:106B300085B0039002910192039890F898008DF827
:106B400003009DF80300012805D0FFE79DF803002E
:106B500002285DD1FFE7029803990968896D084210
:106B600007D1FFE703980168C86D40F00100C865D0
:106B700015E0029803990968896D084002998842D6
:106B800007D1FFE703980168C86D40F00200C865AF
:106B900004E0039801680320C865FFE7FFE79DF85C
:106BA00009008007002809D5FFE7019A03980168CA
:106BB000D1F8E0001043C1F8E000FFE79DF80900BC
:106BC0004007002809D5FFE7019A03980168D1F82A
:106BD000E4001043C1F8E400FFE7FFE702984FF636
:106BE000FF71C3F6CF7100EA010203980168486D96
:106BF00010434865029A4AF61401C4F2000108687D
:106C000040EA92700860FFE700208DF813000AE068
:106C10000399D1F89C0040F00200C1F89C000120CB
:106C20008DF81300FFE79DF8130005B070470000D2
:106C300080B586B00490039102920398406808B929
:106C4000FFE700E0FFE7049890F89800022845D19C
:106C5000FFE704980068D0F8C00010F07C5F0BD10B
:106C6000FFE70499D1F89C0040F02000C1F89C0097
:106C700001208DF817003CE004980068D0F8C400AB
:106C8000800200280BD5FFE70499D1F89C0040F45E
:106C90000070C1F89C0001208DF8170029E00498CD
:106CA0000068D0F8C400C0F3044001900498039930
:106CB000029A019BFCF764FD0199012000FA01F1A1
:106CC000049A1268C2F8D010019988400499C1F85A
:106CD0009400FFE700208DF817000AE00499D1F82E
:106CE0009C0040F00800C1F89C0001208DF81700BE
:106CF000FFE79DF8170006B080BD0000000000000F
:106D000082B00190009102B07047000000000000C6
:106D100087B005900491059890F898008DF80300CD
:106D20009DF80300012805D0FFE79DF80300022825
:106D30006AD1FFE70498C068072801D1FFE7FFE7A1
:106D40000498006878BBFFE70498C068072801D062
:106D5000FFE7FFE70498C06807280CD1FFE7049A13
:106D600010699169D269000440EA0220084340F0AA
:106D7000605003900CE004998868CB680A694969FF
:106D8000800740EAC36040EA024008430390FFE7FF
:106D90000598C06E0499496800EB81000190039842
:106DA000019908602CE00498C068072801D0FFE72B
:106DB000FFE70498C168006940EA417003900498B5
:106DC000C068072804D1FFE704988069029006E0B4
:106DD00004988168406940EA81700290FFE7059855
:106DE000006F0499496800EBC10001900398019974
:106DF0000860019804300190029801990860FFE74B
:106E000000208DF81B000AE00599D1F89C0040F0A5
:106E10000200C1F89C0001208DF81B00FFE79DF8DF
:106E20001B0007B07047000085B0DDF814C0039068
:106E3000029101920093039890F89800012812D1D2
:106E4000FFE702980001019940EA8100009940EAB9
:106E500041000599084303990968C1F880000020A2
:106E60008DF813000AE00399D1F89C0040F004006B
:106E7000C1F89C0001208DF81300FFE79DF8130076
:106E800005B070470000000081B0009001B070476D
:106E900082B00190009102B0704700000000000035
:106EA00083B0029001910198402808D1FFE7029831
:106EB0000068D0F8A40000F07F00009007E002987E
:106EC0000068D0F8B40000F07F000090FFE7009861
:106ED00003B07047000000008AB008900791069246
:106EE000059300200190089890F898008DF8030011
:106EF0009DF80300022840F05C81FFE707984028D6
:106F000051D1FFE708980068D0F8A00010F4FE0FF8
:106F10000BD1FFE70899D1F89C0040F02000C1F8A0
:106F20009C0001208DF827004EE108980068D0F8F9
:106F3000A400400658B9FFE70899D1F89C0040F436
:106F40008070C1F89C0001208DF827003CE1089872
:106F50000068D0F8A40000F080710120B0EB116F40
:106F60000DD1FFE708980068D0F8A0100120B0EB21
:106F7000D17F03D1FFE701200190FFE7FFE70898E9
:106F80000068D0F8A40000F47C51019800EB1120B7
:106F900001900898426C406F0199514300EB8100C9
:106FA0000490FFE770E00798412851D1FFE7089867
:106FB0000068D0F8B00010F4FE0F0BD1FFE708997D
:106FC000D1F89C0040F02000C1F89C0001208DF811
:106FD0002700F9E008980068D0F8B400400658B9D6
:106FE000FFE70899D1F89C0040F48070C1F89C003C
:106FF00001208DF82700E7E008980068D0F8B40079
:1070000000F080710120B0EB116F0DD1FFE70898FF
:107010000068D0F8B0100120B0EBD17F03D1FFE7BA
:1070200001200190FFE7FFE708980068D0F8B4005E
:1070300000F47C51019800EB112001900898C26C7B
:10704000806F0199514300EB81000490FFE71AE043
:1070500007980899096D88420BD3FFE70899D1F882
:107060009C0040F02000C1F89C0001208DF8270012
:10707000AAE00898426DC06F0799514300EB810068
:107080000490FFE7FFE7FFE70498006800F0804006
:10709000069948600698406838B9FFE70498006888
:1070A000C0F38A400699086006E00498006820F062
:1070B000604006990860FFE70498006800F00050FF
:1070C000069988600498006800F0004006990861FD
:1070D000049804300490049800880699C8610498C4
:1070E0000068C0F303400699C8600498006800F483
:1070F0008010069948610498006800F40010069911
:10710000886104980068C0F30660069908620498D4
:107110000068C00F069948620498043004900498EF
:10712000039000200290FFE702980699CA6847F68C
:107130000C61C0F60201895C88420AD2FFE703981D
:10714000029A805C05998854FFE70298013002900A
:10715000EAE70798402806D1FFE7019808990968EF
:10716000C1F8A80021E00798412806D1FFE701985F
:1071700008990968C1F8B80016E007981F2808D8D0
:10718000FFE707990120884008990968C1F898002D
:1071900009E0079800F01F0101208840089909685C
:1071A000C1F89C00FFE7FFE7FFE700208DF827000C
:1071B0000AE00899D1F89C0040F00800C1F89C0052
:1071C00001208DF82700FFE79DF827000AB07047DF
:1071D00081B0009001B0704780B594B013904AF62A
:1071E0001000C4F200000068800712904AF61400F4
:1071F000C4F200000168129800EA8170129013989E
:107200000068006D00F47040119013980068416DA3
:1072100011980840119013980068006D00F00F005D
:10722000109013980068416D1098084010901398C2
:107230000068006D00F0F0000F9013980068416D39
:107240000F9808400F9013980068006D00F071507F
:107250000E9013980068416D0E9808400E90139898
:107260000068006D00F060700D9013980068416D2B
:107270000D9808400D9013980068406D0390139886
:107280000068006D01909DF80D00C007B8B1FFE7E0
:107290009DF80500C00788B1FFE7FFE71398016874
:1072A0004FF4807008654AF61001C4F20001002016
:1072B0000860FFE71398FFF78BFFFFE7FFE79DF8F4
:1072C0000D0000F004010020B0EB910F28D0FFE783
:1072D0009DF8050000F004010020B0EB910F1ED0D6
:1072E000FFE713980068D0F8DC000B901398006853
:1072F000D0F8E4100B9808400B90FFE71398016852
:107300004FF4806008654AF61001C4F200010020C5
:107310000860FFE713980B9900F0FEFDFFE7FFE719
:107320001298B8B1FFE7FFE712984FF6FF71C3F666
:10733000CF7108401399096808651298800F4AF6C2
:107340001001C4F200010860FFE713981299FFF7DB
:10735000D7FCFFE71198B8B1FFE7FFE711984FF6A8
:10736000FF71C3F6CF710840139909680865119839
:10737000800F4AF61001C4F200010860FFE713987D
:10738000119900F0D9FDFFE71098B8B1FFE7FFE7CA
:1073900010984FF6FF71C3F6CF7108401399096832
:1073A00008651098800F4AF61001C4F200010860C9
:1073B000FFE71398109900F00FFDFFE70F98B8B1A1
:1073C000FFE7FFE70F984FF6FF71C3F6CF71084054
:1073D0001399096808650F98800F4AF61001C4F2E6
:1073E00000010860FFE713980F9900F03DFDFFE7EB
:1073F0009DF80D0000F008010020B0EBD10F1BD06C
:10740000FFE79DF8050000F008010020B0EBD10F68
:1074100011D0FFE7FFE7139801684FF4006008659B
:107420004AF61001C4F2000100200860FFE713983B
:1074300000F08AFDFFE7FFE79DF80D0000F0020174
:107440000020B0EB510F28D0FFE79DF8050000F0B9
:1074500002010020B0EB510F1ED0FFE71398006827
:10746000D0F8D8000C9013980068D0F8E0100C9871
:1074700008400C90FFE7139801684FF4007008650E
:107480004AF61001C4F2000100200860FFE71398DB
:107490000C9900F049FDFFE7FFE79DF80E0000F0B2
:1074A00008010020B0EBD10F1BD0FFE79DF80600CC
:1074B00000F008010020B0EBD10F11D0FFE7FFE78B
:1074C000139801684FF4002008654AF61001C4F2D1
:1074D000000100200860FFE7139800F079FCFFE747
:1074E000FFE79DF80E00C007B8B1FFE79DF8060062
:1074F000C00788B1FFE7FFE7139801684FF48030B9
:1075000008654AF61001C4F2000100200860FFE798
:10751000139800F0FDFCFFE7FFE79DF80E0000F078
:1075200004010020B0EB910F1BD0FFE79DF806008F
:1075300000F004010020B0EB910F11D0FFE7FFE74E
:10754000139801684FF4802008654AF61001C4F2D0
:10755000000100200860FFE7139800F0D5FCFFE76A
:10756000FFE79DF80E0000F002010020B0EB510F84
:107570001FD0FFE79DF8060000F002010020B0EBED
:10758000510F15D0FFE7FFE7139801684FF4003063
:1075900008654AF61001C4F2000100200860FFE708
:1075A0001399D1F89C0040F08000C1F89C00FFE7DF
:1075B000FFE70D98B8B1FFE7FFE70D984FF6FF71B1
:1075C000C3F6CF7108401399096808650D98800FBC
:1075D0004AF61001C4F200010860FFE713980D9904
:1075E000FFF756FCFFE70E98D0B1FFE7FFE70E98D4
:1075F0004FF6FF71C3F6CF7108401399096808650B
:107600000E98800F4AF61001C4F200010860FFE7EF
:107610000E9A1399D1F89C001043C1F89C00FFE723
:10762000139800684AF20001C4F20001884240F059
:10763000B980FFE71398406880688007002800F051
:10764000B080FFE713984068006A00F00F000A90CE
:1076500013984068416A0A9808400A901398406855
:10766000006A00F03000099013984068416A099858
:107670000840099013984068006A00F4C0700890B0
:1076800013984068416A0898084008901398406829
:10769000006A00F4FC40079013984068416A07981C
:1076A0000840079013984068006A00F4F0200690A4
:1076B00013984068416A06980840069013984068FD
:1076C000406A029013984068006A00900A9848B196
:1076D000FFE70A9813994968086213980A9900F01D
:1076E000FBFBFFE7099848B1FFE709981399496840
:1076F00008621398099900F0FFFBFFE79DF8080066
:1077000000F040010020B0EB911F1FD0FFE79DF873
:10771000000000F040010020B0EB911F15D0FFE702
:1077200013984068C06B000C059013984068C06BBC
:1077300000F03F00049013984168402008621398BD
:107740000599049A00F0D0FBFFE7FFE7089848B1DD
:10775000FFE708981399496808621398089900F0A0
:10776000B3FBFFE7079860B1FFE7079813994968F3
:107770000862079A1399D1F89C001043C1F89C0045
:10778000FFE7069860B1FFE7069813994968086219
:10779000069A1399D1F89C001043C1F89C00FFE7AA
:1077A000FFE7FFE71398D0F89C0020B1FFE713989C
:1077B000FFF76AFBFFE714B080BD00000000000087
:1077C00080B598B0169047F67851C0F6020101A82E
:1077D0004C22F8F77BFF169820B9FFE701208DF8BF
:1077E0005F00D9E1169800684AF20001C4F2000176
:1077F000884206D1FFE71699086800F58070486056
:10780000FFE716988068B0F5407F01D1FFE7FFE7FA
:107810001698006C08B1FFE7FFE71698806C08B176
:10782000FFE7FFE71698006D08B1FFE7FFE716983E
:10783000006E08B1FFE7FFE71699C86D096E0844AE
:1078400008B1FFE7FFE7169890F8980040B9FFE706
:107850001699002081F89900169800F0A1F9FFE729
:1078600016980168886920F01000886100F05CFDBE
:107870001590FFE71698006880690007002817D563
:10788000FFE700F051FD1599401A0B280FD3FFE7D1
:107890001699D1F89C0040F00100C1F89C0016999F
:1078A000032081F8980001208DF85F0074E1E1E782
:1078B00016980168886940F00100886100F034FD85
:1078C0001590FFE7169800688069C007B8B9FFE710
:1078D00000F02AFD1599401A0B280FD3FFE71699DF
:1078E000D1F89C0040F00100C1F89C0016990320DB
:1078F00081F8980001208DF85F004DE1E2E71698CD
:107900000168886940F0020088611698007C0128AF
:1079100007D1FFE716980168886920F04000886168
:1079200006E016980168886940F040008861FFE72A
:107930001698407C012807D1FFE7169801688869EE
:1079400040F48040886106E016980168886920F458
:1079500080408861FFE71698807C012807D1FFE707
:1079600016980168886920F48050886106E01698AE
:107970000168886940F480508861FFE716980068C4
:10798000806920F44070169A1168926810438861EB
:1079900016980168886920F0A4008861169801682B
:1079A000086920F0100008611698C068012807D106
:1079B000FFE716980168886940F0040088612BE0B1
:1079C0001698C06830B3FFE71698C068022819D02F
:1079D000FFE716980168886940F080008861169872
:1079E0000168086940F0100008611698C068032813
:1079F00007D1FFE716980168886940F02000886188
:107A0000FFE706E016980168886940F02000886169
:107A1000FFE700E0FFE7FFE7169A116853699069F6
:107A2000D2F81CE0A0F1010C6FF0FF0000EB0E207B
:107A300040EA4C60126A013A10430022CFF6FF720E
:107A400002EB03421043C86116988068B0F5407F8E
:107A50001CD1FFE7169A1168536A906AD2F82CE09D
:107A600001386FF0FF0C0CEB0E2C40EA0C00D2F842
:107A700030C06FF00F0202EB0C1210430022CFF661
:107A8000FF7202EB03421043C860FFE71698006ED6
:107A900048B1FFE716980168426ED1F8C000104364
:107AA000C1F8C000FFE71699C86D096E084480B19F
:107AB000FFE716980068D0F8C80020F00700169A73
:107AC0001168936E01AA52F823201043C1F8C80030
:107AD000FFE71698006C80B1FFE716980068D0F8B1
:107AE000BC0020F00700169A1168536C01AA52F8E6
:107AF00023201043C1F8BC00FFE71698806C88B1C2
:107B0000FFE716980068D0F8BC0020F07000169AC5
:107B10001168D36C01AA52F8232040EA0210C1F880
:107B2000BC00FFE71698006D88B1FFE71698006863
:107B3000D0F8BC0020F4E060169A1168536D01AAD9
:107B400052F8232040EA0220C1F8BC00FFE7169853
:107B500000684AF20001C4F20001884207D1FFE741
:107B600016984168886820F003008860FFE716993E
:107B70000020C1F894001699C1F89C0016990120C4
:107B800081F898001698FBF797FC8DF853009DF844
:107B900053008DF85F00FFE79DF85F0018B080BDCF
:107BA00080B598B0179000201690159014901390FF
:107BB0001290179800684AF20001C4F2000188424E
:107BC0004FD1FFE740F2F420C2F2004001680131DA
:107BD00001600068012810D1FFE7FFE744F2EC40A4
:107BE000C5F60200016841F480710160006800F48C
:107BF000807011901198FFE7FFE7FFE744F2E04043
:107C0000C5F60200016841F008010160006800F05B
:107C1000080010901098FFE70320129002201390A4
:107C200000200A90149015900920169040F600400C
:107C3000C5F6020012A900F08BF90A9A13200890E9
:107C40000521099100F054FC089800F045FC0999C1
:107C50000A9A15200B9000F04BFC0B9800F03CFCAE
:107C6000B2E0179800684AF20041C4F2000188426D
:107C70004FD1FFE740F2F420C2F200400168013129
:107C800001600068012810D1FFE7FFE744F2EC40F3
:107C9000C5F60200016841F480710160006800F4DB
:107CA00080700F900F98FFE7FFE7FFE744F2E04096
:107CB000C5F60200016841F002010160006800F0B1
:107CC00002000E900E98FFE76020129002201390A1
:107CD00000200690149015900920169040F2004064
:107CE000C5F6020012A900F033F9069A1420049098
:107CF0000521059100F0FCFB049800F0EDFB0599CF
:107D0000069A1620079000F0F3FB079800F0E4FBBA
:107D100059E0179800684DF20041C4F20001884212
:107D200050D1FFE740F2F420C2F200400168013177
:107D300001600068012810D1FFE7FFE744F2EC4042
:107D4000C5F60200016841F480710160006800F42A
:107D500080700D900D98FFE7FFE7FFE744F2E040E9
:107D6000C5F60200016841F008010160006800F0FA
:107D700008000C900C98FFE74FF44050129002203E
:107D800013900020029014901590052001901690F9
:107D900040F60040C5F6020012A900F0D9F801999A
:107DA000029A9F20009000F0A3FB009800F094FB43
:107DB0000199029AA020039000F09AFB039800F02A
:107DC0008BFBFFE7FFE7FFE718B080BD0000000076
:107DD00081B0009001B0704780B58AB009900891D9
:107DE00002A815F04DFA00200190099800684AF2A7
:107DF0000001C4F20001884206D1FFE715F03CFA09
:107E000015F09AFB01901FE0099800684AF20041C2
:107E1000C4F20001884206D1FFE715F02DFA15F0F3
:107E200097FB01900FE0099800684DF20041C4F201
:107E30000001884206D1FFE715F01EFA15F094FB09
:107E40000190FFE7FFE7FFE7019850B1FFE7FFE789
:107E5000019801684A6902A9904708B1FFE7F7E76E
:107E6000FFE70AB080BD000082B00190009102B02F
:107E7000704700000000000082B00090009890F869
:107E80009800012811D1FFE70099022081F898009D
:107E900000980168886920F001008861009900203D
:107EA000C1F89C008DF807000AE00099D1F89C0009
:107EB00040F00400C1F89C0001208DF80700FFE7A6
:107EC0009DF8070002B0704782B00190009102B0A7
:107ED000704700000000000082B00190009102B0E5
:107EE000704700000000000083B0029001910092F2
:107EF00003B070470000000082B00190009102B012
:107F0000704700000000000081B0009001B0704791
:107F100081B0009001B0704782B00190009102B032
:107F2000704700000000000082B00190009102B094
:107F3000704700000000000082B00190009102B084
:107F4000704700000000000081B0009001B0704751
:107F50008FB00E900D9100200C908020C5F600008F
:107F60000990FFE70D9800680C99C840002800F0C0
:107F7000C181FFE70D9800680C9A012191400840EB
:107F80000B900B98002800F0B181FFE70D98406836
:107F900000F00300012807D0FFE70D98406800F0CB
:107FA000030002282FD1FFE70E9880680A900C98F2
:107FB0004100032000FA01F10A9888430A900D98C5
:107FC000C0680C99490000FA01F10A9808430A9028
:107FD0000A980E9988600E9840680A900C990120C2
:107FE00000FA01F10A9888430A900D984068C0F39E
:107FF00000100C9900FA01F10A9808430A900A98B7
:108000000E994860FFE70D98406800F003000328D0
:1080100018D0FFE70E98C0680A900C984100032022
:1080200000FA01F10A9888430A900D9880680C992B
:10803000490000FA01F10A9808430A900A980E993B
:10804000C860FFE70D98406800F00300022826D1C1
:10805000FFE70E980C996FF0030202EA5101084401
:10806000006A0A900C9800F0070081000F2000FAC7
:1080700001F10A9888430A900D9800690C9901F063
:108080000701890000FA01F10A9808430A900A984A
:108090000E990C9B02EA530211440862FFE70E9806
:1080A00000680A900C984100032000FA01F10A9838
:1080B00088430A900D98406800F003000C9949002D
:1080C00000FA01F10A9808430A900A980E9908608C
:1080D0000D9880798007002800F00781FFE7FFE70F
:1080E00044F2F440C5F60200016841F0020101606B
:1080F000006800F0020008900898FFE70C9820F054
:10810000030040F20841C5F6000140580A900C985F
:1081100000F0030081000F2000FA01F10A98884363
:108120000A900E980021C5F60201884203D1FFE7AC
:10813000002007906CE00E9840F20041C5F6020165
:10814000884203D1FFE7012006905EE00E9840F6DA
:108150000001C5F60201884203D1FFE70220059025
:1081600050E00E9840F60041C5F60201884203D166
:10817000FFE70320049042E00E9841F20001C5F6AB
:108180000201884203D1FFE70420039034E00E98F7
:1081900041F20041C5F60201884203D1FFE7052004
:1081A000029026E00E9841F60001C5F602018842D1
:1081B00003D1FFE70620019018E00E9841F6004138
:1081C000C5F60201884203D1FFE7072000900AE0CC
:1081D0000E9942F20042C5F602020A20914208BFFF
:1081E00009200090FFE700980190FFE701980290B6
:1081F000FFE702980390FFE703980490FFE70498D5
:108200000590FFE705980690FFE706980790FFE7BF
:1082100007980C9901F00301890000FA01F10A980E
:1082200008430A900A980C9921F0030140F2084291
:10823000C5F6000288504FF0B04000680A900B99D4
:108240000A9888430A900D988079C006002805D5C1
:10825000FFE70B990A9808430A90FFE70A984FF046
:10826000B04108600420C5F6000000680A900B9930
:108270000A9888430A900D9880798006002805D5D1
:10828000FFE70B990A9808430A90FFE70A98042130
:10829000C5F600010860099840680A900B990A9891
:1082A00088430A900D9880798007002805D5FFE75C
:1082B0000B990A9808430A90FFE70A9809994860C1
:1082C000099800680A900B990A9888430A900D98BB
:1082D0008079C00728B1FFE70B990A9808430A90F4
:1082E000FFE70A9809990860FFE7FFE70C9801305B
:1082F0000C9037E60FB0704782B00190ADF80210D5
:108300008DF801209DF8010028B1FFE7BDF80200BB
:108310000199886105E0BDF80200000401998861B7
:10832000FFE702B07047000043F6F850C2F2004089
:10833000006870470000000040F26C10C2F200407C
:10834000027843F6F851C2F2004108681044086010
:10835000704700000000000080B582B0032000F0EC
:10836000DFF803F09DF844F21842C5F602021168E6
:10837000C1F3032347F6FC51C0F60201CB5C03F0C6
:108380001F03D84000900098126802F00F02895C29
:1083900001F01F01C84040F23401C2F20041086000
:1083A000009840F23001C2F2004108600F2000F056
:1083B00013F820B1FFE701208DF8070005E000F079
:1083C0006FF800208DF80700FFE79DF8070002B066
:1083D00080BD00000000000080B590B00E900E98A7
:1083E0000F2810D8FFE70E99A1200190002200F07D
:1083F0007FF8019800F070F80E9840F27011C2F208
:108400000041086003E001208DF83F0044E0FFE7F1
:1084100044F2EC40C5F60200016841F08071016051
:10842000006800F0807002900298FFE706A803A998
:1084300002F09EFF03F020F84000059005984DF6ED
:108440008361C4F21B31A0FB01014FF0FF3000EB50
:108450009140049042F6B060C2F200404EF200013A
:10846000C4F20001016040F2E731C160049941604B
:1084700000210161816003F0DFFF48B9FFE742F6A8
:10848000B060C2F2004004F063F88DF83F0003E0F2
:1084900001208DF83F00FFE79DF83F0010B080BD40
:1084A00080B582B0FFE744F2F440C5F602000168EF
:1084B00041F002010160006800F0020001900198A3
:1084C000FFE76FF001000F21002200F011F802B069
:1084D00080BD00000000000080B582B0ADF806004D
:1084E000BDF9060018F060F802B080BD0000000081
:1084F00080B586B0ADF816000491039218F06CF8C0
:108500000290BDF91600019002980499039A07F0B1
:10851000EFFA0146019818F067F806B080BD000038
:1085200080B582B00190019818F0A6F802B080BD25
:1085300082B0019001980068009001990120C1F873
:10854000D8040199002081F8CC04009A916941F087
:1085500000619161009A516D0323C1F20003194338
:10856000516502B07047000082B001908DF8031091
:1085700002B070470000000082B00190ADF8021018
:10858000BDF80200019909684862002002B07047F6
:1085900084B003908DF80B10ADF8082003980068A4
:1085A000406A00909DF80B0048B9FFE7BDF808103D
:1085B000009840EA014003990968886233E0039813
:1085C0000068816A009800EB1140009000208DF84F
:1085D0000700FFE79DF807009DF80B10013988425E
:1085E00013D2FFE7039800689DF8071000EB8100A5
:1085F000D0F80411009800EB11400090FFE79DF8BF
:10860000070001308DF80700E4E7BDF80810009876
:1086100040EA0140039909689DF80B2001EB8201B3
:10862000C1F80001FFE7002004B07047000000001F
:1086300080B582B001900198D0F8E0040CF0C8F841
:1086400002B080BD0000000080B582B001908DF8BE
:108650000310019AD2F8E0049DF8031001EBC10366
:1086600002EB8302126A0BF00FFF02B080BD000024
:1086700080B582B001908DF80310019AD2F8E00421
:108680009DF8031001EBC10302EB8302D2F86022D4
:108690000BF0C2FF02B080BD80B582B0019001989E
:1086A000D0F8E0040CF09CF802B080BD000000009F
:1086B00080B584B003908DF80B109DF80B00000678
:1086C00000280CD5FFE703989DF80B1001F00F016F
:1086D00001EBC10100EB8100143001900CE0039824
:1086E0009DF80B1001F00F0101EBC10100EB8100BF
:1086F00000F515700190FFE70398006801990DF0EF
:1087000023FE8DF80A009DF80A0004B080BD000029
:1087100080B584B002908DF807109DF80700000620
:1087200000280FD5FFE702989DF8071001F00F0110
:1087300001EBC10100EB8100143000900099012091
:1087400048700FE002989DF8071001F00F0101EB4F
:10875000C10100EB810000F5157000900099002028
:108760004870FFE79DF8070000F00F0000990870BF
:10877000FFE7029890F89404012804D1FFE7022053
:108780008DF80F0014E00299012081F89404FFE7AE
:10879000FFE70298006800990DF0C6F8FFE702991C
:1087A000002081F89404FFE700208DF80F00FFE718
:1087B0009DF80F0004B080BD80B584B002908DF8A4
:1087C00007109DF8070000F00F0002990979884210
:1087D00004D9FFE701208DF80F004DE09DF8070058
:1087E000000600280FD5FFE702989DF8071001F05A
:1087F0000F0101EBC10100EB8100143000900099E2
:10880000012048700FE002989DF8071001F00F0159
:1088100001EBC10100EB810000F51570009000999B
:1088200000204870FFE70099002088709DF807003D
:1088300000F00F0000990870FFE7029890F8940488
:10884000012804D1FFE702208DF80F0014E00299FF
:10885000012081F89404FFE7FFE70298006800997F
:108860000DF0D2FAFFE70299002081F89404FFE7A7
:1088700000208DF80F00FFE79DF80F0004B080BDC9
:1088800082B001908DF8031001989DF8031001F05B
:108890000F0101EBC10100EB8100D0F8680202B0CA
:1088A000704700000000000080B586B004908DF88D
:1088B0000F10ADF80C208DF80B3000208DF80A0059
:1088C0009DF80F00000600280FD5FFE704989DF8DB
:1088D0000F1001F00F0101EBC10100EB810014301A
:1088E00001900199012048700FE004989DF80F1045
:1088F00001F00F0101EBC10100EB810000F51570E3
:108900000190019900204870FFE79DF80F0000F0EA
:108910000F0001990870BDF80C006FF3DF2001997A
:1089200088609DF80B00019908710198407820B18A
:10893000FFE7019908784883FFE79DF80B000228BC
:1089400004D1FFE7019900204871FFE7FFE7049891
:1089500090F89404012804D1FFE702208DF8170055
:1089600015E00499012081F89404FFE7FFE70498DB
:10897000006801990CF09CFEFFE70499002081F843
:108980009404FFE79DF80A008DF81700FFE79DF8B3
:10899000170006B080BD000080B586B005908DF848
:1089A00013100392029305989DF8131001F00F0124
:1089B00001EBC10100EB810000F5157001900398F7
:1089C0000199C860029801990861019900204861E5
:1089D000019948709DF8130000F00F00019908708C
:1089E00005988079012804D1FFE703980199C861AF
:1089F000FFE7059A1068019992790DF0A9FA002015
:108A000006B080BD0000000080B584B002908DF8F3
:108A100007109DF8070000F00F00029909798842BD
:108A200004D9FFE701208DF80F0058E09DF80700FA
:108A3000000600280FD5FFE702989DF8071001F007
:108A40000F0101EBC10100EB81001430009000998F
:108A5000012048700DE002989DF8071001EBC1015C
:108A600000EB810000F5157000900099002048701F
:108A7000FFE70099012088709DF8070000F00F00C3
:108A800000990870FFE7029890F89404012804D137
:108A9000FFE702208DF80F0021E00299012081F804
:108AA0009404FFE7FFE70298006800990DF0FCF9D5
:108AB0009DF80700000740B9FFE7029A1068917916
:108AC00002F29C420DF050F9FFE7FFE70299002007
:108AD00081F89404FFE700208DF80F00FFE79DF870
:108AE0000F0004B080BD000080B586B005908DF801
:108AF00013100392029305989DF8131001F00F01D3
:108B000001EBC10100EB8100143001900398019941
:108B1000C860029801990861019900204861019993
:108B2000012048709DF8130000F00F0001990870B3
:108B300005988079012804D1FFE703980199C8615D
:108B4000FFE7059A1068019992790DF001FA00206B
:108B500006B080BD0000000080B58CB00B900B9873
:108B600000680A900A9809900B9800680DF02CFD97
:108B7000002840F03484FFE70B9800680DF094FD66
:108B800010B9FFE700F02BBC0998D0F80808C0F333
:108B90000D200B99C1F8D4040B9800680DF084FDEA
:108BA0008007002807D5FFE70B980168486900F0A7
:108BB00002004861FFE70B9800680DF075FDC006E4
:108BC000002862D5FFE70B980168886920F0100043
:108BD00088610A98006A02900B98029901F00F01CF
:108BE00001EBC10100EB810000F5157008900298BF
:108BF00000F4F0110220B0EB514F23D1FFE7BDF894
:108C0000080047F6F07108421BD0FFE70A98089960
:108C1000C968029AC2F30A120DF056FD029847F68F
:108C2000F07100EA0103089AD06800EB1310D060DD
:108C3000029800EA01020899486900EB12104861A5
:108C4000FFE71BE0029800F4F0110620B0EB514F53
:108C500012D1FFE70A980B9901F29C4108220DF00E
:108C600033FD029847F6F07100EA0102089948695D
:108C700000EB1210486100E0FFE7FFE70B98016886
:108C8000886940F010008861FFE70B9800680DF0DC
:108C90000BFD0003002840F1A680FFE700200490B0
:108CA0000B9800680DF0ACFC0690FFE706980028D2
:108CB00000F09880FFE79DF81800C007002800F03A
:108CC0008A80FFE70B9800689DF810100DF0D4FC27
:108CD00005909DF81400C00760B1FFE7099804995A
:108CE00000EB41110120C1F8080B0B98049906F024
:108CF00087FFFFE79DF81400000700280CD5FFE769
:108D00000998049900EB41110820C1F8080B0B9851
:108D1000049906F02DFFFFE79DF81400C006002817
:108D200008D5FFE70998049900EB41111020C1F81C
:108D3000080BFFE79DF81400800700282DD5FFE7FA
:108D40000A9840690006002808D5FFE70999D1F87C
:108D5000040840F48060C1F80408FFE70B98049908
:108D600001EBC10100EB810000F515700890089837
:108D7000C078012809D1FFE708990020C8700B9836
:108D80009DF8101000F040FBFFE70998049900EBF4
:108D900041110220C1F8080BFFE79DF8140080067E
:108DA000002808D5FFE70998049900EB411120201D
:108DB000C1F8080BFFE79DF815008006002809D5CB
:108DC000FFE70998049900EB41114FF40050C1F8F6
:108DD000080BFFE7FFE7049801300490069840086D
:108DE000069063E7FFE70B9800680DF05DFC400319
:108DF000002840F1C680FFE70B9800680DF0ECFBFF
:108E0000069000200490FFE70698002800F0B88044
:108E1000FFE79DF81800C007002800F0AA80FFE7D0
:108E20000B9800689DF810100DF0FEFB05909DF862
:108E30001400C00700283ED0FFE7049800F00F019F
:108E4000012000FA01F10391039B099AD2F834182A
:108E50009943C2F834180999049A01EB4211C1F8F8
:108E600008090B98807901281FD1FFE70B98049916
:108E700001EBC10100EB8101CA69086A1044086274
:108E8000049888B9FFE70B98049901EBC10100EB46
:108E90008100406A40B9FFE70B99086801F29C42E3
:108EA00001210CF061FFFFE7FFE70B989DF8101020
:108EB000FFF7CAFBFFE79DF814000007002808D55C
:108EC000FFE70998049900EB41110820C1F808094F
:108ED000FFE79DF81400C006002808D5FFE70998B1
:108EE000049900EB41111020C1F80809FFE79DF833
:108EF00014004006002808D5FFE70998049900EB04
:108F000041114020C1F80809FFE79DF814008007CF
:108F1000002822D5FFE70A9804990DF0EDFA0B9886
:108F2000049901EBC10100EB81001430089008980E
:108F3000C078012809D1FFE708990020C8700B9874
:108F40009DF8101000F050FAFFE70998049900EB23
:108F500041110220C1F80809FFE79DF8140000063E
:108F6000002805D5FFE70B98049906F02DFFFFE7D1
:108F7000FFE704980130049006984008069043E704
:108F8000FFE70B9800680DF08FFBC00F00B3FFE701
:108F90000999D1F8040820F00100C1F804080B98E1
:108FA00090F8CC04012808D1FFE70B98002180F845
:108FB000CC140B98FFF7D8FA03E00B9800F0BCFB39
:108FC000FFE70B980168486900F000404861FFE73F
:108FD0000B9800680DF068FB0005002811D5FFE72D
:108FE0000998D0F80808C00720B1FFE70B9800F0F7
:108FF00037FCFFE70B980168486900F4006048619E
:10900000FFE70B9800680DF04FFB0001002820D50A
:10901000FFE70B980168486900F0006048610B9811
:1090200090F8CC0480B9FFE70B98012180F8CC14AC
:109030000B980068406DC0F383000B9AC2F8D0040F
:109040000B98FFF791FA03E00B9800F009FCFFE79B
:10905000FFE70B9800680DF027FBC004002840F1E3
:109060008680FFE70999D1F8040820F00100C1F8D3
:1090700004080B98006810210DF03EFA00200790BC
:10908000FFE707980B990979884231D2FFE70998E1
:10909000079900EB41114FF67F30C1F80809099993
:1090A000079A01EB4212D2F8001921F40011C2F81C
:1090B00000190999079A01EB4211C1F8080B0998A8
:1090C000079900EB4111D1F8000B20F40010C1F812
:1090D000000B0998079900EB4111D1F8000B40F003
:1090E0000060C1F8000BFFE7079801300790C8E760
:1090F0000999D1F81C0840F00110C1F81C080B9820
:10910000C07B78B1FFE70999D1F8840840F00B00E3
:10911000C1F884080999D1F8440840F00B00C1F85F
:1091200044080FE00999D1F8140842F22B021043C9
:10913000C1F814080999D1F8100840F00B00C1F8E3
:109140001008FFE70999D1F8000820F4FE60C1F883
:1091500000080B9A1068917902F29C420CF004FE10
:109160000B980168486900F480504861FFE70B984C
:1091700000680DF099FA800400281FD5FFE70B98CE
:1091800000680CF005FB0B9800680DF0F5F90B99E1
:10919000C8710B980068019002F02EF90146019801
:1091A0000B9AD2790DF09CFB0B9800F099FA0B9872
:1091B0000168486900F400504861FFE70B980068B7
:1091C0000DF072FA000700280AD5FFE70B9800F0AF
:1091D000BFFA0B980168486900F008004861FFE792
:1091E0000B9800680DF060FA0006002825D5FFE70F
:1091F0000A99886920F08000886101200490FFE7C7
:1092000004980B990979884216D2FFE70B980499C4
:1092100001EBC10100EB810090F85702012806D153
:10922000FFE70B989DF81010FFF742FAFFE7FFE702
:10923000049801300490E3E7FFE70B9800680DF015
:1092400033FAC00200283CD5FFE701200490FFE775
:1092500004980B99097988422CD2FFE70998049960
:1092600000EB4110D0F8000902900B98049901EB33
:10927000C10100EB8100007E012816D1FFE79DF8B7
:109280000B000006002810D5FFE70B98049901EBAE
:10929000C10100EB81010120C8750B989DF81010E9
:1092A00041F08001FFF704FAFFE7FFE7049801307F
:1092B0000490CDE70B980168486900F4801048617C
:1092C000FFE70B9800680DF0EFF98002002856D5F3
:1092D000FFE701200490FFE704980B990979884281
:1092E00046D2FFE70998049900EB4110D0F8000B33
:1092F00002900B98049901EBC10100EB810090F8FA
:10930000580201282FD1FFE79DF80B000006002826
:1093100029D5FFE7029800F480310B98D0F8D404E7
:1093200000F00100B0EB114F1DD1FFE70B9804993D
:1093300001EBC10100EB8101012081F857020A997C
:10934000886940F0800088610A984069000600281A
:1093500008D4FFE70999D1F8040840F40070C1F877
:10936000040805E0FFE7FFE7049801300490B3E745
:109370000B980168486900F400104861FFE70B98FA
:1093800000680DF091F9400000280AD5FFE70B981E
:10939000FFF74EF90B980168486900F0804048617A
:1093A000FFE70B9800680DF07FF94007002815D5FE
:1093B000FFE70B980068406802909DF8080040079E
:1093C000002804D5FFE70B98FFF766F9FFE7029A3C
:1093D0000B980168486810434860FFE7FFE70CB04E
:1093E00080BD00000000000080B582B001908DF8C3
:1093F00003100198D0F8E0049DF803100BF094FAE4
:1094000002B080BD0000000080B582B001908DF8F0
:1094100003100198D0F8E0049DF803100BF0BCFA9B
:1094200002B080BD0000000080B58CB00A900A98A0
:1094300020B9FFE701208DF82F000EE10A9890F87F
:10944000950440B9FFE70A99002081F894040A982E
:1094500000F00AF9FFE70A99032081F895040A98B9
:1094600000680CF075FC0A9B1868197C8DF82010B8
:1094700059689A68DB680793069205910599069AE0
:10948000079BDDF820C0EE46CEF800C00CF098F93E
:1094900040B1FFE70A99022081F8950401208DF878
:1094A0002F00DAE00A98006800210DF079F940B148
:1094B000FFE70A99022081F8950401208DF82F001A
:1094C000CBE000208DF82700FFE79DF827000A99E0
:1094D0000979884241DAFFE70A989DF8271001EBE5
:1094E000C10100EB8101012048759DF827000A9910
:1094F00000EBC00201EB820108759DF827000A9974
:1095000000EBC00201EB8201C8850A989DF8271084
:1095100001EBC10100EB8101002008760A999DF85A
:10952000272002EBC20201EB8201C8610A999DF873
:10953000272002EBC20201EB820108620A999DF822
:10954000272002EBC20201EB82014862FFE79DF88F
:10955000270001308DF82700B7E700208DF827009D
:10956000FFE79DF827000A99097988423EDAFFE76C
:109570000A989DF8271001EBC10100EB8101002042
:1095800081F855029DF827100A9A01EBC10302EBFE
:10959000830282F854120A999DF8272002EBC20236
:1095A00001EB820181F858020A999DF8272002EB0D
:1095B000C20201EB8201C1F85C020A999DF82720E2
:1095C00002EBC20201EB8201C1F860020A999DF828
:1095D000272002EBC20201EB8201C1F86402FFE71F
:1095E0009DF8270001308DF82700BAE70A9B18681C
:1095F000197C8DF8101059689A68DB680393029201
:1096000001910199029A039BDDF810C0EE46CEF855
:1096100000C00CF055FA40B1FFE70A99022081F82A
:10962000950401208DF82F0017E00A990020487456
:109630000A99012081F895040A98007B012804D139
:10964000FFE70A98FEF774FFFFE70A9800680CF03E
:109650001FFA00208DF82F00FFE79DF82F000CB0B7
:1096600080BD00000000000080B5B2B0319002A8BB
:10967000B821F7F765F8319800680021C4F20401B9
:1096800088422BD1FFE7002003904FF48020029006
:109690004FF44010239002A800F026FC18B1FFE719
:1096A000F9F7BEFEFFE700F04FF9FFE744F2D840BC
:1096B000C5F60200016841F000710160006800F029
:1096C000007001900198FFE74D20009005210022D5
:1096D000FEF70EFF0098FEF7FFFEFFE732B080BDF9
:1096E00080B582B0019001208DF803000198C07907
:1096F00020B9FFE700208DF803000CE00198C07945
:10970000022804D1FFE701208DF8030002E0F9F7F9
:1097100087FEFFE7FFE70198D0F8E0049DF803100B
:109720000BF042FA0198D0F8E0040BF0B9F902B05E
:1097300080BD00000000000080B582B0019001985B
:10974000D0F8E0040BF0FCF902B080BD000000008E
:1097500080B582B001900198D0F8E0040BF004FAD3
:1097600002B080BD0000000080B584B002908DF88A
:109770000710FFE7029890F89404012804D1FFE74E
:1097800002208DF80F0019E00299012081F894045D
:10979000FFE7FFE79DF80700029948740298006808
:1097A0009DF807100DF06CF8FFE70299002081F892
:1097B0009404FFE700208DF80F00FFE79DF80F00ED
:1097C00004B080BD0000000080B582B00190019916
:1097D000D1F8E00401F29C410BF012FA02B080BD16
:1097E00080B584B00290029800680190FFE702986B
:1097F00090F89404012804D1FFE702208DF80F00AF
:1098000028E00299012081F89404FFE7FFE701981E
:10981000C068400600280BD5FFE70298407B01286E
:1098200006D1FFE70199886B40F480308863FFE739
:10983000029800680CF018FE029800680CF010F90D
:10984000FFE70299002081F89404FFE700208DF8DB
:109850000F00FFE79DF80F0004B080BD000000007E
:1098600080B582B001900198D0F8E0040BF050FA76
:1098700001980168D1F8000E40F00100C1F8000E17
:109880000198C07A48B1FFE74EF61051CEF20001C0
:10989000086840F006000860FFE702B080BD0000E5
:1098A00080B584B0029044F60C00C5F60200006852
:1098B00000F004010020B0EB910F13D1FFE744F654
:1098C0000C00C5F60200006800F00700029988420B
:1098D00004D0FFE701208DF80F002EE000208DF866
:1098E0000F002AE044F60C01C5F60201086820F0DA
:1098F0000700029A10430860FEF716FD0190FFE78B
:1099000044F60400C5F60200006800F4005100208F
:10991000B0EB513F0DD1FFE7FEF706FD0199401A6C
:10992000B0F57A7F04D9FFE701208DF80F0004E03D
:10993000E6E700208DF80F00FFE79DF80F0004B068
:1099400080BD00000000000044F60C01C5F60201D5
:10995000086840F080700860704700000000000058
:1099600080B501F049FD44F22041C5F602010968C5
:10997000C1F3021247F6FC51C0F60201895C01F006
:109980001F01C84080BD000088B0079044F2284005
:10999000C5F60200016801F0030106910068C0F3FA
:1099A0000530059044F22C40C5F602000068C0F373
:1099B00000100490049844F23C41C5F60201096885
:1099C00089B2C908484300EE100AB8EE400A8DED8E
:1099D000020A0598002800F01B81FFE70698009016
:1099E00048B1FFE70098012869D0FFE700980228F6
:1099F00000F08980ABE044F20040C5F60200006848
:109A000000F020010020B0EB511F33D0FFE744F2FB
:109A10000040C5F602000068C0F3C10149F2000031
:109A2000C0F2D030C84003909DED030AB8EE400A62
:109A30009DED051AB8EE411A80EE010A44F2384055
:109A4000C5F6020000686FF35F2001EE100AB8EE61
:109A5000411A9DED022A9FED743A82EE032A31EEFF
:109A6000021AB7EE002A31EE021A20EE010A8DED3D
:109A7000010A23E09DED050AB8EE401A9FED6C0A3D
:109A800080EE010A44F23840C5F6020000686FF328
:109A90005F2001EE100AB8EE411A9DED022A9FEDFB
:109AA000623A82EE032A31EE021AB7EE002A31EE54
:109AB000021A20EE010A8DED010AFFE76BE09DED31
:109AC000050AB8EE401A9FED590A80EE010A44F2E9
:109AD0003840C5F6020000686FF35F2001EE100AFF
:109AE000B8EE411A9DED022A9FED4F3A82EE032A0D
:109AF00031EE021AB7EE002A31EE021A20EE010A08
:109B00008DED010A47E09DED050AB8EE401A9FED84
:109B1000450A80EE010A44F23840C5F602000068AA
:109B20006FF35F2001EE100AB8EE411A9DED022A94
:109B30009FED3D3A82EE032A31EE021AB7EE002A7B
:109B400031EE021A20EE010A8DED010A23E09DEDAF
:109B5000050AB8EE401A9FED350A80EE010A44F27C
:109B60003840C5F6020000686FF35F2001EE100A6E
:109B7000B8EE411A9DED022A9FED2B3A82EE032AA0
:109B800031EE021AB7EE002A31EE021A20EE010A77
:109B90008DED010AFFE79DED010A44F23840C5F65C
:109BA0000200016889B2490A01EE101AB8EE411AA2
:109BB000B7EE002A31EE021A80EE010A0799BCEED8
:109BC000C00A81ED000A9DED010A0168C1F306415A
:109BD00001EE101AB8EE411A31EE021A80EE010AB7
:109BE0000799BCEEC00A81ED010A9DED010A0068EB
:109BF000C0F3066001EE100AB8EE411A31EE021A07
:109C000080EE010A0798BCEEC00A80ED020A07E068
:109C10000799002008600799486007998860FFE766
:109C200008B07047001BB74B000000460024744A80
:109C30000024744C0000000088B0079044F22840D3
:109C4000C5F60200016801F0030106910068C0F347
:109C50000550059044F22C40C5F602000068C0F3A0
:109C600000200490049844F24441C5F602010968BA
:109C700089B2C908484300EE100AB8EE400A8DEDDB
:109C8000020A0598002800F01B81FFE70698009063
:109C900048B1FFE70098012869D0FFE70098022843
:109CA00000F08980ABE044F20040C5F60200006895
:109CB00000F020010020B0EB511F33D0FFE744F249
:109CC0000040C5F602000068C0F3C10149F200007F
:109CD000C0F2D030C84003909DED030AB8EE400AB0
:109CE0009DED051AB8EE411A80EE010A44F240409B
:109CF000C5F6020000686FF35F2001EE100AB8EEAF
:109D0000411A9DED022A9FED743A82EE032A31EE4C
:109D1000021AB7EE002A31EE021A20EE010A8DED8A
:109D2000010A23E09DED050AB8EE401A9FED6C0A8A
:109D300080EE010A44F24040C5F6020000686FF36D
:109D40005F2001EE100AB8EE411A9DED022A9FED48
:109D5000623A82EE032A31EE021AB7EE002A31EEA1
:109D6000021A20EE010A8DED010AFFE76BE09DED7E
:109D7000050AB8EE401A9FED590A80EE010A44F236
:109D80004040C5F6020000686FF35F2001EE100A44
:109D9000B8EE411A9DED022A9FED4F3A82EE032A5A
:109DA00031EE021AB7EE002A31EE021A20EE010A55
:109DB0008DED010A47E09DED050AB8EE401A9FEDD2
:109DC000450A80EE010A44F24040C5F602000068F0
:109DD0006FF35F2001EE100AB8EE411A9DED022AE2
:109DE0009FED3D3A82EE032A31EE021AB7EE002AC9
:109DF00031EE021A20EE010A8DED010A23E09DEDFD
:109E0000050AB8EE401A9FED350A80EE010A44F2C9
:109E10004040C5F6020000686FF35F2001EE100AB3
:109E2000B8EE411A9DED022A9FED2B3A82EE032AED
:109E300031EE021AB7EE002A31EE021A20EE010AC4
:109E40008DED010AFFE79DED010A44F24040C5F6A1
:109E50000200016889B2490A01EE101AB8EE411AEF
:109E6000B7EE002A31EE021A80EE010A0799BCEE25
:109E7000C00A81ED000A9DED010A0168C1F30641A7
:109E800001EE101AB8EE411A31EE021A80EE010A04
:109E90000799BCEEC00A81ED010A9DED010A006838
:109EA000C0F3066001EE100AB8EE411A31EE021A54
:109EB00080EE010A0798BCEEC00A80ED020A07E0B6
:109EC0000799002008600799486007998860FFE7B4
:109ED00008B07047001BB74B000000460024744ACE
:109EE0000024744C0000000080B59AB01890002047
:109EF0008DF857008DF856001898C0780007002894
:109F000048D5FFE71898406E149078B1FFE7149891
:109F1000B0F5801F13D0FFE71498B0F5001F16D0DE
:109F2000FFE71498B0F5401F19D019E044F22C4116
:109F3000C5F60201086840F40030086014E0189883
:109F40000830022106F010F88DF857000CE0189840
:109F50002830022106F0F0F88DF8570004E003E005
:109F600001208DF85700FFE79DF8570060B9FFE723
:109F700044F25041C5F60201086820F44010189AD6
:109F8000526E1043086004E09DF857008DF85600AB
:109F9000FFE7FFE718984078C007002840D0FFE7A8
:109FA0001898806D1390042820D81399DFE801F0E9
:109FB000030C141C1D0044F22C41C5F60201086874
:109FC00040F40030086015E018980830002105F0D2
:109FD000CBFF8DF857000DE018982830002106F0CF
:109FE000ABF88DF8570005E004E003E001208DF8A0
:109FF0005700FFE79DF8570060B9FFE744F2504172
:10A00000C5F60201086820F00700189A926D104307
:10A01000086004E09DF857008DF85600FFE7FFE761
:10A02000189840784007002856D5FFE71898D0F8D0
:10A03000A4001290C8B1FFE71298B0F5001F1DD020
:10A04000FFE71298B0F5800F20D0FFE71298B0F527
:10A05000C00F23D0FFE71298B0F5000F1FD0FFE725
:10A060001298B0F5200F1BD01BE044F22C41C5F62E
:10A070000201086840F40030086016E018980830C3
:10A08000002105F071FF8DF857000EE01898283078
:10A09000002106F051F88DF8570006E005E004E0D5
:10A0A00003E001208DF85700FFE79DF8570068B9DD
:10A0B000FFE744F25841C5F60201086820F4600049
:10A0C000189AD2F8A4201043086004E09DF85700C5
:10A0D0008DF85600FFE7FFE7189840780007002842
:10A0E00056D5FFE71898D0F8A8001190C8B1FFE73F
:10A0F0001198B0F1807F1DD0FFE71198B0F1007F7B
:10A1000020D0FFE71198B0F1407F23D0FFE71198EE
:10A11000B0F1806F1FD0FFE71198B0F1A06F1BD096
:10A120001BE044F22C41C5F60201086840F40030FF
:10A13000086016E018980830002105F015FF8DF82A
:10A1400057000EE018982830002105F0F5FF8DF833
:10A15000570006E005E004E003E001208DF8570019
:10A16000FFE79DF8570068B9FFE744F25841C5F68C
:10A170000201086820F0E060189AD2F8A820104385
:10A18000086004E09DF857008DF85600FFE7FFE7F0
:10A190001898C078800700283ED5FFE71898C06C53
:10A1A0001090F0B1FFE71098102808D0FFE7109842
:10A1B00020280DD0FFE71098302811D012E044F28B
:10A1C0002C41C5F60201086840F4003008600DE03B
:10A1D00018980830022105F0C7FE8DF8570005E0F9
:10A1E00004E003E001208DF85700FFE79DF85700D9
:10A1F00060B9FFE744F24C41C5F60201086820F05F
:10A200003000189AD26C1043086004E09DF85700A3
:10A210008DF85600FFE7FFE718984078C006002841
:10A220004ED5FFE71898C06D0F90A0B1FFE70F98CB
:10A23000B0F5805F18D0FFE70F98B0F5005F1BD036
:10A24000FFE70F98B0F5405F1ED0FFE70F98B0F51D
:10A25000804F1AD01AE044F22C41C5F6020108687A
:10A2600040F40030086015E018980830002105F02F
:10A270007BFE8DF857000DE018982830002105F07E
:10A280005BFF8DF8570005E004E003E001208DF846
:10A290005700FFE79DF8570060B9FFE744F25041CF
:10A2A000C5F60201086820F4E040189AD26D104308
:10A2B000086004E09DF857008DF85600FFE7FFE7BF
:10A2C00018984078800600284CD5FFE71898006E53
:10A2D0000E90C8B1FFE70E98B0F5803F15D0FFE7AC
:10A2E0000E98B0F5003F18D0FFE70E98B0F5403F4C
:10A2F0001BD0FFE70E98B0F5802F17D0FFE70E9820
:10A30000B0F5A02F13D013E016E018980830012103
:10A3100005F02AFE8DF857000EE01898283001212C
:10A3200005F00AFF8DF8570006E005E004E003E0C1
:10A3300001208DF85700FFE79DF8570060B9FFE74F
:10A3400044F25041C5F60201086820F4E020189A52
:10A35000126E1043086004E09DF857008DF8560017
:10A36000FFE7FFE718984078400600284ED5FFE742
:10A370001898D0F8AC000D90C8B1FFE70D98B0F177
:10A38000805F15D0FFE70D98B0F1005F18D0FFE7B0
:10A390000D98B0F1405F1BD0FFE70D98B0F1804FF2
:10A3A00017D0FFE70D98B0F1A04F13D013E016E0DF
:10A3B00018980830012105F0D7FD8DF857000EE000
:10A3C00018982830012105F0B7FE8DF8570006E0F7
:10A3D00005E004E003E001208DF85700FFE79DF859
:10A3E000570068B9FFE744F25841C5F60201086812
:10A3F00020F0E040189AD2F8AC201043086004E046
:10A400009DF857008DF85600FFE7FFE71898407851
:10A41000000600283BD5FFE71898C06E0C90D8B115
:10A42000FFE70C98B0F1805F05D0FFE70C98B0F122
:10A43000005F09D011E044F22C41C5F60201086822
:10A4400040F4003008600CE018980830012105F055
:10A450008BFD8DF8570004E003E001208DF85700D4
:10A46000FFE79DF8570060B9FFE744F25041C5F699
:10A470000201086820F04050189AD26E104308601C
:10A4800004E09DF857008DF85600FFE7FFE71898A5
:10A49000C078C007002837D0FFE71898806C0B9071
:10A4A000032817D80B99DFE801F014020B1344F2CC
:10A4B0002C41C5F60201086840F4003008600DE048
:10A4C00018980830022105F04FFD8DF8570005E07F
:10A4D00004E003E001208DF85700FFE79DF85700E6
:10A4E00060B9FFE744F24C41C5F60201086820F06C
:10A4F0000300189A926C1043086004E09DF857001E
:10A500008DF85600FFE7FFE718988078400600288E
:10A5100040F1B480FFE744F60001C5F60201086887
:10A5200040F480700860FDF7FFFE1690FFE744F6E8
:10A530000000C5F602000068C00500280CD4FFE743
:10A54000FDF7F2FE1699401A652804D3FFE70320B1
:10A550008DF8570000E0EAE79DF85700002840F02A
:10A560008780FFE744F27040C5F60200006800F4FF
:10A5700040701899D1F8B01001F44071884213D09E
:10A58000FFE744F27041C5F60201086820F440700C
:10A590001790086840F480300860086820F4803024
:10A5A000086017980860FFE71898D0F8B000B0F579
:10A5B000807F1FD1FFE7FDF7B7FE1690FFE744F25B
:10A5C0007040C5F60200006800F002010020B0EB08
:10A5D000510F0ED1FFE7FDF7A7FE1699401A41F281
:10A5E0008931884204D3FFE703208DF8570000E04B
:10A5F000E5E7FFE79DF85700A0BBFFE7FFE71898E6
:10A60000D0F8B00000F44070B0F5407F13D1FFE700
:10A6100044F21041C5F60201086820F47C50189AF3
:10A62000D2F8B0204FF6F043C0F6FF731A4040EA6C
:10A630001210086008E044F21041C5F602010868F3
:10A6400020F47C500860FFE71898D0F8B0206FF332
:10A650001F3244F27041C5F60201086810430860D9
:10A66000FFE704E09DF857008DF85600FFE704E08F
:10A670009DF857008DF85600FFE7FFE7189800682F
:10A68000C007002800F04C80FFE71898806F0A9000
:10A6900028282BD80A99DFE801F01529292929292A
:10A6A000292916292929292929291E292929292938
:10A6B000292926292929292929292729292929290F
:10A6C0002929280016E018980830012105F04CFCD3
:10A6D0008DF857000EE018982830012105F02CFD68
:10A6E0008DF8570006E005E004E003E001208DF856
:10A6F0005700FFE79DF8570060B9FFE744F2544167
:10A70000C5F60201086820F03800189A926F1043CD
:10A71000086004E09DF857008DF85600FFE7FFE75A
:10A72000189800788007002839D5FFE71898406FFF
:10A730000990052819D80999DFE801F003040C14E1
:10A74000151616E018980830012105F00DFC8DF85B
:10A7500057000EE018982830012105F0EDFC8DF827
:10A76000570006E005E004E003E001208DF8570003
:10A77000FFE79DF8570060B9FFE744F25441C5F682
:10A780000201086820F00700189A526F1043086011
:10A7900004E09DF857008DF85600FFE7FFE7189892
:10A7A0000078400700283BD5FFE71898D0F89000C4
:10A7B0000890052819D80899DFE801F003040C1463
:10A7C000151616E018980830012105F0CDFB8DF81C
:10A7D00057000EE018982830012105F0ADFC8DF8E7
:10A7E000570006E005E004E003E001208DF8570083
:10A7F000FFE79DF8570068B9FFE744F25841C5F6F6
:10A800000201086820F00700189AD2F8902010433F
:10A81000086004E09DF857008DF85600FFE7FFE759
:10A8200018980078800600284ED5FFE71898D0F8D1
:10A830008C000790C8B1FFE70798B0F1805F15D092
:10A84000FFE70798B0F1005F18D0FFE70798B0F175
:10A85000405F1BD0FFE70798B0F1804F17D0FFE7AC
:10A860000798B0F1A04F13D013E016E01898083005
:10A87000002105F079FB8DF857000EE0189828307C
:10A88000022105F059FC8DF8570006E005E004E0D0
:10A8900003E001208DF85700FFE79DF8570068B9E5
:10A8A000FFE744F25441C5F60201086820F0E04099
:10A8B000189AD2F88C201043086004E09DF85700E5
:10A8C0008DF85600FFE7FFE718980078400600284B
:10A8D0004ED5FFE71898D0F898000690C8B1FFE76A
:10A8E0000698B0F5806F15D0FFE70698B0F5006FB9
:10A8F00018D0FFE70698B0F5406F1BD0FFE7069829
:10A90000B0F5805F17D0FFE70698B0F5A05F13D0D1
:10A9100013E016E018980830002105F025FB8DF8AB
:10A9200057000EE018982830022105F005FC8DF83C
:10A93000570006E005E004E003E001208DF8570031
:10A94000FFE79DF8570068B9FFE744F25841C5F6A4
:10A950000201086820F4E050189AD2F898201043B9
:10A96000086004E09DF857008DF85600FFE7FFE708
:10A9700018980078000600284ED5FFE71898D0F800
:10A980009C000590C8B1FFE70598B0F5005F15D0B1
:10A99000FFE70598B0F5804F18D0FFE70598B0F5B0
:10A9A000C04F1BD0FFE70598B0F5004F17D0FFE769
:10A9B0000598B0F5204F13D013E016E01898083032
:10A9C000002105F0D1FA8DF857000EE018982830D4
:10A9D000022105F0B1FB8DF8570006E005E004E028
:10A9E00003E001208DF85700FFE79DF8570068B994
:10A9F000FFE744F25841C5F60201086820F46040C0
:10AA0000189AD2F89C201043086004E09DF8570083
:10AA10008DF85600FFE7FFE7189800780007002838
:10AA200020D5FFE71898D0F88000B0F5805F0CD1F2
:10AA3000FFE718982830022105F07EFB20B1FFE7E0
:10AA400001208DF85600FFE7FFE744F25441C5F6B8
:10AA50000201086820F44050189AD2F88020104370
:10AA60000860FFE718980078C006002820D5FFE7A7
:10AA70001898D0F89400B0F5807F0CD1FFE71898B3
:10AA80002830022105F058FB20B1FFE701208DF8A6
:10AA90005600FFE7FFE744F25841C5F60201086897
:10AAA00020F44070189AD2F8942010430860FFE711
:10AAB00018988078000700283CD5FFE71898D0F850
:10AAC000A000049050B1FFE70498B0F5803F0DD08E
:10AAD000FFE70498B0F5003F10D010E01898083058
:10AAE000002105F041FA8DF857000CE01898283045
:10AAF000022105F021FB8DF8570004E003E001205E
:10AB00008DF85700FFE79DF8570068B9FFE744F25A
:10AB10005841C5F60201086820F44030189AD2F86E
:10AB2000A0201043086004E09DF857008DF85600FF
:10AB3000FFE7FFE718988078400700283FD5FFE738
:10AB40001898D0F884000390B0F5801F0AD0FFE772
:10AB50000398B0F5001F0ED0FFE70398B0F5401F33
:10AB600011D011E044F22C41C5F60201086840F40E
:10AB7000003008600CE018982830012105F0DCFA5C
:10AB80008DF8570004E003E001208DF85700FFE73F
:10AB90009DF8570068B9FFE744F25441C5F6020139
:10ABA000086820F44010189AD2F8842010430860F6
:10ABB00004E09DF857008DF85600FFE7FFE718986E
:10ABC0008078C007A8B3FFE71898006D029028B1FD
:10ABD000FFE70298B0F5803F09D010E044F22C4125
:10ABE000C5F60201086840F4003008600BE01898D0
:10ABF0000830022105F0B8F98DF8570003E0012074
:10AC00008DF85700FFE79DF8570060B9FFE744F261
:10AC10004C41C5F60201086820F48030189A126D84
:10AC20001043086004E09DF857008DF85600FFE7D8
:10AC3000FFE71898C078800600280CD5FFE7189821
:10AC40002830022105F078FA20B1FFE701208DF8C5
:10AC50005600FFE7FFE718988078800700283AD56C
:10AC6000FFE71898C06F0190D0B1FFE70198B0F5E9
:10AC7000807F0AD0FFE70198B0F5007F0ED0FFE794
:10AC80000198B0F5407F0AD00BE044F22C41C5F6A4
:10AC90000201086840F40030086006E005E004E0C6
:10ACA00003E001208DF85700FFE79DF8570060B9D9
:10ACB000FFE744F25441C5F60201086820F44070F1
:10ACC000189AD26F1043086004E09DF857008DF881
:10ACD0005600FFE7FFE718988078C00600280CD5DB
:10ACE000FFE744F25041C5F60201086820F0004039
:10ACF000189A126F10430860FFE718988078800652
:10AD000000280CD5FFE744F25041C5F6020108685F
:10AD100020F08070189A926E10430860FFE7189830
:10AD2000C0784006002811D5FFE7FFE744F2104144
:10AD3000C5F60201086820F4004008601898D0F8B1
:10AD4000B420086810430860FFE7FFE71898C07850
:10AD5000000600280CD5FFE744F24C41C5F602017D
:10AD6000086820F04050189A526D10430860FFE7C1
:10AD700018988078000600280DD5FFE744F254416A
:10AD8000C5F60201086820F44000189AD2F888201D
:10AD900010430860FFE718980079C00790B1FFE7FB
:10ADA00018980830002105F0DFF88DF857009DF85D
:10ADB000570008B9FFE704E09DF857008DF85600EA
:10ADC000FFE7FFE7189800798007002812D5FFE712
:10ADD00018980830012105F0C7F88DF857009DF844
:10ADE000570008B9FFE704E09DF857008DF85600BA
:10ADF000FFE7FFE7189800794007002812D5FFE722
:10AE000018980830022105F0AFF88DF857009DF82A
:10AE1000570008B9FFE704E09DF857008DF8560089
:10AE2000FFE7FFE7189800790007002812D5FFE731
:10AE300018982830002105F07FF98DF857009DF80B
:10AE4000570008B9FFE704E09DF857008DF8560059
:10AE5000FFE7FFE718980079C006002812D5FFE742
:10AE600018982830012105F067F98DF857009DF8F2
:10AE7000570008B9FFE704E09DF857008DF8560029
:10AE8000FFE7FFE7189800798006002812D5FFE752
:10AE900018982830022105F04FF98DF857009DF8D9
:10AEA000570008B9FFE704E09DF857008DF85600F9
:10AEB000FFE7FFE79DF8560020B9FFE700208DF877
:10AEC000670003E001208DF86700FFE79DF8670049
:10AED0001AB080BD0000000080B586B004900391D8
:10AEE000049820B9FFE701208DF817003CE2039891
:10AEF00042F20001C5F20021096801F00F01884209
:10AF000016D9FFE742F20000C5F20020016821F0E7
:10AF10000F01039A11430160006800F00F000399CC
:10AF2000884204D0FFE701208DF817001CE2FFE7FC
:10AF3000049800784007002819D5FFE704980069B5
:10AF400044F21841C5F60201096801F07001884217
:10AF50000CD9FFE744F21841C5F60201086820F059
:10AF60007000049A126910430860FFE7FFE7049835
:10AF700000780007002819D5FFE70498406944F2DB
:10AF80001C41C5F60201096801F0700188420CD924
:10AF9000FFE744F21C41C5F60201086820F070008A
:10AFA000049A526910430860FFE7FFE704980078AD
:10AFB000C006002819D5FFE70498806944F21C41B7
:10AFC000C5F60201096801F4E06188420CD9FFE787
:10AFD00044F21C41C5F60201086820F4E060049ABE
:10AFE000926910430860FFE7FFE704980078800645
:10AFF000002819D5FFE70498C06944F22041C5F63E
:10B000000201096801F0700188420CD9FFE744F29F
:10B010002041C5F60201086820F07000049AD26948
:10B0200010430860FFE7FFE70498007880070028D6
:10B0300019D5FFE70498C06844F21841C5F602012B
:10B04000096801F00F0188420CD9FFE744F218416A
:10B05000C5F60201086820F00F00049AD268104378
:10B060000860FFE7FFE704980078C007002800F0B9
:10B070008C80FFE744F21841C5F60201086820F40D
:10B080007060049A9268104308600498406802282F
:10B0900011D1FFE744F20040C5F60200006800F459
:10B0A00000310020B0EB514F04D1FFE701208DF8B3
:10B0B000170059E13EE004984068032811D1FFE7EA
:10B0C00044F20040C5F60200006800F00071002064
:10B0D000B0EB516F04D1FFE701208DF8170043E179
:10B0E00027E004984068012811D1FFE744F20040AE
:10B0F000C5F60200006800F480710020B0EB112F4B
:10B1000004D1FFE701208DF817002DE110E044F293
:10B110000040C5F60200006800F004010020B0EB1A
:10B12000910F04D1FFE701208DF817001CE1FFE724
:10B13000FFE7FFE744F21041C5F60201086820F07E
:10B140000700049A526810430860FDF7EDF801907B
:10B15000FFE744F21040C5F60200006800F0380036
:10B1600004994968B0EBC10F0ED0FFE7FDF7DCF89A
:10B170000199401A41F28931884204D3FFE7032044
:10B180008DF81700F0E0E4E7FFE704980078800707
:10B19000002819D5FFE70498C06844F21841C5F6A5
:10B1A0000201096801F00F0188420CD2FFE744F266
:10B1B0001841C5F60201086820F00F00049AD26811
:10B1C00010430860FFE7FFE7039842F20001C5F271
:10B1D0000021096801F00F01884216D2FFE742F210
:10B1E0000000C5F20020016821F00F01039A11430D
:10B1F0000160006800F00F000399884204D0FFE767
:10B2000001208DF81700AFE0FFE7049800784007B1
:10B21000002819D5FFE70498006944F21841C5F6E3
:10B220000201096801F0700188420CD2FFE744F284
:10B230001841C5F60201086820F07000049A1269EE
:10B2400010430860FFE7FFE7049800780007002834
:10B2500019D5FFE70498406944F21C41C5F6020184
:10B26000096801F0700188420CD2FFE744F21C41EA
:10B27000C5F60201086820F07000049A5269104374
:10B280000860FFE7FFE704980078C006002819D59A
:10B29000FFE70498806944F21C41C5F60201096881
:10B2A00001F4E06188420CD2FFE744F21C41C5F68C
:10B2B0000201086820F4E060049A92691043086073
:10B2C000FFE7FFE7049800788006002819D5FFE71C
:10B2D0000498C06944F22041C5F60201096801F0F2
:10B2E000700188420CD2FFE744F22041C5F602010A
:10B2F000086820F07000049AD26910430860FFE7E4
:10B30000FFE700F0CDF844F21842C5F602021168DA
:10B31000C1F3032347F6FC51C0F60201CB5C03F0F6
:10B320001F03D84000900098126802F00F02895C59
:10B3300001F01F01C84040F23401C2F20041086030
:10B34000009840F23001C2F20041086040F27010F3
:10B35000C2F200400068FDF73FF88DF80B009DF841
:10B360000B008DF81700FFE79DF8170006B080BDB1
:10B3700082B00190009101993F20086044F2104092
:10B38000C5F60200006800F007000199486044F229
:10B390001840C5F60200016801F47061019A9160DD
:10B3A000016801F00F01019AD160006800F070009F
:10B3B0000199086144F21C40C5F60200016801F0E1
:10B3C0007001019A5161006800F4E06001998861A0
:10B3D00044F22040C5F60200006800F070000199B8
:10B3E000C86142F20000C5F20020006800F00F00C2
:10B3F0000099086002B0704780B582B000F050F844
:10B4000044F21842C5F602021168C1F3032347F65D
:10B41000FC51C0F60201CB5C03F01F03D840019041
:10B420000198126802F00F02895C01F01F0120FAF6
:10B4300001F140F23400C2F200400160019940F293
:10B440003002C2F200421160006802B080BD00000C
:10B4500080B5FFF7D1FF44F21C41C5F6020109682F
:10B46000C1F3021247F6FC51C0F60201895C01F0FB
:10B470001F01C84080BD000080B5FFF7BDFF44F24A
:10B480001C41C5F602010968C1F3022247F6FC51CE
:10B49000C0F60201895C01F01F01C84080BD0000B8
:10B4A0008AB044F21040C5F60200006800F038008F
:10B4B00001460191182800F269810199DFE811F035
:10B4C0001900660166016601660166016601660192
:10B4D0003A00660166016601660166016601660161
:10B4E000400066016601660166016601660166014B
:10B4F000460044F20040C5F60200006800F020015A
:10B500000020B0EB511F0ED0FFE744F20040C5F61B
:10B5100002000068C0F3C10149F20000C0F2D0305F
:10B52000C840029005E049F20000C0F2D03002901D
:10B53000FFE731E140F60010C0F23D0002902BE140
:10B5400043F20060C0F26E10029025E144F2284000
:10B55000C5F60200016801F0030108910068C0F31C
:10B560000510079044F22C40C5F60200006800F078
:10B5700001000690069844F23441C5F602010968BC
:10B5800089B2C908484300EE100AB8EE400A8DEDB2
:10B59000040A0798002800F0F580FFE7089800905B
:10B5A00048B1FFE70098012869D0FFE7009802281A
:10B5B00000F08980ABE044F20040C5F6020000686C
:10B5C00000F020010020B0EB511F33D0FFE744F220
:10B5D0000040C5F602000068C0F3C10149F2000056
:10B5E000C0F2D030C84005909DED050AB8EE400A83
:10B5F0009DED071AB8EE411A80EE010A44F2304080
:10B60000C5F6020000686FF35F2001EE100AB8EE85
:10B61000411A9DED042A9FED633A82EE032A31EE32
:10B62000021AB7EE002A31EE021A20EE010A8DED61
:10B63000030A23E09DED070AB8EE401A9FED5B0A6E
:10B6400080EE010A44F23040C5F6020000686FF354
:10B650005F2001EE100AB8EE411A9DED042A9FED1D
:10B66000513A82EE032A31EE021AB7EE002A31EE89
:10B67000021A20EE010A8DED030AFFE76BE09DED53
:10B68000070AB8EE401A9FED480A80EE010A44F21C
:10B690003040C5F6020000686FF35F2001EE100A2B
:10B6A000B8EE411A9DED042A9FED3E3A82EE032A40
:10B6B00031EE021AB7EE002A31EE021A20EE010A2C
:10B6C0008DED030A47E09DED070AB8EE401A9FEDA5
:10B6D000340A80EE010A44F23040C5F602000068E8
:10B6E0006FF35F2001EE100AB8EE411A9DED042AB7
:10B6F0009FED2C3A82EE032A31EE021AB7EE002AB1
:10B7000031EE021A20EE010A8DED030A23E09DEDD1
:10B71000070AB8EE401A9FED240A80EE010A44F2AF
:10B720003040C5F6020000686FF35F2001EE100A9A
:10B73000B8EE411A9DED042A9FED1A3A82EE032AD3
:10B7400031EE021AB7EE002A31EE021A20EE010A9B
:10B750008DED030AFFE744F23040C5F602000068B1
:10B7600081B2012000EB512009909DED030A9DED6F
:10B77000091AB8EE411A80EE010ABCEEC00A8DED3E
:10B78000020A02E000200290FFE705E040F6001008
:10B79000C0F23D000290FFE702980AB0704700BF78
:10B7A000001BB74B000000460024744A0024744C70
:10B7B00080B58CB00A900A9828B9FFE701208DF86F
:10B7C0002F0000F001BD0A980078C007002800F0A3
:10B7D000B980FFE744F21040C5F60200006800F0AF
:10B7E0003800069044F22840C5F602000068059033
:10B7F000069810280AD0FFE7069818281CD1FFE702
:10B80000059800F00300022816D1FFE744F200403B
:10B81000C5F60200006800F400310020B0EB514F83
:10B8200009D0FFE70A98406828B9FFE701208DF8A2
:10B830002F0000F0C9BC84E0FFE70A984068B0F52B
:10B84000803F09D1FFE744F20041C5F602010868D4
:10B8500040F48030086032E00A98406868B9FFE739
:10B8600044F20041C5F60201086820F48030086007
:10B87000086820F48020086020E00A984068B0F54D
:10B88000A02F0DD1FFE744F20041C5F60201086880
:10B8900040F480200860086840F4803008600CE0C4
:10B8A00044F20041C5F60201086820F480300860C7
:10B8B000086820F480200860FFE7FFE7FFE7FFE764
:10B8C0000A984068F0B1FFE7FCF72EFD0990FFE70A
:10B8D00044F20040C5F60200006800F40031002088
:10B8E000B0EB514F0DD1FFE7FCF71EFD0999401A4F
:10B8F000652805D3FFE703208DF82F0000F064BC16
:10B90000E6E71DE0FCF710FD0990FFE744F2004078
:10B91000C5F60200006800F400310020B0EB514F82
:10B920000DD0FFE7FCF700FD0999401A652805D303
:10B93000FFE703208DF82F0000F046BCE6E7FFE7A5
:10B94000FFE7FFE70A9800788007002840F1C580EC
:10B95000FFE744F21040C5F60200006800F038002E
:10B96000049044F22840C5F6020000680390049851
:10B9700050B1FFE70498182850D1FFE79DF80C005C
:10B98000800700284AD1FFE744F20040C5F60200D4
:10B99000006800F004010020B0EB910F09D0FFE730
:10B9A0000A98C06828B9FFE701208DF82F0000F041
:10B9B0000BBC44F20041C5F60201086820F01900F2
:10B9C0000A9AD26810430860FCF7AEFC0990FFE7C2
:10B9D00044F20040C5F60200006800F004010020B7
:10B9E000B0EB910F0CD1FFE7FCF79EFC0999401AD0
:10B9F000032804D3FFE703208DF82F00E4E3E7E7F3
:10BA000044F20441C5F60201086820F0FE400A9A9B
:10BA1000126940EA02600860FFE75DE00A98C068CA
:10BA2000A0B3FFE744F20041C5F60201086820F028
:10BA300019000A9AD26810430860FCF775FC099057
:10BA4000FFE744F20040C5F60200006800F0040180
:10BA50000020B0EB910F0CD1FFE7FCF765FC0999D2
:10BA6000401A032804D3FFE703208DF82F00ABE32F
:10BA7000E7E744F20441C5F60201086820F0FE4001
:10BA80000A9A126940EA0260086024E044F2004128
:10BA9000C5F60201086820F001000860FCF744FCCC
:10BAA0000990FFE744F20040C5F60200006800F08C
:10BAB00004010020B0EB910F0CD0FFE7FCF734FC41
:10BAC0000999401A032804D3FFE703208DF82F00BB
:10BAD0007AE3E7E7FFE7FFE7FFE70A980078C006A9
:10BAE000002840F1A080FFE744F21040C5F60200B4
:10BAF000006800F03800029044F22840C5F60200C9
:10BB000000680190029808280AD0FFE702981828D8
:10BB10002BD1FFE7019800F00300012825D1FFE7B2
:10BB200044F20040C5F60200006800F48071002075
:10BB3000B0EB112F09D0FFE70A98C069802804D024
:10BB4000FFE701208DF82F003EE3FFE744F20C41B0
:10BB5000C5F60201086820F07C500A9A126A40EA91
:10BB600002600860FFE7FFE75CE00A98C06998B3ED
:10BB7000FFE744F20041C5F60201086840F080008A
:10BB80000860FCF7D1FB0990FFE744F20040C5F6DE
:10BB90000200006800F480710020B0EB112F0CD17E
:10BBA000FFE7FCF7C1FB0999401A032804D3FFE71C
:10BBB00003208DF82F0007E3E7E7FFE744F20C418D
:10BBC000C5F60201086820F07C500A9A126A40EA21
:10BBD00002600860FFE724E044F20041C5F602017C
:10BBE000086820F080000860FCF79EFB0990FFE7E2
:10BBF00044F20040C5F60200006800F480710020A5
:10BC0000B0EB112F0CD0FFE7FCF78EFB0999401A1F
:10BC1000032804D3FFE703208DF82F00D4E2E7E7E1
:10BC2000FFE7FFE7FFE70A980078000700284FD5F5
:10BC3000FFE70A98406928B3FFE744F27441C5F66C
:10BC40000201086840F001000860FCF76DFB0990F4
:10BC5000FFE744F27440C5F60200006800F00201FC
:10BC60000020B0EB510F0CD1FFE7FCF75DFB099909
:10BC7000401A032804D3FFE703208DF82F00A3E226
:10BC8000E7E724E044F27441C5F60201086820F0B9
:10BC900001000860FCF748FB0990FFE744F274409C
:10BCA000C5F60200006800F002010020B0EB510F61
:10BCB0000CD0FFE7FCF738FB0999401A032804D39E
:10BCC000FFE703208DF82F007EE2E7E7FFE7FFE7BD
:10BCD0000A980078800600284FD5FFE70A98806907
:10BCE00028B3FFE744F20041C5F60201086840F4BA
:10BCF00080500860FCF718FB0990FFE744F2004011
:10BD0000C5F60200006800F400510020B0EB513F7E
:10BD10000CD1FFE7FCF708FB0999401A032804D36C
:10BD2000FFE703208DF82F004EE2E7E724E044F21E
:10BD30000041C5F60201086820F480500860FCF755
:10BD4000F3FA0990FFE744F20040C5F602000068EC
:10BD500000F400510020B0EB513F0CD0FFE7FCF79E
:10BD6000E3FA0999401A032804D3FFE703208DF86A
:10BD70002F0029E2E7E7FFE7FFE70A98007840078E
:10BD8000002840F1A780FFE744F60001C5F6020154
:10BD9000086840F480700860FCF7C6FA0990FFE775
:10BDA00044F60000C5F602000068C00500280CD467
:10BDB000FFE7FCF7B9FA0999401A652804D3FFE7B1
:10BDC00003208DF82F00FFE1EAE7FFE70A9880687B
:10BDD000012809D1FFE744F27041C5F60201086865
:10BDE00040F00100086031E00A98806868B9FFE718
:10BDF00044F27041C5F60201086820F001000860B5
:10BE0000086820F0040008601FE00A988068052890
:10BE10000DD1FFE744F27041C5F60201086840F019
:10BE200004000860086840F0010008600CE044F27B
:10BE30007041C5F60201086820F00100086008683A
:10BE400020F004000860FFE7FFE7FFE7FFE70A983C
:10BE50008068F8B1FFE7FCF767FA0990FFE744F262
:10BE60007040C5F60200006800F002010020B0EB4F
:10BE7000510F0ED1FFE7FCF757FA0999401A41F22A
:10BE80008931884204D3FFE703208DF82F009BE11E
:10BE9000E5E71EE0FCF748FA0990FFE744F270403E
:10BEA000C5F60200006800F002010020B0EB510F5F
:10BEB0000ED0FFE7FCF738FA0999401A41F28931B0
:10BEC000884204D3FFE703208DF82F007CE1E5E7EB
:10BED000FFE7FFE70A98406A002800F07181FFE75A
:10BEE00044F21040C5F60200006800F0380018283F
:10BEF00000F0E080FFE70A98406A022840F0B48032
:10BF0000FFE744F20041C5F60201086820F08070A6
:10BF10000860FCF709FA0990FFE744F20040C5F613
:10BF20000200006800F000710020B0EB516F0CD0EF
:10BF3000FFE7FCF7F9F90999401A032804D3FFE752
:10BF400003208DF82F003FE1E7E7FFE744F22841A7
:10BF5000C5F60201086840F2F33290430A9B9A6AE0
:10BF6000DB6A42EA0312104308600A99086BD1F8B1
:10BF700034C08B6BCA6B01386FF35F204FF60061E2
:10BF8000CFF6FF7101EB4C2189B208440021CFF6B6
:10BF9000FF7101EB034101F4FE0108444FF07F41C2
:10BFA00001EB026101F0FE41084444F23041C5F664
:10BFB00002010860FFE744F22C41C5F6020100913E
:10BFC000086820F00100086044F23442C5F602021D
:10BFD00010684FF6F87398430A9B9B6C40EAC300C5
:10BFE0001060086820F00C000A9A126C1043086078
:10BFF000086820F002000A9A526C10430860086832
:10C0000040F480300860086840F400300860086838
:10C0100040F480200860086840F00100086044F2A5
:10C020000041C5F60201086840F080700860FCF726
:10C030007BF90990FFE744F20040C5F60200006872
:10C0400000F000710020B0EB516F0CD1FFE7FCF75E
:10C050006BF90999401A032804D3FFE703208DF8F0
:10C060002F00B1E0E7E724E044F20041C5F6020109
:10C07000086820F080700860FCF756F90990FFE727
:10C0800044F20040C5F60200006800F00071002094
:10C09000B0EB516F0CD0FFE7FCF746F90999401A55
:10C0A000032804D3FFE703208DF82F008CE0E7E797
:10C0B000FFE784E044F22840C5F6020000680890DB
:10C0C00044F23040C5F60200006807900A98406AC2
:10C0D000012837D0FFE7089800F003000A99896A21
:10C0E00088422FD1FFE7089800F47C710A98C06A53
:10C0F000B0EB111F26D1FFE707986FF35F200A9975
:10C10000096B013988421DD1FFE7BDF81C100A9860
:10C11000406B0138B0EB512F14D1FFE7079800F4C2
:10C12000FE010A98806B0138B0EB114F0AD1FFE78E
:10C13000079800F0FE410A98C06B0138B0EB116F10
:10C1400004D0FFE701208DF82F003DE044F2344099
:10C15000C5F60200006880B2C00808900A98806C9A
:10C160000899884229D0FFE744F22C41C5F6020124
:10C17000086820F001000860FCF7D6F80990FFE796
:10C18000FCF7D2F80999401A08B9FFE7F8E744F23A
:10C190003441C5F6020108684FF6F87290430A9AD6
:10C1A000926C40EAC200086044F22C41C5F60201DC
:10C1B000086840F001000860FFE7FFE7FFE7FFE7DE
:10C1C00000208DF82F00FFE79DF82F000CB080BDF8
:10C1D00080B586B00490039102920193049820B92F
:10C1E000FFE701208DF8170056E00498D0F888008A
:10C1F00040B9FFE70499002081F88400049802F018
:10C200006FF8FFE704992420C1F8880004980168BA
:10C21000086820F0010008600498806A20B1FFE7F8
:10C22000049804F0B1FEFFE7049805F059FE0128D8
:10C2300004D1FFE701208DF817002DE00498016874
:10C24000886840F48040886004980068806820F422
:10C2500000400399084304990968886002984005E2
:10C2600000900199009840EA01400090049800680D
:10C2700000686FF319400099084304990968086041
:10C2800004980168086840F001000860049804F010
:10C290001FFF8DF81700FFE79DF8170006B080BD5F
:10C2A00081B0009001B0704781B0009001B070473C
:10C2B00081B0009001B0704785B003900291FFE714
:10C2C000039890F83C00012804D1FFE702208DF884
:10C2D0001300ABE00399012081F83C00FFE7FFE782
:10C2E0000399022081F83D0003980068406801909E
:10C2F0000398006880680090039800680021C4F2E9
:10C300000101884209D0FFE70398006840F200412C
:10C31000C4F2010188420AD1FFE7019820F47000BD
:10C32000019002984168019808430190FFE7019845
:10C3300020F0700001900298016801980843019074
:10C340000198039909684860039800680021C4F2C5
:10C35000010188424ED0FFE703980068B0F1804F9A
:10C3600048D0FFE70398006840F20041C4F20001A2
:10C3700088423FD0FFE70398006840F60001C4F20E
:10C380000001884236D0FFE70398006840F600417C
:10C39000C4F2000188422DD0FFE70398006840F204
:10C3A0000041C4F20101884224D0FFE703980068ED
:10C3B00041F60001C4F2000188421BD0FFE7039858
:10C3C000006844F20001C4F20101884212D0FFE784
:10C3D000039800684EF20001C4F20001884209D0BF
:10C3E000FFE7039800684EF20041C4F20001884262
:10C3F0000ED1FFE7009820F080000090029881683D
:10C400000098084300900098039909688860FFE746
:10C410000399012081F83D00FFE70399002081F88E
:10C420003C00FFE700208DF81300FFE79DF81300A4
:10C4300005B070470000000080B582B00090009801
:10C4400020B9FFE701208DF8070045E0009890F83B
:10C450003D0040B9FFE70099002081F83C000098BA
:10C4600000F03EF8FFE70099022081F83D000099B6
:10C4700051F8040B04F050F80099012081F84800AD
:10C48000FFE70099012081F83E00009981F83F0004
:10C49000009981F84000009981F84100009981F8E5
:10C4A0004200009981F84300FFE7FFE7009901206F
:10C4B00081F84400009981F84500009981F8460010
:10C4C000009981F84700FFE70099012081F83D00BD
:10C4D00000208DF80700FFE79DF8070002B080BD3F
:10C4E00083B002900298006841F20001C4F200019A
:10C4F000884210D1FFE7FFE744F2E840C5F60200AA
:10C50000016841F010010160006800F01000019026
:10C510000198FFE719E00298006841F60001C4F2B3
:10C520000001884210D1FFE7FFE744F2E840C5F67A
:10C530000200016841F040010160006800F0400025
:10C5400000900098FFE7FFE7FFE703B070470000A7
:10C5500083B00190019890F83D00012804D0FFE7D6
:10C5600001208DF80B0083E00199022081F83D0045
:10C5700001980168C86840F00100C860019800682F
:10C580000021C4F2010188424ED0FFE70198006803
:10C59000B0F1804F48D0FFE70198006840F20041B9
:10C5A000C4F2000188423FD0FFE70198006840F6DE
:10C5B0000001C4F20001884236D0FFE7019800680C
:10C5C00040F60041C4F2000188422DD0FFE70198F7
:10C5D000006840F20041C4F20101884224D0FFE724
:10C5E0000198006841F60001C4F2000188421BD0A6
:10C5F000FFE70198006844F20001C4F2010188429B
:10C6000012D0FFE7019800684EF20001C4F2000169
:10C61000884209D0FFE7019800684EF20041C4F259
:10C620000001884219D1FFE701980068806807215E
:10C63000C0F2010108400090009806280CD0FFE7E6
:10C640000098B0F5803F07D0FFE7019801680868BF
:10C6500040F001000860FFE706E001980168086803
:10C6600040F001000860FFE700208DF80B00FFE7B5
:10C670009DF80B0003B0704780B586B0049003911D
:10C6800000208DF80B00FFE7049890F83C0001288B
:10C6900004D1FFE702208DF81700D1E004990120B2
:10C6A00081F83C00FFE7FFE70499022081F83D0094
:10C6B000049800688068019001984FF68871CFF661
:10C6C000CE7108400190019820F47F4001900198BC
:10C6D000049909688860039800680090002800F0B9
:10C6E0009580FFE70098102800F09080FFE7009801
:10C6F000202800F08B80FFE70098302800F086802B
:10C70000FFE70098402874D0FFE70098502856D0E3
:10C71000FFE7009860285FD0FFE7009870282AD0D4
:10C72000FFE70098B0F5805F24D0FFE70098B0F5F0
:10C73000005F35D0FFE70098B0F5801F66D0FFE7B7
:10C740000098B0F1101F61D0FFE700982021C0F2DF
:10C75000100188425AD0FFE700983021C0F2100142
:10C76000884253D0FFE700984021C0F21001884270
:10C770004CD052E055E004980068039B5A689968D1
:10C78000DB6803F0C9FF0498006880680190019895
:10C7900040F077000190019804990968886040E0B2
:10C7A00004980068039B5A689968DB6803F0B4FF3B
:10C7B00004980168886840F48040886031E00498FB
:10C7C0000068039A5168D26804F036FB0498006848
:10C7D000502103F0BDFF24E004980068039A5168DB
:10C7E000D26804F051FB04980068602103F0B0FFA8
:10C7F00017E004980068039A5168D26804F01CFBA3
:10C8000004980068402103F0A3FF0AE00498006840
:10C810000399096803F09CFF03E001208DF80B00E9
:10C82000FFE70499012081F83D00FFE7049900200B
:10C8300081F83C00FFE79DF80B008DF81700FFE73B
:10C840009DF8170006B080BD81B0009001B0704720
:10C8500080B584B0039003980068C0680290039884
:10C860000068006901909DF804008007002824D525
:10C87000FFE79DF80800800700281DD5FFE7039813
:10C8800001686FF00200086103990120087703989E
:10C8900000688069800720B1FFE70398FFF7D4FFA5
:10C8A00006E0039800F030F9039800F061FAFFE722
:10C8B000039900200877FFE7FFE79DF80400400791
:10C8C000002825D5FFE79DF80800400700281ED561
:10C8D000FFE7039801686FF00400086103990220E4
:10C8E000087703980068806910F4407F04D0FFE760
:10C8F0000398FFF7A9FF06E0039800F005F90398F5
:10C9000000F036FAFFE7039900200877FFE7FFE71A
:10C910009DF804000007002824D5FFE79DF80800D3
:10C92000000700281DD5FFE7039801686FF0080095
:10C93000086103990420087703980068C06980079C
:10C9400020B1FFE70398FFF77FFF06E0039800F0B0
:10C95000DBF8039800F00CFAFFE703990020087752
:10C96000FFE7FFE79DF80400C006002825D5FFE794
:10C970009DF80800C00600281ED5FFE7039801684F
:10C980006FF0100008610399082008770398006889
:10C99000C06910F4407F04D0FFE70398FFF754FF0D
:10C9A00006E0039800F0B0F8039800F0E1F9FFE723
:10C9B000039900200877FFE7FFE79DF80400C00710
:10C9C00078B1FFE79DF80800C00748B1FFE703987A
:10C9D00001686FF001000861039800F021FBFFE798
:10C9E000FFE7019800F08000802806D0FFE79DF85F
:10C9F00005008006002810D5FFE79DF80800000616
:10CA0000002809D5FFE7039801686FF40250086118
:10CA10000398FFF749FCFFE7FFE79DF80500C00713
:10CA200080B1FFE79DF808000006002809D5FFE760
:10CA3000039801686FF4807008610398FFF730FC79
:10CA4000FFE7FFE79DF804004006002810D5FFE748
:10CA50009DF808004006002809D5FFE70398016803
:10CA60006FF040000861039800F0EEFAFFE7FFE77F
:10CA70009DF804008006002810D5FFE79DF8080007
:10CA80008006002809D5FFE7039801686FF02000B1
:10CA900008610398FFF70CFCFFE7FFE704B080BDD7
:10CAA00080B588B007900020069005900490039010
:10CAB00002900798006841F60001C4F20001884224
:10CAC00020D1FFE7FFE744F2E040C5F6020001682D
:10CAD00041F002010160006800F00200019001983D
:10CAE000FFE74FF4004002900220039000210491E0
:10CAF0000591069040F20040C5F6020002A9FBF73E
:10CB000027FAFFE708B080BD81B0009001B0704700
:10CB100080B586B004900391029200208DF8070042
:10CB2000FFE7049890F83C00012804D1FFE70220B9
:10CB30008DF81700C0E00499012081F83C00FFE760
:10CB4000FFE702980090142800F2A7800099DFE820
:10CB500001F00BA4A4A424A4A4A43EA4A4A457A4B8
:10CB6000A4A471A4A4A48A0004980068039903F003
:10CB700007FE04980168886940F0080088610498FD
:10CB80000168886920F004008861039802690498AC
:10CB9000016888691043886183E0049800680399FC
:10CBA00003F096FE04980168886940F4006088618B
:10CBB00004980168886920F480608861039802699C
:10CBC00004980168886940EA0220886169E0049855
:10CBD0000068039903F034FF04980168C86940F0C5
:10CBE0000800C86104980168C86920F00400C861A1
:10CBF0000398026904980168C8691043C86150E04D
:10CC000004980068039903F0D3FF04980168C86989
:10CC100040F40060C86104980168C86920F480602D
:10CC2000C8610398026904980168C86940EA022053
:10CC3000C86136E004980068039904F029F8049864
:10CC40000168486D40F00800486504980168486D27
:10CC500020F0040048650398026904980168486D53
:10CC6000104348651DE004980068039904F078F8C3
:10CC700004980168486D40F40060486504980168B4
:10CC8000486D20F480604865039802690498016843
:10CC9000486D40EA0220486503E001208DF8070056
:10CCA000FFE7FFE70499002081F83C00FFE79DF8CB
:10CCB00007008DF81700FFE79DF8170006B080BD4C
:10CCC00080B582B00090009820B9FFE701208DF870
:10CCD000070045E0009890F83D0040B9FFE7009953
:10CCE000002081F83C00009800F03EF8FFE7009932
:10CCF000022081F83D00009951F8040B03F00CFC70
:10CD00000099012081F84800FFE70099012081F88F
:10CD10003E00009981F83F00009981F84000009999
:10CD200081F84100009981F84200009981F84300A0
:10CD3000FFE7FFE70099012081F84400009981F89E
:10CD40004500009981F84600009981F84700FFE707
:10CD50000099012081F83D0000208DF80700FFE7D1
:10CD60009DF8070002B080BD81B0009001B070470F
:10CD700081B0009001B0704780B590B00E900D91D9
:10CD80000D9828B9FFE70E9890F83E000B9034E01C
:10CD90000D98042805D1FFE70E9890F83F000A90FF
:10CDA00028E00D98082805D1FFE70E9890F840007C
:10CDB00009901CE00D980C2805D1FFE70E9890F81B
:10CDC0004100089010E00D98102805D1FFE70E985B
:10CDD00090F84200079004E00E9890F84300079006
:10CDE000FFE707980890FFE708980990FFE7099880
:10CDF0000A90FFE70A980B90FFE70B98012804D0F0
:10CE0000FFE701208DF83F0003E10D9828B9FFE707
:10CE10000E99022081F83E0038E00D98042806D1D2
:10CE2000FFE70E99022081F83F0006902CE00D9854
:10CE3000082806D1FFE70E99022081F840000590EE
:10CE40001FE00D980C2806D1FFE70E99022081F80B
:10CE50004100049012E00D98102806D1FFE70E99CA
:10CE6000022081F84200039005E00E99022081F82B
:10CE700043000390FFE703980490FFE704980590B0
:10CE8000FFE705980690FFE70698FFE70E98006811
:10CE90000D990122019203F023FC01980E99096873
:10CEA0000022C4F20102914202902DD0FFE70E98B9
:10CEB0000168012040F20042C4F201029142029056
:10CEC00022D0FFE70E980168012044F20002C4F26C
:10CED00001029142029017D0FFE70E9801680120ED
:10CEE00044F20042C4F20102914202900CD0FFE7EA
:10CEF0000E9800684BF60001CBF6FE710844B0FABC
:10CF000080F040090290FFE70298C00738B1FFE7C0
:10CF10000E980168486C40F400404864FFE70E98A2
:10CF200000680021C4F2010188424ED0FFE70E984C
:10CF30000068B0F1804F48D0FFE70E98006840F2DB
:10CF40000041C4F2000188423FD0FFE70E9800681C
:10CF500040F60001C4F20001884236D0FFE70E9887
:10CF6000006840F60041C4F2000188422DD0FFE77E
:10CF70000E98006840F20041C4F20101884224D0BA
:10CF8000FFE70E98006841F60001C4F200018842F4
:10CF90001BD0FFE70E98006844F20001C4F20101C3
:10CFA000884212D0FFE70E9800684EF20001C4F2EA
:10CFB0000001884209D0FFE70E9800684EF2004158
:10CFC000C4F20001884219D1FFE70E98006880681A
:10CFD0000721C0F2010108400C900C9806280CD0E3
:10CFE000FFE70C98B0F5803F07D0FFE70E98016887
:10CFF000086840F001000860FFE706E00E9801684D
:10D00000086840F001000860FFE700208DF83F004D
:10D01000FFE79DF83F0010B080BD00000000000059
:10D0200080B582B00190019800684EF20001C4F210
:10D030000001884203D1FFE7FBF77EF9FFE702B06A
:10D0400080BD00000000000081B0009001B070477A
:10D0500083B00190FFE7019890F88400012804D183
:10D06000FFE702208DF80B002CE00199012081F8E8
:10D070008400FFE7FFE701992420C1F888000198A8
:10D0800000680068009001980168086820F00100BD
:10D090000860009820F00050009001990020486638
:10D0A000009801990968086001992020C1F888005A
:10D0B000FFE70199002081F88400FFE700208DF848
:10D0C0000B00FFE79DF80B0003B070470000000065
:10D0D00080B586B004900391ADF80A200498D0F88A
:10D0E0008C00202844D1FFE7039820B1FFE7BDF86A
:10D0F0000A0020B9FFE701208DF817003CE00499F1
:10D100000120C86604990020086704980399BDF8B7
:10D110000A2005F00DFC8DF809009DF8090010BBF0
:10D12000FFE70498C06E012818D1FFE70498016852
:10D1300010200862FFE7FFE70498006850E8000F3E
:10D1400040F010000190FFE701990498026842E85E
:10D1500000100028F0D1FFE7FFE703E001208DF881
:10D160000900FFE7FFE79DF809008DF8170003E0CD
:10D1700002208DF81700FFE79DF8170006B080BD6C
:10D1800080B58EB00D90ADF832100FF035FD0FF078
:10D190008BFE0B900D9801900B980168896B884766
:10D1A00001460198884240F0EE80FFE743F6C84010
:10D1B000C2F200400990BDF83200ADF828000B988B
:10D1C00001680A6B09A9904747F6C451C0F60201ED
:10D1D00008684968089107900B9801688A6A07A94E
:10D1E000904742F27820C2F2004000681021C4F259
:10D1F0000201884200F0B280FFE742F27820C2F2DA
:10D20000004000682821C4F20201884200F0A68094
:10D21000FFE742F27820C2F2004000684021C4F2E9
:10D220000201884200F09A80FFE742F27820C2F2C1
:10D23000004000685821C4F20201884200F08E804C
:10D24000FFE742F27820C2F2004000687021C4F289
:10D250000201884200F08280FFE742F27820C2F2A9
:10D26000004000688821C4F20201884276D0FFE7BE
:10D2700042F27820C2F200400068A021C4F202010C
:10D2800088426BD0FFE742F27820C2F2004000688B
:10D29000B821C4F20201884260D0FFE742F2782050
:10D2A000C2F20040006840F21041C4F2020188421C
:10D2B00054D0FFE742F27820C2F20040006840F20A
:10D2C0002841C4F20201884248D0FFE742F27820A8
:10D2D000C2F20040006840F24041C4F202018842BC
:10D2E0003CD0FFE742F27820C2F20040006840F2F2
:10D2F0005841C4F20201884230D0FFE742F2782060
:10D30000C2F20040006840F27041C4F2020188425B
:10D3100024D0FFE742F27820C2F20040006840F2D9
:10D320008841C4F20201884218D0FFE742F2782017
:10D33000C2F20040006840F2A041C4F202018842FB
:10D340000CD0FFE742F27820C2F20040006840F2C1
:10D35000B841C4F2020188420AD1FFE742F27820C4
:10D36000C2F200400168086820F00800086009E087
:10D3700042F27820C2F200400168086820F0040000
:10D380000860FFE7FFE70FF037FC0FF099FD06900C
:10D390000D98009006980168896B884701460098AF
:10D3A000884240F0EE80FFE741F2A470C2F20040F4
:10D3B0000490BDF83200ADF81400069801680A6BBD
:10D3C00004A9904747F6CC51C0F6020108684968A5
:10D3D00003910290069801688A6A02A9904742F276
:10D3E000F020C2F2004000681021C4F2020188421D
:10D3F00000F0B280FFE742F2F020C2F20040006885
:10D400002821C4F20201884200F0A680FFE742F220
:10D41000F020C2F2004000684021C4F202018842BC
:10D4200000F09A80FFE742F2F020C2F2004000686C
:10D430005821C4F20201884200F08E80FFE742F2D8
:10D44000F020C2F2004000687021C4F2020188425C
:10D4500000F08280FFE742F2F020C2F20040006854
:10D460008821C4F20201884276D0FFE742F2F02020
:10D47000C2F200400068A021C4F2020188426BD0D1
:10D48000FFE742F2F020C2F200400068B821C4F287
:10D490000201884260D0FFE742F2F020C2F2004071
:10D4A000006840F21041C4F20201884254D0FFE704
:10D4B00042F2F020C2F20040006840F22841C4F27B
:10D4C0000201884248D0FFE742F2F020C2F2004059
:10D4D000006840F24041C4F2020188423CD0FFE7BC
:10D4E00042F2F020C2F20040006840F25841C4F21B
:10D4F0000201884230D0FFE742F2F020C2F2004041
:10D50000006840F27041C4F20201884224D0FFE773
:10D5100042F2F020C2F20040006840F28841C4F2BA
:10D520000201884218D0FFE742F2F020C2F2004028
:10D53000006840F2A041C4F2020188420CD0FFE72B
:10D5400042F2F020C2F20040006840F2B841C4F25A
:10D55000020188420AD1FFE742F2F020C2F2004005
:10D560000168086820F00800086009E042F2F02035
:10D57000C2F200400168086820F004000860FFE77C
:10D58000FFE70EB080BD000081B0009001B0704791
:10D5900080B584B002900191FFE7029890F8840072
:10D5A000012804D1FFE702208DF80F0032E0029934
:10D5B000012081F88400FFE7FFE702992420C1F8E9
:10D5C0008800029800680068009002980168086866
:10D5D00020F00100086002980068806820F0606018
:10D5E00001990843029909688860029803F088FC51
:10D5F000009802990968086002992020C1F8880003
:10D60000FFE70299002081F88400FFE700208DF8F1
:10D610000F00FFE79DF80F0004B080BD0000000080
:10D6200080B584B002900191FFE7029890F88400E1
:10D63000012804D1FFE702208DF80F0032E00299A3
:10D64000012081F88400FFE7FFE702992420C1F858
:10D6500088000298006800680090029801680868D5
:10D6600020F00100086002980068806820F06040A7
:10D6700001990843029909688860029803F040FC08
:10D68000009802990968086002992020C1F8880072
:10D69000FFE70299002081F88400FFE700208DF861
:10D6A0000F00FFE79DF80F0004B080BD00000000F0
:10D6B00081B0009001B0704781B0009001B0704718
:10D6C00080B58EB00D900FF097FA0FF0EDFB0C9037
:10D6D0000FF092FA0FF0F4FB0B900D9802900C985B
:10D6E0000168896B884701460298884240F00881AA
:10D6F000FFE70D980068C0690A900D980068406ABD
:10D7000009900A9809980D980168086820F020008F
:10D7100008600D980168082008620D9801680420CF
:10D7200008620D980168022008620D9801680120C6
:10D7300008620D992020C1F88C000D99002081F815
:10D74000840047F6D451C0F6020108684968089180
:10D7500007900C9801688A6A07A9904742F27820DE
:10D76000C2F2004000681021C4F20201884200F0B9
:10D77000B280FFE742F27820C2F200400068282120
:10D78000C4F20201884200F0A680FFE742F278204E
:10D79000C2F2004000684021C4F20201884200F059
:10D7A0009A80FFE742F27820C2F2004000685821D8
:10D7B000C4F20201884200F08E80FFE742F2782036
:10D7C000C2F2004000687021C4F20201884200F0F9
:10D7D0008280FFE742F27820C2F200400068882190
:10D7E000C4F20201884276D0FFE742F27820C2F20A
:10D7F00000400068A021C4F2020188426BD0FFE71C
:10D8000042F27820C2F200400068B821C4F202015E
:10D81000884260D0FFE742F27820C2F20040006800
:10D8200040F21041C4F20201884254D0FFE742F2B4
:10D830007820C2F20040006840F22841C4F20201A0
:10D84000884248D0FFE742F27820C2F200400068E8
:10D8500040F24041C4F2020188423CD0FFE742F26C
:10D860007820C2F20040006840F25841C4F2020140
:10D87000884230D0FFE742F27820C2F200400068D0
:10D8800040F27041C4F20201884224D0FFE742F224
:10D890007820C2F20040006840F28841C4F20201E0
:10D8A000884218D0FFE742F27820C2F200400068B8
:10D8B00040F2A041C4F2020188420CD0FFE742F2DC
:10D8C0007820C2F20040006840F2B841C4F2020180
:10D8D00088420AD1FFE742F27820C2F20040016894
:10D8E000086820F00800086009E042F27820C2F2DF
:10D8F00000400168086820F004000860FFE713E1B9
:10D900000D9801900B980168896B88470146019832
:10D91000884240F00881FFE70D980068C0690690D2
:10D920000D980068406A0590069805980D98016862
:10D93000086820F0200008600D980168082008623F
:10D940000D980168042008620D98016802200862A1
:10D950000D980168012008620D992020C1F88C0003
:10D960000D99002081F8840047F6DC51C0F60201D1
:10D9700008684968049103900B9801688A6A03A9B2
:10D98000904742F2F020C2F2004000681021C4F239
:10D990000201884200F0B280FFE742F2F020C2F2BA
:10D9A000004000682821C4F20201884200F0A680ED
:10D9B000FFE742F2F020C2F2004000684021C4F2CA
:10D9C0000201884200F09A80FFE742F2F020C2F2A2
:10D9D000004000685821C4F20201884200F08E80A5
:10D9E000FFE742F2F020C2F2004000687021C4F26A
:10D9F0000201884200F08280FFE742F2F020C2F28A
:10DA0000004000688821C4F20201884276D0FFE716
:10DA100042F2F020C2F200400068A021C4F20201EC
:10DA200088426BD0FFE742F2F020C2F2004000686B
:10DA3000B821C4F20201884260D0FFE742F2F02030
:10DA4000C2F20040006840F21041C4F20201884274
:10DA500054D0FFE742F2F020C2F20040006840F2EA
:10DA60002841C4F20201884248D0FFE742F2F02088
:10DA7000C2F20040006840F24041C4F20201884214
:10DA80003CD0FFE742F2F020C2F20040006840F2D2
:10DA90005841C4F20201884230D0FFE742F2F02040
:10DAA000C2F20040006840F27041C4F202018842B4
:10DAB00024D0FFE742F2F020C2F20040006840F2BA
:10DAC0008841C4F20201884218D0FFE742F2F020F8
:10DAD000C2F20040006840F2A041C4F20201884254
:10DAE0000CD0FFE742F2F020C2F20040006840F2A2
:10DAF000B841C4F2020188420AD1FFE742F2F020A5
:10DB0000C2F200400168086820F00800086009E0DF
:10DB100042F2F020C2F200400168086820F00400E0
:10DB20000860FFE7FFE7FFE70EB080BD00000000E0
:10DB300080B592B0119011980068C069109011984A
:10DB4000006800680F901198006880680E90109827
:10DB500040F60F0108400D900D98E0B9FFE79DF8E1
:10DB600040008006002815D5FFE79DF83C008006A0
:10DB7000002806D4FFE79DF83B00C006002809D521
:10DB8000FFE71198406F20B1FFE71198416F884778
:10DB9000FFE74AE3FFE70D98002800F00C81FFE75C
:10DBA0000E980121C1F20001084209D1FFE70F9848
:10DBB00040F22011C0F20041084200F0FC80FFE773
:10DBC0009DF84000C00788B1FFE79DF83D00C00701
:10DBD00060B1FFE711980168012008621199D1F83E
:10DBE000900040F00100C1F89000FFE79DF8400070
:10DBF0008007002811D5FFE79DF83800C00760B105
:10DC0000FFE711980168022008621199D1F890008D
:10DC100040F00400C1F89000FFE79DF84000400785
:10DC2000002811D5FFE79DF83800C00760B1FFE775
:10DC300011980168042008621199D1F8900040F011
:10DC40000200C1F89000FFE79DF84000000700289F
:10DC500019D5FFE79DF83C008006002807D4FFE7B0
:10DC60000E980121C1F2000108420CD0FFE7119883
:10DC70000168082008621199D1F8900040F008006E
:10DC8000C1F89000FFE79DF841000007002813D578
:10DC9000FFE79DF83F00400700280DD5FFE71198EA
:10DCA00001684FF4006008621199D1F8900040F0CB
:10DCB0002000C1F89000FFE71198D0F890000028EC
:10DCC00078D0FFE79DF840008006002815D5FFE7D3
:10DCD0009DF83C008006002806D4FFE79DF83B0035
:10DCE000C006002809D5FFE71198406F20B1FFE773
:10DCF0001198416F8847FFE7FFE71198D0F890002F
:10DD00000C9011980068806800F04000402806D010
:10DD1000FFE79DF8300010F0280F42D0FFE7119880
:10DD200003F0AEFB1198006880684006002833D5E8
:10DD3000FFE7FFE7FFE71198006850E8020F20F0C7
:10DD400040000B90FFE70B991198026842E802101F
:10DD50000028F0D1FFE7FFE71198D0F88000B0B1BC
:10DD6000FFE71198D0F8801041F21920C0F60100A9
:10DD700008651198D0F88000F6F74AFA30B1FFE74D
:10DD80001198D0F88000016D8847FFE703E01198F3
:10DD9000FFF796FCFFE703E01198FFF791FCFFE720
:10DDA00007E01198FFF78CFC11990020C1F8900052
:10DDB000FFE7FFE739E21198C06E012840F0D681F5
:10DDC000FFE79DF84000C006002840F1CF81FFE743
:10DDD0009DF83C00C006002840F1C881FFE711987B
:10DDE00001681020086211980068806840060028C9
:10DDF00040F15A81FFE71198D0F8800000681021A7
:10DE0000C4F20201884200F0A280FFE71198D0F826
:10DE1000800000682821C4F20201884200F0978047
:10DE2000FFE71198D0F8800000684021C4F2020199
:10DE3000884200F08C80FFE71198D0F880000068DD
:10DE40005821C4F20201884200F08180FFE7119856
:10DE5000D0F8800000687021C4F20201884276D0B8
:10DE6000FFE71198D0F8800000688821C4F2020111
:10DE700088426CD0FFE71198D0F880000068A0219C
:10DE8000C4F20201884262D0FFE71198D0F8800006
:10DE90000068B821C4F20201884258D0FFE7119807
:10DEA000D0F88000006840F21041C4F202018842BC
:10DEB0004DD0FFE71198D0F88000006840F228416B
:10DEC000C4F20201884242D0FFE71198D0F88000E6
:10DED000006840F24041C4F20201884237D0FFE7B7
:10DEE0001198D0F88000006840F25841C4F2020155
:10DEF00088422CD0FFE71198D0F88000006840F2EB
:10DF00007041C4F20201884221D0FFE71198D0F895
:10DF10008000006840F28841C4F20201884216D0B5
:10DF2000FFE71198D0F88000006840F2A041C4F2E9
:10DF3000020188420BD0FFE71198D0F880000068FA
:10DF400040F2B841C4F20201884207D1FFE71198BC
:10DF5000D0F8800000684068019006E01198D0F881
:10DF60008000006840680190FFE70198ADF82A0042
:10DF7000BDF82A0000287BD0FFE7BDF82A001199E0
:10DF8000B1F85C10884273DAFFE7BDF82A001199F6
:10DF9000A1F85E001198D0F88000C069B0F5807FCC
:10DFA00059D0FFE7FFE7FFE71198006850E8000F3E
:10DFB00020F480700990FFE709991198026842E8FF
:10DFC00000100028F0D1FFE7FFE7FFE7FFE7119817
:10DFD000006850E8020F20F001000890FFE7089960
:10DFE0001198026842E802100028F0D1FFE7FFE72D
:10DFF000FFE7FFE71198006850E8020F20F04000AB
:10E000000790FFE707991198026842E8021000287C
:10E01000F0D1FFE7FFE711992020C1F88C0011999A
:10E020000020C866FFE7FFE71198006850E8000F7E
:10E0300020F010000690FFE706991198026842E868
:10E0400000100028F0D1FFE7FFE71198D0F880001A
:10E05000F5F722FCFFE71199022008671198B0F844
:10E060005C10B0F85E20891A89B2FFF789F81AE0CF
:10E07000BDF82A001199B1F85C10884212D1FFE76F
:10E080001198D0F88000C069B0F5807F09D1FFE712
:10E090001199022008671198B0F85C10FFF770F82A
:10E0A000FFE7FFE7FFE7C0E01199B1F85C00B1F8C6
:10E0B0005E10401AADF816001198B0F85E00002806
:10E0C00053D0FFE7BDF8160000284ED0FFE7FFE76A
:10E0D000FFE71198006850E8000F20F4907004905A
:10E0E000FFE704991198026842E800100028F0D177
:10E0F000FFE7FFE7FFE7FFE71198006850E8020F2E
:10E100004FF6FE71CEF6FF7108400390FFE70399CA
:10E110001198026842E802100028EDD1FFE7FFE7FE
:10E1200011992020C1F88C0011990020C86611991E
:10E130004867FFE7FFE71198006850E8000F20F0FC
:10E1400010000290FFE702991198026842E800105F
:10E150000028F0D1FFE7FFE7119902200867119826
:10E16000BDF81610FFF70CF8FFE75EE09DF84200DF
:10E17000C00600280FD5FFE79DF83A0040060028AA
:10E1800009D5FFE7119801684FF4801008621198D3
:10E19000FFF792FA49E09DF840000006002815D5E7
:10E1A000FFE79DF83C000006002806D4FFE79DF835
:10E1B0003A000006002809D5FFE71198806F20B1CA
:10E1C000FFE71198816F8847FFE72EE09DF8400038
:10E1D000400600280AD5FFE79DF83C0040060028CD
:10E1E00004D5FFE7119803F09BF91EE09DF842006B
:10E1F000000600280AD5FFE79DF83F0040060028EA
:10E2000004D5FFE71198FFF753FA0EE09DF843009D
:10E21000C00750B1FFE79DF83F000006002804D575
:10E22000FFE71198FFF7B0F9FFE712B080BD0000DB
:10E2300080B582B00090009820B9FFE701208DF8EA
:10E24000070046E00098806908B1FFE700E0FFE7BB
:10E250000098D0F8880040B9FFE70099002081F8C5
:10E260008400009800F03CF8FFE700992420C1F8F2
:10E27000880000980168086820F001000860009894
:10E28000806A20B1FFE7009802F07EFEFFE7009869
:10E2900003F026FE012804D1FFE701208DF80700D6
:10E2A00017E000980168486820F4904048600098A2
:10E2B0000168886820F02A00886000980168086872
:10E2C00040F001000860009802F002FF8DF807009E
:10E2D000FFE79DF8070002B080BD000000000000CD
:10E2E00080B5E2B06190002060905F905E905D909C
:10E2F0005C902EA8B821F2F723FA6198006845F2E5
:10E300000001C4F20001884240F09480FFE7002041
:10E310002F9002212E914B902EA8FBF7E5FD18B10E
:10E32000FFE7F5F77DF8FFE7FFE744F2E840C5F6C1
:10E330000200016841F480110160006800F480105F
:10E340002D902D98FFE7FFE744F2E040C5F602006C
:10E35000016841F004010160006800F004002C90A5
:10E360002C98FFE7FFE744F2E040C5F602000168A1
:10E3700041F008010160006800F008002B902B9824
:10E38000FFE74FF480505C9002201B905D900020CE
:10E390001E905E905F9008201C90609040F60000F8
:10E3A000C5F602005CA91D91F9F7D2FD1B9B1C98D4
:10E3B0001D991E9A4FF0040CCDF870C15D935E92CA
:10E3C0005F92609040F60040C5F60200F9F7C0FD8C
:10E3D0001E9942F27820C2F200401F901022C4F22F
:10E3E00002020260412242608160C1604FF480629B
:10E3F000026141618161C16101624162F7F740FBE5
:10E4000018B1FFE7F5F70CF8FFE7FFE7619842F274
:10E410007821C2F20041C0F8801061988863FFE75C
:10E4200035201A9005210022FAF762F81A98FAF7B7
:10E4300053F85EE36198006847F60001C4F20001FA
:10E44000884240F09880FFE700202F9002212E9113
:10E450004B902EA8FBF748FD18B1FFE7F4F7E0FF5B
:10E46000FFE7FFE744F2E840C5F60200016841F02B
:10E4700080410160006800F080402A902A98FFE700
:10E48000FFE744F2E040C5F60200016841F01001E8
:10E490000160006800F0100029902998FFE74FF410
:10E4A000C0705C9002205D90002018905E905F909C
:10E4B0000720609041F20000C5F602005CA9F9F760
:10E4C00047FD189942F2F020C2F20040199028222C
:10E4D000C4F2020202604F2242608160C1604FF4C8
:10E4E0008062026141618161C16101624162F7F74D
:10E4F000C7FA18B1FFE7F4F793FFFFE7FFE761986A
:10E5000042F2F021C2F20041C0F8801061988863A5
:10E51000FFE742F26830C2F2004017904021C4F297
:10E520000201016050214160402181600021C160F1
:10E530004FF48062026141618161C16101624162A7
:10E54000F7F79EFA18B1FFE7F4F76AFFFFE7FFE776
:10E55000619842F26831C2F20041C16761988863F4
:10E56000FFE75220169005210022F9F7C1FF169807
:10E57000F9F7B2FFBCE26198006841F20001C4F211
:10E580000101884240F09780FFE700202F90012191
:10E590002E914C902EA8FBF7A7FC18B1FFE7F4F7DB
:10E5A0003FFFFFE7FFE744F2F040C5F602000168D5
:10E5B00041F010010160006800F0100028902898D8
:10E5C000FFE7FFE744F2E040C5F60200016841F0D2
:10E5D00001010160006800F0010027902798FFE723
:10E5E0004FF4C0605C9002205D90002014905E901B
:10E5F0005F90072060900020C5F602005CA9F9F743
:10E60000A7FC149942F2D040C2F200401590582263
:10E61000C4F202020260292242608160C1604FF4AC
:10E620008062026141618161C16101624162F7F70B
:10E6300027FA18B1FFE7F4F7F3FEFFE7FFE7619869
:10E6400042F2D041C2F20041C0F880106198886364
:10E65000FFE742F24850C2F2004013907021C4F22A
:10E66000020101602A214160402181600021C160D6
:10E670004FF48062026141618161C1610162416266
:10E68000F7F7FEF918B1FFE7F4F7CAFEFFE7FFE777
:10E69000619842F24851C2F20041C16761988863B3
:10E6A000FFE72520129005210022F9F721FF12989B
:10E6B000F9F712FF1BE26198006844F20041C4F2CE
:10E6C0000001884240F09880FFE700202F9002214F
:10E6D0002E914B902EA8FBF707FC18B1FFE7F4F73B
:10E6E0009FFEFFE7FFE744F2E840C5F6020001683D
:10E6F00041F400310160006800F400302690269853
:10E70000FFE7FFE744F2E040C5F60200016841F090
:10E7100008010160006800F0080025902598FFE7D7
:10E7200070205C9002205D90002010905E905F90C1
:10E730000720609040F60040C5F602005CA9F9F79A
:10E7400007FC109942F2C050C2F200401190B8226A
:10E75000C4F2020202602B2242608160C1604FF469
:10E760008062026141618161C16101624162F7F7CA
:10E7700087F918B1FFE7F4F753FEFFE7FFE7619869
:10E7800042F2C051C2F20041C0F880106198886323
:10E79000FFE742F23860C2F200400F9040F21041B1
:10E7A000C4F2020101602C214160402181600021FE
:10E7B000C1604FF48062026141618161C1610162A7
:10E7C0004162F7F75DF918B1FFE7F4F729FEFFE7BB
:10E7D000FFE7619842F23861C2F20041C167619877
:10E7E0008863FFE726200E9005210022F9F780FEBE
:10E7F0000E98F9F771FE79E16198006844F600011E
:10E80000C4F20001884240F0BE80FFE700202F9054
:10E8100002212E914B902EA8FBF766FB18B1FFE763
:10E82000F4F7FEFDFFE7FFE744F2E840C5F602001B
:10E83000016841F480210160006800F48020249088
:10E840002498FFE7FFE744F2E040C5F602000168C4
:10E8500041F002010160006800F00200239023985B
:10E86000FFE7FFE744F2E040C5F60200016841F02F
:10E8700008010160006800F0080022902298FFE77C
:10E880004FF480405C90022009905D9000200C9035
:10E890005E905F9007200A90609040F20040C5F6BD
:10E8A00002005CA90B91F9F753FB099B0A980B999D
:10E8B0000C9A4FF4407CCDF870C15D935E925F92EC
:10E8C000609040F60040C5F60200F9F741FB0C9954
:10E8D00042F2B060C2F200400D9040F22842C4F211
:10E8E000020202602D2242608160C1604FF48062AA
:10E8F000026141618161C16101624162F7F7C0F863
:10E9000018B1FFE7F4F78CFDFFE7FFE7619842F2EB
:10E91000B061C2F20041C0F8801061988863FFE7DF
:10E9200042F22870C2F20040089040F24041C4F226
:10E93000020101602E214160402181600021C160FF
:10E940004FF48062026141618161C1610162416293
:10E95000F7F796F818B1FFE7F4F762FDFFE7FFE776
:10E96000619842F22871C2F20041C16761988863E0
:10E97000FFE72720079005210022F9F7B9FD079846
:10E98000F9F7AAFDB1E06198006841F60041C4F2D0
:10E990000101884240F0A880FFE700202F9001216C
:10E9A0002E914C902EA8FBF79FFA18B1FFE7F4F7D1
:10E9B00037FDFFE7FFE744F2F040C5F602000168CB
:10E9C00041F080010160006800F0800021902198F2
:10E9D000FFE7FFE744F2E040C5F60200016841F0BE
:10E9E00010010160006800F0100020902098FFE7FF
:10E9F00004205C90022102915D91002105915E91BD
:10EA00005F91609041F20000C5F6020003905CA99E
:10EA10000491F9F79DFA029B03980499059A4FF027
:10EA2000080CCDF870C15D935E925F920B226092EC
:10EA3000F9F78EFA059942F2E030C2F200400690F2
:10EA40008822C4F202020260762242608160C160C4
:10EA50004FF48062026141618161C1610162416282
:10EA6000F7F70EF818B1FFE7F4F7DAFCFFE7FFE776
:10EA7000619842F2E031C2F20041C0F88010619822
:10EA80008863FFE742F25840C2F200400190A021A3
:10EA9000C4F20201016077214160402181600021C0
:10EAA000C1604FF48062026141618161C1610162B4
:10EAB0004162F6F7E5FF18B1FFE7F4F7B1FCFFE7B5
:10EAC000FFE7619842F25841C2F20041C167619884
:10EAD0008863FFE79C20009005210022F9F708FDDC
:10EAE0000098F9F7F9FCFFE7FFE7FFE7FFE7FFE72B
:10EAF000FFE762B080BD000080B58AB00890079142
:10EB0000ADF81A2005930898D0F88C00202840F022
:10EB1000C680FFE7079820B1FFE7BDF81A0020B9CB
:10EB2000FFE701208DF82700BDE008990020C1F81B
:10EB30009000089A2221C2F88C100899C866F9F74B
:10EB4000F3FB0190BDF81A000899A1F85C00BDF82C
:10EB50001A000899A1F85E00FFE708988068B0F5F0
:10EB6000805F10D1FFE70898006930B9FFE7089986
:10EB700040F2FF10A1F8600004E00899FF20A1F81E
:10EB80006000FFE72EE00898806878B9FFE70898F2
:10EB9000006928B9FFE70899FF20A1F8600004E0A8
:10EBA00008997F20A1F86000FFE71AE008988068C4
:10EBB000B0F1805F0FD1FFE70898006928B9FFE73F
:10EBC00008997F20A1F8600004E008993F20A1F88F
:10EBD0006000FFE704E008990020A1F86000FFE76B
:10EBE000FFE7FFE7FFE70898B0F86000ADF80A001C
:10EBF00008988068B0F5805F09D1FFE70898006940
:10EC000028B9FFE7002004900798039004E00798D4
:10EC1000049000200390FFE7FFE70898B0F85E003B
:10EC2000A8B3FFE70898019B05996A461160202167
:10EC3000002204F089F940B1FFE708992020C1F8CB
:10EC40008C0003208DF827002DE0049860B9FFE7C1
:10EC500008980068406ABDF80A10084003990880C7
:10EC60000398023003900BE008980068406A9DF812
:10EC70000A10084004990870049801300490FFE7D6
:10EC80000899B1F85E000138A1F85E00C5E708995F
:10EC90002020C1F88C0000208DF8270003E002201E
:10ECA0008DF82700FFE79DF827000AB080BD00001F
:10ECB00080B586B004900391ADF80A200498D0F88E
:10ECC0008C0020283CD1FFE7039820B1FFE7BDF876
:10ECD0000A0020B9FFE701208DF8170034E00499FD
:10ECE0000020C8660498006840F60041C5F600019F
:10ECF00088421CD0FFE704980068406800020028A2
:10ED000014D5FFE7FFE7FFE70498006850E8000F1D
:10ED100040F080600190FFE701990498026842E8A2
:10ED200000100028F0D1FFE7FFE7FFE7FFE70498B6
:10ED30000399BDF80A2003F0FBFD8DF8170003E0EE
:10ED400002208DF81700FFE79DF8170006B080BD80
:10ED500080B586B004900391ADF80A200498D0F8ED
:10ED60008C0020283CD1FFE7039820B1FFE7BDF8D5
:10ED70000A0020B9FFE701208DF8170034E004995C
:10ED80000020C8660498006840F60041C5F60001FE
:10ED900088421CD0FFE70498006840680002002801
:10EDA00014D5FFE7FFE7FFE70498006850E8000F7D
:10EDB00040F080600190FFE701990498026842E802
:10EDC00000100028F0D1FFE7FFE7FFE7FFE7049816
:10EDD0000399BDF80A2003F043FE8DF8170003E005
:10EDE00002208DF81700FFE79DF8170006B080BDE0
:10EDF00081B0009001B0704781B0009001B07047C1
:10EE000080B58AB008900791ADF81A20059308984C
:10EE1000D0F88800202840F08780FFE7079820B1CD
:10EE2000FFE7BDF81A0020B9FFE701208DF82700A1
:10EE30007EE008990020C1F8900008992120C1F8CF
:10EE40008800F9F771FA0290BDF81A000899A1F844
:10EE50005400BDF81A000899A1F856000898806877
:10EE6000B0F5805F09D1FFE70898006928B9FFE78E
:10EE7000002004900798039004E007980490002075
:10EE80000390FFE7FFE70898B0F8560088B3FFE764
:10EE90000898029B05996A4611608021002204F0BF
:10EEA00053F840B1FFE708992020C1F888000320FB
:10EEB0008DF827003CE0049858B9FFE703980088D4
:10EEC0006FF35F2008990968886203980230039005
:10EED00008E004980078089909688862049801306D
:10EEE0000490FFE70899B1F856000138A1F85600E0
:10EEF000C9E70898029B05996A46116040210022E3
:10EF000004F022F840B1FFE708992020C1F88800FA
:10EF100003208DF827000BE008992020C1F8880015
:10EF200000208DF8270003E002208DF82700FFE77E
:10EF30009DF827000AB080BD80B586B0049003918B
:10EF4000ADF80A200498D0F88800202870D1FFE797
:10EF5000039820B1FFE7BDF80A0020B9FFE70120C0
:10EF60008DF8170068E0039804990865BDF80A0059
:10EF70000499A1F85400BDF80A000499A1F85600BC
:10EF800004990020C1F8900004992120C1F888005C
:10EF90000498C06F88B3FFE70498C16F41F2E9306D
:10EFA000C0F60100C8630498C16F41F26940C0F621
:10EFB000010008640498C16F41F23920C0F60100D5
:10EFC000C8640498C16F0020086504980268016D48
:10EFD000C06F2832BDF80A30F7F702FA60B1FFE7D8
:10EFE00004991020C1F8900004992020C1F88800ED
:10EFF00001208DF817001FE0FFE70498016840200A
:10F000000862FFE7FFE70498006850E8020F40F04D
:10F0100080000190FFE701990498026842E802101D
:10F020000028F0D1FFE7FFE700208DF8170003E08C
:10F0300002208DF81700FFE79DF8170006B080BD8D
:10F0400086B004900391ADF80A200498D0F88800A7
:10F05000202840F08580FFE7039820B1FFE7BDF846
:10F060000A0020B9FFE701208DF817007CE0039823
:10F0700004990865BDF80A000499A1F85400BDF888
:10F080000A000499A1F856000499002088670499A1
:10F09000C1F8900004992120C1F888000498406EBE
:10F0A000B0F1005F2CD1FFE704988068B0F5805F75
:10F0B0000BD1FFE70498006938B9FFE7049942F6DD
:10F0C0002150C0F60100886706E0049942F681608D
:10F0D000C0F601008867FFE7FFE7FFE704980068D4
:10F0E00050E8020F40F400000190FFE701990498F6
:10F0F000026842E802100028F0D1FFE7FFE72BE0AA
:10F1000004988068B0F5805F0BD1FFE70498006930
:10F1100038B9FFE7049942F68940C0F601008867D4
:10F1200006E0049942F6F150C0F601008867FFE757
:10F13000FFE7FFE70498006850E8000F40F0800008
:10F140000090FFE700990498026842E80010002848
:10F15000F0D1FFE7FFE7FFE700208DF8170003E09D
:10F1600002208DF81700FFE79DF8170006B07047E2
:10F1700081B0009001B0704781B0009001B070473D
:10F18000FFE7FEE70000000083B0029001918DF8D8
:10F19000032000208DF802008DF80200FFE79DF8A3
:10F1A00002009DF80310884229DAFFE70298000F59
:10F1B000092809D8FFE70298000F303001999DF81F
:10F1C000022001F8120009E00299372000EB1170CB
:10F1D00001999DF8022001F81200FFE70298000152
:10F1E000029001989DF8021000EB41010020487048
:10F1F000FFE79DF8020001308DF80200CFE703B071
:10F20000704700000000000080B590B0FFE744F2B6
:10F21000D840C5F60200016841F0010101600068B4
:10F2200000F001000F900F98FFE7FFE744F2D8408D
:10F23000C5F60200016841F002010160006800F0BB
:10F2400002000E900E98FFE70B20019005210B9114
:10F2500000220C92F9F74CF90198F9F73DF90B9956
:10F260000C9A0C200290F9F743F90298F9F734F957
:10F270000B990C9A0D200390F9F73AF90398F9F7D6
:10F280002BF90B990C9A0E200490F9F731F9049898
:10F29000F9F722F90B990C9A0F200590F9F728F944
:10F2A0000598F9F719F90B990C9A10200690F9F7BF
:10F2B0001FF90698F9F710F90B990C9A112007908D
:10F2C000F9F716F90798F9F707F90B990C9A2F2017
:10F2D0000890F9F70DF90898F9F7FEF80B990C9AD0
:10F2E00038200990F9F704F90998F9F7F5F80B991E
:10F2F0000C9A39200A90F9F7FBF80A98F9F7ECF81C
:10F300000B990C9A3A200D90F9F7F2F80D98F9F74D
:10F31000E3F810B080BD000080B582B042F2A0706A
:10F32000C2F2004000904AF20001C4F20001016004
:10F33000002201928260C2600121017442748274D1
:10F340004FF0030EC0F814E00A2383614FF01D0C48
:10F35000C0F81CC00362C0F824E08362C0F82CC06F
:10F36000036342638163C263102101640421416429
:10F370008264C164026541658265C26508230366D3
:10F3800042668166F8F71CFA18B1FFE7F4F748F80F
:10F39000FFE702B080BD000080B582B042F64000B9
:10F3A000C2F2004000904AF20041C4F20001016044
:10F3B000002201928260C260012101744274827451
:10F3C0004FF0030EC0F814E00A2383614FF01D0CC8
:10F3D000C0F81CC00362C0F824E08362C0F82CC0EF
:10F3E000036340F2553343638163C26310210164B8
:10F3F000042141648264C164026541658265C2651D
:10F400000823036642668166F8F7DAF918B1FFE768
:10F41000F4F706F8FFE702B080BD0000000000002E
:10F4200080B582B042F6E000C2F2004000904DF29A
:10F430000041C4F200010160002201928260C260BA
:10F4400001210174427482744FF0030EC0F814E07D
:10F450000A2383614FF01D0CC0F81CC00362C0F882
:10F4600024E08362C0F82CC0036340F2AA634363C4
:10F470008163C26310210164042141648264C16418
:10F48000026541658265C26508230366426681663E
:10F49000F8F796F918B1FFE7F3F7C2FFFFE702B0FC
:10F4A00080BD00000000000080B58EB000200D90EF
:10F4B0000C900B900A900990FFE744F2E040C5F6EB
:10F4C0000200016841F010010160006800F01000C6
:10F4D00008900898FFE7FFE744F2E040C5F6020015
:10F4E000016841F004010160006800F00400079029
:10F4F0000798FFE7FFE744F2E040C5F60200016825
:10F5000041F080010160006800F0800006900698DC
:10F51000FFE7FFE744F2E040C5F60200016841F072
:10F5200002010160006800F0020005900598FFE705
:10F53000FFE744F2E040C5F60200016841F008012F
:10F540000160006800F0080004900498FFE7FFE7FE
:10F5500044F2E040C5F60200016841F0010101609B
:10F56000006800F0010003900398FFE740F60000F8
:10F57000C5F6020002904FF4004100910022019272
:10F58000F8F7BAFE009A01990298099201220A92AC
:10F590000B910C9109A9F8F7DBFC0EB080BD0000BF
:10F5A00080B590B0002101910F910E910D910C91B9
:10F5B0000B910A9109910891079106910591049187
:10F5C0000391029142F66460C2F2004041F60002EB
:10F5D000C4F2000202604FF4897242608160F92235
:10F5E000C26001618161FCF727FF18B1FFE7F3F703
:10F5F00017FFFFE74FF480500C9042F66460C2F2B0
:10F6000000400CA9FDF738F818B1FFE7F3F708FF41
:10F61000FFE742F66460C2F20040FDF751FB18B10B
:10F62000FFE7F3F7FDFEFFE7002009900B9042F69D
:10F630006460C2F2004009A9FCF73EFE18B1FFE782
:10F64000F3F7EEFEFFE760200290002003900490A5
:10F65000069042F66460C2F2004002A90422FDF75F
:10F6600057FA18B1FFE7F3F7DBFEFFE742F66460F5
:10F67000C2F20040FDF714FA10B080BD0000000097
:10F6800080B584B0002103910291019142F6FC60A3
:10F69000C2F2004041F20002C4F200020260416086
:10F6A00081604FF6FF72C2608161FCF7C5FE18B140
:10F6B000FFE7F3F7B5FEFFE700200190039042F665
:10F6C000FC60C2F2004001A9FCF7F6FD18B1FFE7AB
:10F6D000F3F7A6FEFFE704B080BD000000000000C5
:10F6E00080B582B043F29810C2F20040019045F21A
:10F6F0000001C4F20001016048F2A061C0F2010102
:10F7000041604FF4805181604FF40051C1604FF46B
:10F71000806101610C21416100218161C16101624F
:10F7200041628162FEF784FD18B1FFE7F3F778FECE
:10F73000FFE743F29810C2F200400021FDF770FF8E
:10F7400018B1FFE7F3F76CFEFFE743F29810C2F23F
:10F7500000400021FDF71CFF18B1FFE7F3F760FE42
:10F76000FFE743F29810C2F20040FDF771FC18B1B8
:10F77000FFE7F3F755FEFFE702B080BD0000000091
:10F7800080B582B043F22C20C2F20040009047F6D0
:10F790000001C4F2000101604FF4E1314160002139
:10F7A00001918160C16001610C2242618161C1618E
:10F7B000016241628162FEF73BFD18B1FFE7F3F79A
:10F7C0002FFEFFE743F22C20C2F200400021FDF79C
:10F7D00027FF18B1FFE7F3F723FEFFE743F22C20E2
:10F7E000C2F200400021FDF7D3FE18B1FFE7F3F7A6
:10F7F00017FEFFE743F22C20C2F20040FDF728FC81
:10F8000018B1FFE7F3F70CFEFFE702B080BD000080
:10F8100080B582B042F6DC70C2F20040009041F642
:10F820000041C4F2010101604FF4E1314160002167
:10F8300001918160C16001610C2242618161C161FD
:10F84000016241628162FEF7F3FC18B1FFE7F3F752
:10F85000E7FDFFE742F6DC70C2F200400021FDF751
:10F86000DFFE18B1FFE7F3F7DBFDFFE742F6DC70E0
:10F87000C2F200400021FDF78BFE18B1FFE7F3F75D
:10F88000CFFDFFE742F6DC70C2F20040FDF7E0FB7F
:10F8900018B1FFE7F3F7C4FDFFE702B080BD000039
:10F8A00080B582B042F64870C2F20040009041F24A
:10F8B0000001C4F2010101604FF4E1314160002117
:10F8C00001918160C16001610C2242618161C1616D
:10F8D000016241628162FEF7ABFC18B1FFE7F3F70A
:10F8E0009FFDFFE742F64870C2F200400021FDF79D
:10F8F00097FE18B1FFE7F3F793FDFFE742F6487074
:10F90000C2F200400021FDF743FE18B1FFE7F3F714
:10F9100087FDFFE742F64870C2F20040FDF798FB12
:10F9200018B1FFE7F3F77CFDFFE702B080BD0000F0
:10F9300080B582B043F27000C2F20040009044F201
:10F940000041C4F20001016044F24021C0F20F0105
:10F950004160002301938360C36003610C21416116
:10F960008361C36103624362836219461A46FCF7EE
:10F970002FFC18B1FFE7F3F753FDFFE743F27000E8
:10F98000C2F200400021FDF74BFE18B1FFE7F3F78C
:10F9900047FDFFE743F27000C2F200400021FDF78F
:10F9A000F7FD18B1FFE7F3F73BFDFFE743F2700007
:10F9B000C2F20040FDF74CFB18B1FFE7F3F730FD52
:10F9C000FFE702B080BD000080B582B043F20410B2
:10F9D000C2F20040009044F60001C4F20001016050
:10F9E00044F24021C0F20F01416000230193836083
:10F9F000C36003610C2141618361C361036243629F
:10FA0000836219461A46FCF7E3FB18B1FFE7F3F7E8
:10FA100007FDFFE743F20410C2F200400021FDF7AA
:10FA2000FFFD18B1FFE7F3F7FBFCFFE743F204101B
:10FA3000C2F200400021FDF7ABFD18B1FFE7F3F77C
:10FA4000EFFCFFE743F20410C2F20040FDF700FBB9
:10FA500018B1FFE7F3F7E4FCFFE702B080BD000058
:10FA600080B541F69C70C2F2004040F21001C2F233
:10FA70000041012204F090FC18B1FFE7F3F7D0FC3D
:10FA8000FFE741F69C70C2F2004040F23801C2F23A
:10FA9000004105F0ADF918B1FFE7F3F7C1FCFFE74E
:10FAA00041F69C70C2F2004040F2D401C2F2004123
:10FAB00003F05EFE18B1FFE7F3F7B2FCFFE741F693
:10FAC0009C70C2F2004005F023FB18B1FFE7F3F78A
:10FAD000A7FCFFE7F9F738FF80BD00000000000039
:10FAE000FFE7FEE700000000FFE7FEE70000000080
:10FAF00088B0079006910592079800F007000490DF
:10FB00000498C0F10700052803D3FFE70420019003
:10FB100004E00498C0F107000190FFE7019803900A
:10FB200004980430062803D8FFE70020009003E083
:10FB3000049803380090FFE7009802900698039914
:10FB4000012202FA01F101390840029B984005990F
:10FB50009A40013A1140084308B070470000000085
:10FB600080B542F68010C2F20040F8F7F5FF80BD84
:10FB700080B586B0059004910598006803900398BD
:10FB800002900398006C01900298049900EB4110D8
:10FB9000D0F8080B0090019843F20B01C4F65471A1
:10FBA00088420FD3FFE79DF801000006002809D521
:10FBB000FFE70298049900EB41114FF40040C1F8AF
:10FBC000080BFFE70598F9F7FFFD019843F20B01D9
:10FBD000C4F6547188420DD3FFE705988079012857
:10FBE00008D1FFE70599086801F29C42012106F05F
:10FBF000BBF8FFE7002006B080BD00000000000059
:10FC000080B588B007900691079800680490049822
:10FC100003900498006C02900398069900EB411041
:10FC2000D0F8080B019007988079012840F0818076
:10FC3000FFE79DF804000007002818D5FFE70298A9
:10FC400043F20B01C4F6547188420FD3FFE79DF8CD
:10FC500005000006002809D5FFE70398069900EB88
:10FC600041114FF40040C1F8080BFFE760E09DF838
:10FC700004008006002808D5FFE70398069900EBEA
:10FC800041112020C1F8080B51E09DF8040010F04C
:10FC9000280F4AD1FFE7029843F20B01C4F65471D2
:10FCA00088420FD3FFE79DF805000006002809D51C
:10FCB000FFE70398069900EB41114FF40040C1F8AB
:10FCC000080B31E00798069901EBC10100EB8100B8
:10FCD00000F5157005900598006A0399069A01EBE6
:10FCE0004211D1F8101B6FF3DF41401A05994861AA
:10FCF000069898B9FFE70598006940B9FFE70799AA
:10FD0000086801F29C42012106F02EF805E00599F1
:10FD1000C8684A691044C860FFE7FFE707989DF884
:10FD20001810F8F7A5FCFFE700E0FFE7FFE7FFE7A3
:10FD300047E0029843F20A11C4F65471884224D174
:10FD4000FFE79DF805000006002809D5FFE70398A6
:10FD5000069900EB41114FF40040C1F8080B13E085
:10FD60009DF804008006002808D5FFE7039806994F
:10FD700000EB41112020C1F8080BFFE707989DF820
:10FD80001810F8F775FCFFE71AE0069890B9FFE73E
:10FD90000798069901EBC10100EB8100D0F86402DD
:10FDA00040B9FFE70799086801F29C42002105F07D
:10FDB000DBFFFFE707989DF81810F8F759FCFFE7FD
:10FDC000FFE7002008B080BD80B58CB00A90099193
:10FDD0000A9800680890089807900A98099901EB1A
:10FDE000C10100EB8100143006900698016940695A
:10FDF000884204D9FFE701208DF82F0079E00699A9
:10FE000008694969401A05900598069989688842E9
:10FE100004D9FFE7069880680590FFE7059803304E
:10FE200080080490FFE70798099900EB4110D0F88B
:10FE3000180981B2049A0020914202900FD3FFE783
:10FE400006980269416900209142029007D2FFE7BB
:10FE500006980069002818BF01200290FFE7029869
:10FE6000C00770B3FFE7069908694969401A059011
:10FE7000059806998968884204D9FFE70698806842
:10FE80000590FFE7059803308008049008980699CC
:10FE9000C9689DF82420BDF81430DDF828C09CF80E
:10FEA00006C0EE46CEF800C006F0FAFD059A0699A7
:10FEB000C8681044C860059A0699486910444861AA
:10FEC000B1E706990869496988420ED8FFE70998A1
:10FED00000F00F01012088400390039A0799D1F8A0
:10FEE00034089043C1F83408FFE700208DF82F0054
:10FEF000FFE79DF82F000CB080BD0000000000005F
:10FF0000EFF30980BFF36F8F154B1A681EF0100FC7
:10FF100008BF20ED108A20E9F04F10602DE909009C
:10FF20004FF0500080F31188BFF34F8FBFF36F8FF6
:10FF300015F0EAFC4FF0000080F31188BDE80900DD
:10FF400019680868B0E8F04F1EF0100F08BFB0EC59
:10FF5000108A80F30988BFF36F8F704700BF00BF1E
:10FF6000503800240000000080B586B00490039152
:10FF700000208DF8070044F22840C5F60200006812
:10FF800000F00300032804D1FFE701208DF81700DB
:10FF9000CBE044F20041C5F60201086820F0806021
:10FFA0000860F8F7C1F90290FFE744F20040C5F697
:10FFB0000200006800F000610020B0EBD16F0CD0AF
:10FFC000FFE7F8F7B1F90299401A032804D3FFE7D5
:10FFD00003208DF81700A8E0E7E7FFE744F2284187
:10FFE000C5F60201086820F47C30049A126840EAE1
:10FFF0000230086004994868D1F808C0CB680A69E3
:020000040801F1
:1000000001386FF35F204FF60061CFF6FF7101EB0F
:100010004C2189B208440021CFF6FF7101EB034166
:1000200001F4FE0108444FF07F4101EB026101F051
:10003000FE41084444F23841C5F602010860FFE77A
:1000400044F22C41C5F602010091086820F0C0007E
:10005000049A526910430860086820F02000049A4E
:10006000926910430860086820F01000086044F2AC
:100070003C42C5F6020210684FF6F8739843049BA1
:10008000DB6940EAC3001060086840F010000860B7
:10009000039848B9FFE744F22C41C5F6020108680D
:1000A00040F40020086016E00398012809D1FFE71A
:1000B00044F22C41C5F60201086840F48010086043
:1000C00008E044F22C41C5F60201086840F4001033
:1000D0000860FFE7FFE744F20041C5F60201086847
:1000E00040F080600860F8F71FF90290FFE744F2E3
:1000F0000040C5F60200006800F000610020B0EB8F
:10010000D16F0CD1FFE7F8F70FF90299401A0328D5
:1001100004D3FFE703208DF8170006E0E7E7FFE7C9
:100120009DF807008DF81700FFE79DF8170006B04F
:1001300080BD00000000000080B586B004900391EF
:1001400000208DF8070044F22840C5F60200006840
:1001500000F00300032804D1FFE701208DF8170009
:10016000CBE044F20041C5F60201086820F080505F
:100170000860F8F7D9F80290FFE744F20040C5F6AE
:100180000200006800F000510020B0EB517F0CD05D
:10019000FFE7F8F7C9F80299401A032804D3FFE7EC
:1001A00003208DF81700A8E0E7E7FFE744F22841B5
:1001B000C5F60201086820F07C70049A126840EAD3
:1001C0000250086004994868D1F808C0CB680A69F1
:1001D00001386FF35F204FF60061CFF6FF7101EB3E
:1001E0004C2189B208440021CFF6FF7101EB034195
:1001F00001F4FE0108444FF07F4101EB026101F080
:10020000FE41084444F24041C5F602010860FFE7A0
:1002100044F22C41C5F602010091086820F44060C8
:10022000049A526910430860086820F40070049A28
:10023000926910430860086820F48070086044F2F6
:100240004442C5F6020210684FF6F8739843049BC7
:10025000DB6940EAC3001060086840F48070086001
:10026000039848B9FFE744F22C41C5F6020108683B
:1002700040F48000086016E00398012809D1FFE7E8
:1002800044F22C41C5F60201086840F40000086001
:1002900008E044F22C41C5F60201086840F0807085
:1002A0000860FFE7FFE744F20041C5F60201086875
:1002B00040F080500860F8F737F80290FFE744F20A
:1002C0000040C5F60200006800F000510020B0EBCD
:1002D000517F0CD1FFE7F8F727F80299401A03285D
:1002E00004D3FFE703208DF8170006E0E7E7FFE7F8
:1002F0009DF807008DF81700FFE79DF8170006B07E
:1003000080BD0000000000000000000000000000B0
:10031000074B19680868B0E8F04F80F30988BFF30D
:100320006F8F4FF0000080F31188704700BF00BF4F
:10033000503800240000000080B56FF00400002158
:1003400010F076F980BD000084B00390039800900F
:1003500000980078ADF808000098013000900098EF
:100360000078ADF80600BDF80610BDF8080040EAB8
:100370000120ADF80A00BDF80A0004B07047000083
:1003800080B54EF21000CEF20000006816F018F9A9
:10039000012803D0FFE715F0FFFBFFE780BD000059
:1003A0004EF68851CEF20001086840F470000860F3
:1003B00042F20000C5F20020006800F00F0006289D
:1003C0000AD8FFE742F20001C5F2002108680722BF
:1003D00062F303000860FFE744F20041C5F6020142
:1003E000086840F00100086044F21042C5F60202BD
:1003F0000020106008684EF67F52CEF6F6221040BC
:10040000086042F20000C5F20020006800F00F0012
:1004100008280AD3FFE742F20001C5F2002108686C
:10042000072262F303000860FFE744F21841C5F6B3
:1004300002010020086044F21C41C5F60201086078
:1004400044F22041C5F60201086044F22842C5F694
:10045000020240F20021C0F20221116044F22C425B
:10046000C5F602020021C0F2FF11116044F23042D1
:10047000C5F6020240F28021C0F20111116044F27F
:100480003442C5F60202106044F23842C5F6020258
:10049000116044F23C42C5F60202106044F2404250
:1004A000C5F60202116044F24441C5F6020108603B
:1004B00044F20042C5F60202116821F48021116065
:1004C00044F26041C5F60201086044F2D440C5F62A
:1004D00002000068C004002814D4FFE744F2D441AD
:1004E000C5F60201086840F48050086044F200023A
:1004F000C5F2002243F2D2001060086820F4805058
:100500000860FFE77047000080B542F6B060C2F2B5
:100510000040FCF79DF980BD83B0029001910298E4
:100520000068009002980021C4F20101884225D0A1
:10053000FFE70298B0F1804F20D0FFE7029840F229
:100540000041C4F20001884218D0FFE7029840F64B
:100550000001C4F20001884210D0FFE7029840F683
:100560000041C4F20001884208D0FFE7029840F23F
:100570000041C4F2010188420AD1FFE7009820F04F
:100580007000009001984168009808430090FFE7D0
:1005900002980021C4F2010188424DD0FFE7029881
:1005A000B0F1804F48D0FFE7029840F20041C4F21A
:1005B0000001884240D0FFE7029840F60001C4F2F3
:1005C0000001884238D0FFE7029840F60041C4F2AB
:1005D0000001884230D0FFE7029840F20041C4F2A7
:1005E0000101884228D0FFE7029844F20001C4F2DA
:1005F0000101884220D0FFE7029844F20041C4F292
:100600000101884218D0FFE7029844F60001C4F2C5
:100610000101884210D0FFE702984EF20001C4F2B7
:100620000001884208D0FFE702984EF20041C4F270
:10063000000188420AD1FFE7009820F44070009042
:100640000198C168009808430090FFE7009820F0E7
:1006500080000199496908430090019880680299D7
:10066000C862019800680299886202980021C4F269
:100670000101884220D0FFE7029840F20041C4F215
:100680000101884218D0FFE7029844F20001C4F249
:100690000101884210D0FFE7029844F20041C4F201
:1006A0000101884208D0FFE7029844F60001C4F235
:1006B0000101884205D1FFE70198006902990863AA
:1006C000FFE70299086840F00400086002990120E1
:1006D000486100980299086003B07047000000006C
:1006E00084B0039002910192029800F01F01012052
:1006F00088400090009A0399086A90430862019824
:10070000029901F01F0100FA01F20399086A1043EF
:10071000086204B07047000085B004900391029213
:100720000193049880680090009820F47F40009026
:1007300003980299019A41EA022101430098084373
:10074000009000980499886005B070470000000090
:1007500083B00290019102988068009000984FF653
:100760008F71CFF6CF71084000900198009908432F
:1007700040F00700009000980299886003B070472D
:1007800085B0049003910498006A01900499086A66
:1007900020F0010008620498406800900498806985
:1007A000029002984FF68F71CFF6FE7108400290CA
:1007B000029820F003000290039801680298084311
:1007C0000290019820F0020001900398816801983E
:1007D0000843019004980021C4F20101884220D00E
:1007E000FFE7049840F20041C4F20101884218D0AA
:1007F000FFE7049844F20001C4F20101884210D0DE
:10080000FFE7049844F20041C4F20101884208D095
:10081000FFE7049844F60001C4F2010188420ED1BA
:10082000FFE7019820F0080001900398C168019843
:1008300008430190019820F004000190FFE704981C
:100840000021C4F20101884220D0FFE7049840F261
:100850000041C4F20101884218D0FFE7049844F235
:100860000001C4F20101884210D0FFE7049844F26D
:100870000041C4F20101884208D0FFE7049844F621
:100880000001C4F20101884213D1FFE7009820F46F
:1008900080700090009820F40070009003984169E7
:1008A00000980843009003988169009808430090DD
:1008B000FFE70098049948600298049988610398BA
:1008C00040680499486301980499086205B070472C
:1008D00085B0049003910498006A01900499086A15
:1008E00020F0100008620498406800900498806925
:1008F0000290029848F6FF71CFF6FF61084002901F
:10090000029820F44070029003980168029840EA2F
:1009100001200290019820F0200001900398816846
:10092000019840EA0110019004980021C4F20101ED
:10093000884229D0FFE7049840F20041C4F2010147
:10094000884221D0FFE7049844F20001C4F201017B
:10095000884203D1FFE70020B0B9FFE7049844F2D2
:100960000041C4F20101884203D1FFE7002058B9D9
:10097000FFE7049844F60001C4F20101884212D155
:10098000FFE7012078B9FFE7019820F0800001908F
:100990000398C168019840EA01100190019820F085
:1009A00040000190FFE704980021C4F20101884251
:1009B00020D0FFE7049840F20041C4F201018842D0
:1009C00018D0FFE7049844F20001C4F20101884204
:1009D00010D0FFE7049844F20041C4F201018842BC
:1009E00008D0FFE7049844F60001C4F201018842F0
:1009F00015D1FFE7009820F480600090009820F463
:100A00000060009003984169009840EA81000090DE
:100A100003988169009840EA81000090FFE7009800
:100A20000499486002980499886103984068049981
:100A3000886301980499086205B0704700000000BF
:100A400085B0049003910498006A01900499086AA3
:100A500020F4807008620498406800900498C0698F
:100A6000029002984FF68F71CFF6FE710840029007
:100A7000029820F00300029003980168029808434E
:100A80000290019820F40070019003988168019809
:100A900040EA0120019004980021C4F2010188423B
:100AA00029D0FFE7049840F20041C4F201018842D6
:100AB00021D0FFE7049844F20001C4F2010188420A
:100AC00003D1FFE70020B0B9FFE7049844F20041EA
:100AD000C4F20101884203D1FFE7002058B9FFE7C3
:100AE000049844F60001C4F20101884212D1FFE7E4
:100AF000012078B9FFE7019820F400600190039885
:100B0000C168019840EA01200190019820F48060BA
:100B10000190FFE704980021C4F20101884220D02F
:100B2000FFE7049840F20041C4F20101884218D066
:100B3000FFE7049844F20001C4F20101884210D09A
:100B4000FFE7049844F20041C4F20101884208D052
:100B5000FFE7049844F60001C4F20101884215D170
:100B6000FFE7009820F480500090009820F4005097
:100B7000009003984169009840EA011000900398A2
:100B80008169009840EA01100090FFE700980499FD
:100B9000486002980499C861039840680499C86342
:100BA00001980499086205B0704700000000000039
:100BB00085B0049003910498006A01900499086A32
:100BC00020F4805008620498406800900498C0693E
:100BD0000290029848F6FF71CFF6FF61084002903C
:100BE000029820F44070029003980168029840EA4D
:100BF00001200290019820F4005001900398816830
:100C0000019840EA0130019004980021C4F20101EA
:100C1000884220D0FFE7049840F20041C4F201016D
:100C2000884218D0FFE7049844F20001C4F20101A1
:100C3000884210D0FFE7049844F20041C4F2010159
:100C4000884208D0FFE7049844F60001C4F201018D
:100C500088420BD1FFE7009820F480400090039871
:100C60004169009840EA81100090FFE700980499DC
:100C7000486002980499C861039840680499086420
:100C800001980499086205B0704700000000000058
:100C900085B0049003910498006A01900499086A51
:100CA00020F4803008620498406800900498406DF9
:100CB000029002984FF68F71CFF6FE7108400290B5
:100CC00003980168029808430290019820F40030CC
:100CD000019003988168019840EA014001900498CE
:100CE0000021C4F20101884220D0FFE7049840F2BD
:100CF0000041C4F20101884218D0FFE7049844F291
:100D00000001C4F20101884210D0FFE7049844F2C8
:100D10000041C4F20101884208D0FFE7049844F67C
:100D20000001C4F2010188420BD1FFE7009820F4D2
:100D30008030009003984169009840EA01200090BB
:100D4000FFE7009804994860029804994865039861
:100D500040680499886501980499086205B0704755
:100D600085B0049003910498006A01900499086A80
:100D700020F4801008620498406800900498406D48
:100D80000290029848F6FF71CFF6FF61084002908A
:100D900003980168029840EA01200290019820F42B
:100DA0000010019003988168019840EA0150019079
:100DB00004980021C4F20101884220D0FFE7049882
:100DC00040F20041C4F20101884218D0FFE70498C4
:100DD00044F20001C4F20101884210D0FFE70498F8
:100DE00044F20041C4F20101884208D0FFE70498B0
:100DF00044F60001C4F2010188420BD1FFE70098DC
:100E000020F48020009003984169009840EA8120F6
:100E10000090FFE70098049948600298049948659B
:100E2000039840680499C86501980499086205B060
:100E3000704700000000000085B00490039102920A
:100E40000498006A00900499086A20F00100086282
:100E5000049880690190019820F0F00001900299B7
:100E6000019840EA01100190009820F00A000090DB
:100E700003990098084300900198049988610098AC
:100E80000499086205B0704785B0049003910292FE
:100E90000498006A00900499086A20F01000086223
:100EA000049880690190019820F4704001900299A3
:100EB000019840EA01300190009820F0A0000090D5
:100EC0000399009840EA0110009001980499886104
:100ED00000980499086205B0704700000000000007
:100EE00080B543F29810C2F20040FCF721FE80BDAD
:100EF00080B543F22C20C2F20040FCF719FE80BD01
:100F000082B001900198406E40B9FFE7019901203D
:100F1000A1F86A000199A1F8680032E010208DF86C
:100F200003008DF80200019800688068C0F34260F9
:100F30008DF80100019800688068400F8DF800006E
:100F40009DF802009DF8002047F62C63C0F60203CE
:100F5000995C484347F62461C0F602018A5CB0FB05
:100F6000F2F0019AA2F86A009DF803009DF80120B2
:100F70009B5C5843895CB0FBF1F00199A1F86800D3
:100F8000FFE702B07047000081B00090009890F831
:100F90002800000700280BD5FFE70098006840688C
:100FA00020F40040009A1168926B10434860FFE7FC
:100FB000009890F82800C00758B1FFE70098006833
:100FC000406820F40030009A1168D26A10434860EB
:100FD000FFE7009890F82800800700280BD5FFE76E
:100FE00000980068406820F48030009A1168126B05
:100FF00010434860FFE7009890F828004007002859
:101000000BD5FFE700980068406820F48020009A24
:101010001168526B10434860FFE7009890F8280071
:10102000C00600280BD5FFE700980068806820F410
:101030008050009A1168D26B10438860FFE70098D7
:1010400090F82800800600280BD5FFE7009800687C
:10105000806820F40050009A1168126C1043886078
:10106000FFE7009890F82800400600281CD5FFE70D
:1010700000980068406820F48010009A1168526C53
:10108000104348600098406CB0F5801F0BD1FFE71B
:1010900000980068406820F4C000009A1168926CC3
:1010A00010434860FFE7FFE7009890F8280000062B
:1010B00000280BD5FFE700980068406820F4002066
:1010C000009A1168D26C10434860FFE701B0704786
:1010D00080B588B0069006990020C1F89000F7F717
:1010E00023F90590069800680068000700282FD5AE
:1010F000FFE70698059B6A466FF07E4111604FF44A
:101100000011002201F020FF08B3FFE7FFE7FFE72F
:101110000698006850E8000F20F080000490FFE778
:1011200004990698026842E800100028F0D1FFE711
:10113000FFE706992020C1F88800FFE70699002004
:1011400081F88400FFE703208DF81F005FE0FFE7D0
:101150000698006800684007002842D5FFE7069817
:10116000059B6A466FF07E4111604FF480010022BA
:1011700001F0EAFEA0B3FFE7FFE7FFE7069800688B
:1011800050E8000F20F490700390FFE70399069851
:10119000026842E800100028F0D1FFE7FFE7FFE710
:1011A000FFE70698006850E8020F20F00100029067
:1011B000FFE702990698026842E802100028F0D181
:1011C000FFE7FFE706992020C1F88C00FFE70699AA
:1011D000002081F88400FFE703208DF81F0016E04F
:1011E000FFE706992020C1F888000699C1F88C0015
:1011F00006990020C86606990867FFE7069900204F
:1012000081F88400FFE700208DF81F00FFE79DF8BC
:101210001F0008B080BD000080B582B00190019829
:10122000806B009000990020A1F85E000098FCF708
:1012300047FA02B080BD000080B584B003900398E7
:10124000806B02900298D0F8880001900298D0F844
:101250008C000090029800688068000600280CD579
:10126000FFE70198212808D1FFE702990020A1F8A3
:101270005600029800F078F9FFE70298006880684D
:10128000400600280CD5FFE70098222808D1FFE788
:1012900002990020A1F85E00029800F0F1F8FFE743
:1012A0000299D1F8900040F01000C1F89000029827
:1012B000FCF706FA04B080BD80B586B005900598AD
:1012C000806B04900598C069B0F5807F5BD0FFE724
:1012D00004990020A1F85E00FFE7FFE7049800688A
:1012E00050E8000F20F480700390FFE70399049802
:1012F000026842E800100028F0D1FFE7FFE7FFE7AF
:10130000FFE70498006850E8020F20F00100029007
:10131000FFE702990498026842E802100028F0D121
:10132000FFE7FFE7FFE7FFE70498006850E8020FD8
:1013300020F040000190FFE701990498026842E81C
:1013400002100028F0D1FFE7FFE704992020C1F840
:101350008C000498C06E012814D1FFE7FFE7FFE777
:101360000498006850E8000F20F010000090FFE79C
:1013700000990498026842E800100028F0D1FFE7C5
:10138000FFE7FFE7FFE70499002008670498C06EB5
:10139000012806D1FFE70498B0F85C10FBF7F0FED7
:1013A00003E00498FDF724FDFFE706B080BD0000D0
:1013B00080B582B001900198806B00900099012067
:1013C00008670098C06E012807D1FFE70098B0F8C1
:1013D0005C104908FBF7D4FE03E00098FDF70CFD14
:1013E000FFE702B080BD000080B584B00390039891
:1013F000806B02900398C069B0F5807F2BD0FFE727
:1014000002990020A1F85600FFE7FFE70298006864
:1014100050E8020F20F080000190FFE70199029848
:10142000026842E802100028F0D1FFE7FFE7FFE77B
:10143000FFE70298006850E8000F40F0400000907D
:10144000FFE700990298026842E800100028F0D1F6
:10145000FFE7FFE703E00298FDF78AFEFFE704B02D
:1014600080BD00000000000080B582B001900198AE
:10147000806B00900098FDF77FFE02B080BD0000F9
:1014800084B00390FFE7FFE70398006850E8000F7F
:1014900020F490700290FFE702990398026842E8F6
:1014A00000100028F0D1FFE7FFE7FFE7FFE7039810
:1014B000006850E8020F4FF6FE71CEF6FF7108404B
:1014C0000190FFE701990398026842E802100028A2
:1014D000EDD1FFE7FFE70398C06E012814D1FFE7C5
:1014E000FFE7FFE70398006850E8000F20F01000C6
:1014F0000090FFE700990398026842E80010002876
:10150000F0D1FFE7FFE7FFE703992020C1F88C0047
:1015100003990020C8660399486704B0704700002B
:1015200080B582B00190FFE7FFE70198006850E8BE
:10153000000F20F040000090FFE70099019802683A
:1015400042E800100028F0D1FFE7FFE701992020D2
:10155000C1F888000199002088670198FDF708FE0E
:1015600002B080BD0000000083B00290FFE7FFE7FB
:101570000298006850E8000F20F0C0000190FFE7DB
:1015800001990298026842E800100028F0D1FFE7B4
:10159000FFE7FFE7FFE70298006850E8020F20F43A
:1015A00000000090FFE700990298026842E80210EC
:1015B0000028F0D1FFE7FFE702992020C1F888005A
:1015C00003B070470000000080B588B0079007980E
:1015D000B0F86000ADF816000798D0F88C0022280B
:1015E00040F0AB80FFE707980068406AADF8140050
:1015F0000798806D0690BDF81400BDF816100840DD
:10160000069908800799886D023088650799B1F8B6
:101610005E000138A1F85E000798B0F85E0000286F
:1016200040F08A80FFE7FFE7FFE70798006850E88F
:10163000000F20F490700490FFE704990798026867
:1016400042E800100028F0D1FFE7FFE7FFE7FFE7DF
:101650000798006850E8020F20F001000390FFE7B0
:1016600003990798026842E802100028F0D1FFE7CA
:10167000FFE707992020C1F88C00079900204867F0
:10168000079908670798006840F60041C5F6000111
:1016900088421CD0FFE707980068406800020028D5
:1016A00014D5FFE7FFE7FFE70798006850E8000F51
:1016B00020F080600290FFE702990798026842E8F4
:1016C00000100028F0D1FFE7FFE7FFE7FFE70798EA
:1016D000C06E01282BD1FFE707990020C866FFE7FD
:1016E000FFE70798006850E8000F20F01000019015
:1016F000FFE701990798026842E800100028F0D13E
:10170000FFE7FFE707980068C06900F010010120BB
:10171000B0EB111F05D1FFE70798016810200862A0
:10172000FFE70798B0F85C10FBF72AFD03E0079885
:10173000FDF75EFBFFE7FFE706E0079801688869B1
:1017400040F008008861FFE708B080BD000000009D
:1017500080B58EB00D900D98B0F86000ADF82E00F9
:101760000D980068C06909900D980068006808909D
:101770000D980068806807900D98D0F88C0022289A
:1017800040F06181FFE70D98B0F86800ADF82A00DD
:10179000FFE7BDF82A100020009031B1FFE79DF867
:1017A0002400C0F340100090FFE70098C007002815
:1017B00000F00A81FFE70D980068406AADF82C0040
:1017C0000D98806D0C90BDF82C00BDF82E100840CF
:1017D0000C9908800D99886D023088650D99B1F8D3
:1017E0005E000138A1F85E000D980068C06909909C
:1017F0009DF824004007002852D0FFE79DF8240000
:10180000C00788B1FFE79DF82100C00760B1FFE77E
:101810000D980168012008620D99D1F8900040F000
:101820000100C1F89000FFE79DF824008007002820
:1018300011D5FFE79DF81C00C00760B1FFE70D98C8
:101840000168022008620D99D1F8900040F0040070
:10185000C1F89000FFE79DF824004007002811D54B
:10186000FFE79DF81C00C00760B1FFE70D98016815
:10187000042008620D99D1F8900040F00200C1F8F0
:101880009000FFE70D98D0F8900040B1FFE70D9869
:10189000FBF716FF0D990020C1F89000FFE7FFE766
:1018A0000D98B0F85E00002840F08D80FFE7FFE75C
:1018B000FFE70D98006850E8000F20F48070069054
:1018C000FFE706990D98026842E800100028F0D161
:1018D000FFE7FFE7FFE7FFE70D98006850E8020F1A
:1018E0004FF6FE71CEF6FF7108400590FFE70599AF
:1018F0000D98026842E802100028EDD1FFE7FFE7EB
:101900000D992020C1F88C000D99002048670D9991
:1019100008670D98006840F60041C5F6000188424E
:101920001CD0FFE70D98006840680002002814D51D
:10193000FFE7FFE7FFE70D98006850E8000F20F091
:1019400080600490FFE704990D98026842E8001057
:101950000028F0D1FFE7FFE7FFE7FFE70D98C06E33
:1019600001282BD1FFE70D990020C866FFE7FFE7AC
:101970000D98006850E8000F20F010000390FFE77A
:1019800003990D98026842E800100028F0D1FFE7A3
:10199000FFE70D980068C06900F010010120B0EB6E
:1019A000111F05D1FFE70D98016810200862FFE7BD
:1019B0000D98B0F85C10FBF7E3FB03E00D98FDF722
:1019C00017FAFFE700E0E4E60D98B0F85E00ADF826
:1019D0002800BDF82800A8B3FFE7BDF828000D993E
:1019E000B1F8681088422DDAFFE7FFE7FFE70D98AE
:1019F000006850E8020F20F080500290FFE7029943
:101A00000D98026842E802100028F0D1FFE7FFE7D6
:101A10000D9941F2C950C0F601004867FFE7FFE7A2
:101A20000D98006850E8000F40F020000190FFE79B
:101A300001990D98026842E800100028F0D1FFE7F4
:101A4000FFE7FFE706E00D980168886940F00800AD
:101A50008861FFE70EB080BD80B586B0059005981F
:101A6000B0F86000ADF812000598D0F88C0022287C
:101A700040F0A980FFE705980068406AADF81000C3
:101A8000BDF810009DF8121008400599896D087086
:101A90000599886D013088650599B1F85E000138B7
:101AA000A1F85E000598B0F85E00002840F08A803A
:101AB000FFE7FFE7FFE70598006850E8000F20F414
:101AC00090700390FFE703990598026842E80010C0
:101AD0000028F0D1FFE7FFE7FFE7FFE70598006880
:101AE00050E8020F20F001000290FFE702990598EC
:101AF000026842E802100028F0D1FFE7FFE70599ED
:101B00002020C1F88C0005990020486705990867D6
:101B10000598006840F60041C5F6000188421CD0D7
:101B2000FFE70598006840680002002814D5FFE729
:101B3000FFE7FFE70598006850E8000F20F080609D
:101B40000190FFE701990598026842E8001000281B
:101B5000F0D1FFE7FFE7FFE7FFE70598C06E012838
:101B60002BD1FFE705990020C866FFE7FFE705983E
:101B7000006850E8000F20F010000090FFE7009987
:101B80000598026842E800100028F0D1FFE7FFE75F
:101B900005980068C06900F010010120B0EB111F2A
:101BA00005D1FFE70598016810200862FFE7059856
:101BB000B0F85C10FBF7E4FA03E00598FDF718F9BC
:101BC000FFE7FFE706E005980168886940F0080034
:101BD0008861FFE706B080BD80B58EB00D900D988E
:101BE000B0F86000ADF832000D980068C0690A9046
:101BF0000D980068006809900D980068806808904A
:101C00000D98D0F88C00222840F05F81FFE70D98F6
:101C1000B0F86800ADF82E00FFE7BDF82E100020E8
:101C2000019031B1FFE79DF82800C0F3401001900A
:101C3000FFE70198C007002800F00881FFE70D9832
:101C40000068406AADF83000BDF830009DF83210F1
:101C500008400D99896D08700D99886D013088656F
:101C60000D99B1F85E000138A1F85E000D9800688A
:101C7000C0690A909DF828004007002852D0FFE76D
:101C80009DF82800C00788B1FFE79DF82500C00730
:101C900060B1FFE70D980168012008620D99D1F845
:101CA000900040F00100C1F89000FFE79DF8280087
:101CB0008007002811D5FFE79DF82000C00760B11C
:101CC000FFE70D980168022008620D99D1F8900095
:101CD00040F00400C1F89000FFE79DF8280040079D
:101CE000002811D5FFE79DF82000C00760B1FFE78D
:101CF0000D980168042008620D99D1F8900040F019
:101D00000200C1F89000FFE70D98D0F8900040B1B4
:101D1000FFE70D98FBF7D4FC0D990020C1F8900067
:101D2000FFE7FFE70D98B0F85E00002840F08D80D7
:101D3000FFE7FFE7FFE70D98006850E8000F20F489
:101D400080700790FFE707990D98026842E800103D
:101D50000028F0D1FFE7FFE7FFE7FFE70D980068F5
:101D600050E8020F4FF6FE71CEF6FF710840069064
:101D7000FFE706990D98026842E802100028EDD1AD
:101D8000FFE7FFE70D992020C1F88C000D99002096
:101D900048670D9908670D98006840F60041C5F640
:101DA000000188421CD0FFE70D98006840680002DF
:101DB000002814D5FFE7FFE7FFE70D98006850E81B
:101DC000000F20F080600590FFE705990D980268EC
:101DD00042E800100028F0D1FFE7FFE7FFE7FFE748
:101DE0000D98C06E01282BD1FFE70D990020C86621
:101DF000FFE7FFE70D98006850E8000F20F01000A3
:101E00000490FFE704990D98026842E8001000284A
:101E1000F0D1FFE7FFE70D980068C06900F01001FE
:101E20000120B0EB111F05D1FFE70D9801681020CC
:101E30000862FFE70D98B0F85C10FBF7A1F903E02A
:101E40000D98FCF7D5FFFFE700E0E6E60D98B0F847
:101E50005E00ADF82C00BDF82C00A8B3FFE7BDF87C
:101E60002C000D99B1F8681088422DDAFFE7FFE7E2
:101E7000FFE70D98006850E8020F20F080500390B3
:101E8000FFE703990D98026842E802100028F0D19C
:101E9000FFE7FFE70D9941F65920C0F601004867BA
:101EA000FFE7FFE70D98006850E8000F40F02000C2
:101EB0000290FFE702990D98026842E8001000289E
:101EC000F0D1FFE7FFE7FFE706E00D9801688869BA
:101ED00040F008008861FFE70EB080BD0000000000
:101EE00080B59EB01D9000208DF867001D98006899
:101EF00040F60041C5F60001884201D1FFE700E04D
:101F0000FFE71D9988680B694A69C969184310433E
:101F100008431C901D980068006846F6F311CCF643
:101F2000FF7108401C9908431D99096808601D98B5
:101F30000068406820F440501D9A1168D268104330
:101F400048601D9880691C901D98006840F600410B
:101F5000C5F60001884206D0FFE71D98016A1C986B
:101F600008431C90FFE71D98006880684FF2FF410E
:101F7000C1F2FF1108401C9908431D990968886047
:101F80001D980068C06A20F00F001D9A1168526AFF
:101F90001043C862FFE71D98006841F20001C4F2D7
:101FA0000101884240F04180FFE744F25440C5F609
:101FB0000200006800F038000146109128282FD850
:101FC0001099DFE801F0152D2D2D2D2D2D2D192D1A
:101FD0002D2D2D2D2D2D1D2D2D2D2D2D2D2D212D4D
:101FE0002D2D2D2D2D2D252D2D2D2D2D2D2D29005A
:101FF00001208DF86D0017E004208DF86D0013E0CE
:1020000008208DF86D000FE010208DF86D000BE0BA
:1020100020208DF86D0007E040208DF86D0003E072
:1020200080208DF86D00FFE76CE21D98006844F297
:102030000041C4F2000188422ED1FFE744F254402F
:10204000C5F60200006800F0070001460F91052860
:102050001DD80F99DFE801F003070B0F13170020BD
:102060008DF86D0017E004208DF86D0013E0082056
:102070008DF86D000FE010208DF86D000BE0202032
:102080008DF86D0007E040208DF86D0003E08020A2
:102090008DF86D00FFE734E21D98006844F60001FA
:1020A000C4F2000188422ED1FFE744F25440C5F645
:1020B0000200006800F0070001460E9105281DD8B7
:1020C0000E99DFE801F003070B0F131700208DF8BE
:1020D0006D0017E004208DF86D0013E008208DF8E6
:1020E0006D000FE010208DF86D000BE020208DF8C2
:1020F0006D0007E040208DF86D0003E080208DF832
:102100006D00FFE7FCE11D98006844F60041C4F251
:10211000000188422ED1FFE744F25440C5F6020088
:10212000006800F0070001460D9105281DD80D99A3
:10213000DFE801F003070B0F131700208DF86D0087
:1021400017E004208DF86D0013E008208DF86D0075
:102150000FE010208DF86D000BE020208DF86D0051
:1021600007E040208DF86D0003E080208DF86D00C1
:10217000FFE7C4E11D98006845F20001C4F20001C8
:1021800088422ED1FFE744F25440C5F602000068B1
:1021900000F0070001460C9105281DD80C99DFE8D6
:1021A00001F003070B0F131700208DF86D0017E0E7
:1021B00004208DF86D0013E008208DF86D000FE00D
:1021C00010208DF86D000BE020208DF86D0007E0E9
:1021D00040208DF86D0003E080208DF86D00FFE752
:1021E0008CE11D98006841F20041C4F2010188426F
:1021F00040F04180FFE744F25440C5F60200006819
:1022000000F0380001460B9128282FD80B99DFE801
:1022100001F0152D2D2D2D2D2D2D192D2D2D2D2D83
:102220002D2D1D2D2D2D2D2D2D2D212D2D2D2D2DFA
:102230002D2D252D2D2D2D2D2D2D290001208DF815
:102240006D0017E004208DF86D0013E008208DF874
:102250006D000FE010208DF86D000BE020208DF850
:102260006D0007E040208DF86D0003E080208DF8C0
:102270006D00FFE741E11D98006847F60001C4F2D8
:10228000000188422ED1FFE744F25440C5F6020017
:10229000006800F0070001460A9105281DD80A9938
:1022A000DFE801F003070B0F131700208DF86D0016
:1022B00017E004208DF86D0013E008208DF86D0004
:1022C0000FE010208DF86D000BE020208DF86D00E0
:1022D00007E040208DF86D0003E080208DF86D0050
:1022E000FFE709E11D98006847F60041C4F20001CC
:1022F00088422ED1FFE744F25440C5F60200006840
:1023000000F007000146099105281DD80999DFE86A
:1023100001F003070B0F131700208DF86D0017E075
:1023200004208DF86D0013E008208DF86D000FE09B
:1023300010208DF86D000BE020208DF86D0007E077
:1023400040208DF86D0003E080208DF86D00FFE7E0
:10235000D1E01D98006841F60001C4F201018842F5
:1023600040F04180FFE744F25440C5F602000068A7
:1023700000F038000146089128282FD80899DFE896
:1023800001F0152D2D2D2D2D2D2D192D2D2D2D2D12
:102390002D2D1D2D2D2D2D2D2D2D212D2D2D2D2D89
:1023A0002D2D252D2D2D2D2D2D2D290001208DF8A4
:1023B0006D0017E004208DF86D0013E008208DF803
:1023C0006D000FE010208DF86D000BE020208DF8DF
:1023D0006D0007E040208DF86D0003E080208DF84F
:1023E0006D00FFE786E01D98006841F60041C4F2E9
:1023F0000101884240F04180FFE744F25440C5F6B5
:102400000200006800F038000146079128282FD804
:102410000799DFE801F0152D2D2D2D2D2D2D192DCE
:102420002D2D2D2D2D2D1D2D2D2D2D2D2D2D212DF8
:102430002D2D2D2D2D2D252D2D2D2D2D2D2D290005
:1024400001208DF86D0017E004208DF86D0013E079
:1024500008208DF86D000FE010208DF86D000BE066
:1024600020208DF86D0007E040208DF86D0003E01E
:1024700080208DF86D00FFE73BE01D98006840F676
:102480000041C5F6000188422ED1FFE744F25840D2
:10249000C5F60200006800F0070001460691052815
:1024A0001DD80699DFE801F003070B0F1317022070
:1024B0008DF86D0017E004208DF86D0013E0082002
:1024C0008DF86D000FE010208DF86D000BE02020DE
:1024D0008DF86D0007E040208DF86D0003E080204E
:1024E0008DF86D00FFE703E080208DF86D00FFE7B9
:1024F000FFE7FFE7FFE7FFE7FFE7FFE7FFE7FFE7AC
:10250000FFE7FFE7FFE71D98006840F60041C5F6CA
:102510000001884240F0B480FFE79DF86D0001465D
:102520000591022814D0FFE70598042814D0FFE78E
:102530000598082816D0FFE70598102818D0FFE75F
:102540000598202835D0FFE70598402837D03AE095
:10255000F7F706FA11903CE015A8F7F715FA169868
:10256000119036E012A8F7F767FB1398119030E04E
:1025700044F20040C5F60200006800F0200100208F
:10258000B0EB511F0ED0FFE744F20040C5F6020049
:102590000068C0F3C10149F20000C0F2D030C84069
:1025A000119005E049F20000C0F2D0301190FFE731
:1025B0000FE040F60010C0F23D00119009E04FF42A
:1025C0000040119005E00020119001208DF8670077
:1025D000FFE71198002852D0FFE711981D994A6A29
:1025E00047F63461C0F6020131F81210B0FBF1F089
:1025F000189018981D99496801EB4101884207D34A
:10260000FFE718981D994968B0EB013F04D9FFE72F
:1026100001208DF8670031E011981D994A680392F6
:102620004A6A47F63461C0F6020131F812200023ED
:1026300004931946EDF746FF039A049B090241EA09
:102640001061000210EB520041F10001EDF73AFF7A
:102650001A901A98B0F5407F0BD3FFE71A99002023
:10266000B0EB115F05D1FFE71A981D990968C860A2
:1026700003E001208DF86700FFE7FFE7FFE746E191
:102680001D98C069B0F5004F40F0A880FFE79DF8A5
:102690006D0001460291402800F263800299DFE854
:1026A00001F021256060296060602F6060606060DB
:1026B0006060356060606060606060606060606045
:1026C0006060566060606060606060606060606014
:1026D00060606060606060606060606060606060FA
:1026E00060605C00F8F7B4FE119040E0F8F7C4FEBB
:1026F00011903CE015A8F7F747F91698119036E0CD
:1027000012A8F7F799FA1398119030E044F20040BC
:10271000C5F60200006800F020010020B0EB511F58
:102720000ED0FFE744F20040C5F602000068C0F397
:10273000C10149F20000C0F2D030C840119005E05C
:1027400049F20000C0F2D0301190FFE70FE040F6F0
:102750000010C0F23D00119009E04FF400401190CC
:1027600005E00020119001208DF86700FFE7119827
:1027700098B3FFE711981D9A5168536A47F634627F
:10278000C0F6020232F81320B0FBF2F0400000EB7A
:102790005100B0FBF1F01A901A98102818D3FFE7F7
:1027A000BDF86A00A0B9FFE71A9820F00F00ADF855
:1027B0006E001A9800F00E01BDF86E0040EA51005C
:1027C000ADF86E00BDF86E001D990968C86003E0A1
:1027D00001208DF86700FFE7FFE797E09DF86D00A7
:1027E00001460191402800F263800199DFE801F081
:1027F00021256060296060602F60606060606060BB
:1028000035606060606060606060606060606060F3
:1028100056606060606060606060606060606060C2
:1028200060606060606060606060606060606060A8
:102830005C00F8F70DFE119040E0F8F71DFE1190D6
:102840003CE015A8F7F7A0F81698119036E012A80A
:10285000F7F7F2F91398119030E044F20040C5F612
:102860000200006800F020010020B0EB511F0ED0E4
:10287000FFE744F20040C5F602000068C0F3C10162
:1028800049F20000C0F2D030C840119005E049F292
:102890000000C0F2D0301190FFE70FE040F60010CA
:1028A000C0F23D00119009E04FF40040119005E0A6
:1028B0000020119001208DF86700FFE7119820B3E8
:1028C000FFE711981D9A5168536A47F63462C0F6C3
:1028D000020232F81320B0FBF2F000EB5100B0FB23
:1028E000F1F01A901A9810280AD3FFE7BDF86A0091
:1028F00030B9FFE7BDF868001D990968C86003E0BA
:1029000001208DF86700FFE7FFE7FFE7FFE71D996C
:102910000120A1F86A001D99A1F868001D99002006
:1029200048671D9988679DF867001EB080BD00004C
:1029300080B588B006900591ADF8122005980699EB
:102940008865BDF812000699A1F85C000699002080
:10295000C1F8900006992220C1F88C000698D0F8A2
:102960008000B0B3FFE70698D0F8801041F2B9209C
:10297000C0F60100C8630698D0F8801041F2B1306B
:10298000C0F6010008640698D0F8801041F23920A2
:10299000C0F60100C8640698D0F8801000200865D1
:1029A00006980168826DD0F880002431BDF812309D
:1029B000F3F716FD60B1FFE706991020C1F890000B
:1029C00006992020C1F88C0001208DF81F0042E0FC
:1029D000FFE706980069A0B1FFE7FFE7FFE7069869
:1029E000006850E8000F40F480700390FFE70399FF
:1029F0000698026842E800100028F0D1FFE7FFE7E0
:102A0000FFE7FFE7FFE70698006850E8020F40F095
:102A100001000290FFE702990698026842E802105E
:102A20000028F0D1FFE7FFE7FFE7FFE7069800681F
:102A300050E8020F40F040000190FFE7019906982E
:102A4000026842E802100028F0D1FFE7FFE700200B
:102A50008DF81F00FFE79DF81F0008B080BD000043
:102A600088B007900691ADF81620069807998865FA
:102A7000BDF816000799A1F85C00BDF8160007998B
:102A8000A1F85E00079900204867FFE70798806873
:102A9000B0F5805F10D1FFE70798006930B9FFE714
:102AA000079940F2FF10A1F8600004E00799FF20A9
:102AB000A1F86000FFE72EE00798806878B9FFE78B
:102AC0000798006928B9FFE70799FF20A1F860007F
:102AD00004E007997F20A1F86000FFE71AE007985B
:102AE0008068B0F1805F0FD1FFE70798006928B9CF
:102AF000FFE707997F20A1F8600004E007993F20D5
:102B0000A1F86000FFE704E007990020A1F8600049
:102B1000FFE7FFE7FFE7FFE707990020C1F8900014
:102B200007992220C1F88C00FFE7FFE707980068AB
:102B300050E8020F40F001000490FFE70499079865
:102B4000026842E802100028F0D1FFE7FFE707988B
:102B5000406EB0F1005F4CD1FFE7BDF81600079959
:102B6000B1F86810884244DBFFE707988068B0F549
:102B7000805F0BD1FFE70798006938B9FFE7079935
:102B800041F25170C0F60100486706E0079941F62E
:102B9000D930C0F601004867FFE707980069A0B187
:102BA000FFE7FFE7FFE70798006850E8000F40F4F1
:102BB00080700390FFE703990798026842E80010CD
:102BC0000028F0D1FFE7FFE7FFE7FFE7FFE70798FF
:102BD000006850E8020F40F080500290FFE7029931
:102BE0000798026842E802100028F0D1FFE7FFE7EB
:102BF00044E007988068B0F5805F0BD1FFE7079845
:102C0000006938B9FFE7079941F2C950C0F60100E1
:102C1000486706E0079941F65920C0F60100486769
:102C2000FFE707980069A0B1FFE7FFE7FFE7079814
:102C3000006850E8000F40F490700190FFE70199A0
:102C40000798026842E800100028F0D1FFE7FFE78C
:102C500013E0FFE7FFE70798006850E8000F40F037
:102C600020000090FFE700990798026842E80010F2
:102C70000028F0D1FFE7FFE7FFE7FFE7002008B0FB
:102C8000704700000000000084B003900398D0F863
:102C90008800212842D1FFE70398B0F8560038BBDE
:102CA000FFE7FFE7FFE70398006850E8000F20F018
:102CB00080000190FFE701990398026842E8001044
:102CC0000028F0D1FFE7FFE7FFE7FFE70398006880
:102CD00050E8000F40F040000090FFE70099039893
:102CE000026842E800100028F0D1FFE7FFE714E097
:102CF0000398006D0290029800886FF35F2003999B
:102D0000096888620399086D023008650399B1F873
:102D100056000138A1F85600FFE7FFE704B07047FE
:102D200085B004900498D0F8880021285DD1FFE791
:102D30000498B0F86A00ADF80A00FFE7BDF80A0091
:102D4000002851D0FFE70498B0F8560038BBFFE7E1
:102D5000FFE7FFE70498006850E8020F20F4000046
:102D60000190FFE701990498026842E802100028E8
:102D7000F0D1FFE7FFE7FFE7FFE70498006850E8BE
:102D8000000F40F040000090FFE7009904980268AF
:102D900042E800100028F0D1FFE7FFE724E00498A4
:102DA0000068C0690006002815D5FFE70498006D8B
:102DB0000390039800886FF35F2004990968886284
:102DC0000499086D023008650499B1F8560001387D
:102DD000A1F8560000E0FFE7FFE7FFE7BDF80A00B3
:102DE0000138ADF80A00A9E7FFE705B07047000019
:102DF00083B002900298D0F8880021283DD1FFE7E7
:102E00000298B0F8560038BBFFE7FFE7FFE70298EB
:102E1000006850E8000F20F080000190FFE7019962
:102E20000298026842E800100028F0D1FFE7FFE7AF
:102E3000FFE7FFE70298006850E8000F40F040000D
:102E40000090FFE700990298026842E8001000280D
:102E5000F0D1FFE7FFE70FE002980168006D00780E
:102E600088620299086D013008650299B1F8560030
:102E70000138A1F85600FFE7FFE703B070470000F4
:102E800084B003900398D0F88800212858D1FFE738
:102E90000398B0F86A00ADF80A00FFE7BDF80A0031
:102EA00000284CD0FFE70398B0F8560038BBFFE786
:102EB000FFE7FFE70398006850E8020F20F40000E6
:102EC0000190FFE701990398026842E80210002888
:102ED000F0D1FFE7FFE7FFE7FFE70398006850E85E
:102EE000000F40F040000090FFE70099039802684F
:102EF00042E800100028F0D1FFE7FFE71FE0039849
:102F00000068C0690006002810D5FFE70398016833
:102F1000006D007888620399086D01300865039997
:102F2000B1F856000138A1F8560000E0FFE7FFE7CE
:102F3000FFE7BDF80A000138ADF80A00AEE7FFE789
:102F400004B070470000000080B586B0DDF820C0F6
:102F5000049003918DF80B200193FFE7049800681B
:102F6000C06903990840401AB0FA80F040099DF802
:102F70000B10884266D1FFE708980130002860D026
:102F8000FFE7F5F7D1F90199401A0899884203D86B
:102F9000FFE7089820B9FFE703208DF8170055E0F8
:102FA0000498006800684007002849D5FFE70398A7
:102FB000802845D0FFE70398402841D0FFE70498D8
:102FC0000068C06900F008010120B0EBD10F16D1F4
:102FD000FFE7049801680820009008620498FEF753
:102FE0004FFA00980499C1F89000FFE70499002077
:102FF00081F88400FFE701208DF8170026E004988F
:103000000068C06900F400610120B0EBD12F16D137
:10301000FFE7049801684FF4006008620498FEF727
:103020002FFA04992020C1F89000FFE704990020AE
:1030300081F88400FFE703208DF8170006E0FFE722
:10304000FFE78BE700208DF81700FFE79DF81700DA
:1030500006B080BD0000000080B542F6DC70C2F210
:103060000040FAF765FD80BD80B542F64870C2F2B7
:103070000040FAF75DFD80BD80B543F27000C2F2FA
:103080000040FAF755FD80BD80B543F20410C2F24E
:103090000040FAF74DFD80BD80B586B004908DF8F4
:1030A0000F100498D0F8C80201900498D0F8D412F8
:1030B00000EB8100D0F8C00220B9FFE703208DF8B3
:1030C00017005FE00498D0F8D41200EB8100D0F82C
:1030D000C002029004989DF80F1001F00F0101EB5F
:1030E000810100EB8100806940B3FFE704989DF8FF
:1030F0000F1001F00F0101EB810200EB82008269E9
:10310000019801EBC10100EB8100C169B2FBF1F054
:1031100000FB112090B9FFE704989DF80F1001F013
:103120000F0101EB810100EB810000238361049812
:103130009DF80F101A4601F003FE1FE002990020CF
:10314000C1F814020498D0F8D41200EB8100D0F832
:10315000C402006988B1FFE70498D0F8D41200EBEC
:103160008100D0F8C40203690299D1F8080201F580
:1031700004719DF80F209847FFE7FFE700208DF8C6
:103180001700FFE79DF8170006B080BD00000000A3
:1031900080B584B002908DF807100298D0F8D41250
:1031A00000EB8100D0F8C00200900298D0F8D41251
:1031B00000EB8100D0F8C00220B9FFE703208DF8B2
:1031C0000F0019E002989DF8071001F029FB009903
:1031D000C1F80C020298D0F8D41200EB8100D0F8AC
:1031E000C402C2680099D1F8040201F50371904746
:1031F00000208DF80F00FFE79DF80F0004B080BDA0
:1032000080B586B005908DF81310059840F20D0139
:10321000C2F200410091097801F016F90099059871
:10322000097801F00F0101EB810100EB8101002021
:1032300003908884059840F20E01C2F2004101918A
:10324000097801F001F9019A03980599127802F0C2
:103250000F0202EB820201EB8201A1F864010598E2
:1032600040F20C01C2F200410291097801F0ECF841
:10327000029A03980599137803F00F0303EB830375
:1032800001EB830188840599127802F00F0202EBAA
:10329000820201EB8201C8840598D0F8D41200EBB9
:1032A0008100D0F8C002F0B1FFE70598D0F8D41241
:1032B00000EB8100D0F8C402406880470598D0F840
:1032C000D41200EB8100D0F8C00202F0E5F90598B5
:1032D000D0F8D41200EB81010020C1F8C00205999A
:1032E000C1F8BC02FFE7002006B080BD000000006E
:1032F00080B584B002900298D0F8D41200EB81001F
:10330000D0F8C0020190019820B9FFE703208DF8A2
:103310000F0025E00298D0F8D41200EB8100D0F81D
:10332000C402C8B1FFE7019890F80002FF2813D04B
:10333000FFE70298D0F8D41200EB8100D0F8C40265
:103340008368019991F8000291F801229847019948
:10335000FF2081F80002FFE700208DF80F00FFE753
:103360009DF80F0004B080BD81B0009000990A2044
:10337000088040F2B400C2F2004001B07047000083
:1033800080B586B0059040F27000C2F20040019016
:10339000822100F019FE014601980491012100F0FC
:1033A00013FE014601980391812100F00DFE029069
:1033B000049820B1FFE7049910208871FFE7039873
:1033C00020B1FFE7039940208880FFE7029820B1F1
:1033D000FFE7029940208880FFE705994320088095
:1033E00040F27000C2F2004006B080BD0000000054
:1033F00080B586B0059040F27000C2F200400190A6
:10340000822100F0E1FD014601980491012100F0C4
:10341000DBFD014601980391812100F0D5FD02906A
:10342000049820B1FFE7049910208871FFE7039802
:1034300028B1FFE703994FF400708880FFE70298F6
:1034400028B1FFE702994FF400708880FFE70599E3
:103450004320088040F27000C2F2004006B080BDF8
:1034600080B586B0059040F27000C2F20040019035
:10347000822100F0A9FD014601980491012100F08C
:10348000A3FD014601980391812100F09DFD02906A
:10349000049820B1FFE7049910208871FFE7039892
:1034A00020B1FFE7039940208880FFE7029820B110
:1034B000FFE7029940208880FFE7059943200880B4
:1034C00040F27000C2F2004006B080BD0000000073
:1034D00080B590B00E908DF837104FF4077002F061
:1034E000DFF80C900C9860B9FFE70E98D0F8D41272
:1034F00000EB81010020C1F8C00202208DF83F00DE
:10350000F0E00C984FF40771EDF71AF90C980E994A
:10351000D1F8D42201EB8201C1F8C0020E99D1F892
:10352000D40201EB8000D0F8C002C1F8BC020E98B2
:10353000007C002840D1FFE70E9840F20D01C2F256
:10354000004107910978022208924FF40073099311
:1035500001F05AFA0799089A099B0E98097801F028
:103560000F0101EB810100EB810101200B908884A8
:103570000E9840F20E01C2F200410A91097801F062
:1035800043FA0A9A0B980E99127802F00F0202EB96
:10359000820201EB8201A1F864010E9840F20C0155
:1035A000C2F20041097801F00F0101EB810100EB4B
:1035B00081011020C8843EE00E9840F20D01C2F255
:1035C000004102910978022203924023049301F002
:1035D0001BFA0299039A049B0E98097801F00F01D7
:1035E00001EB810100EB81010120069088840E9897
:1035F00040F20E01C2F200410591097801F004FA8F
:10360000059A06980E99127802F00F0202EB8202D8
:1036100001EB8201A1F864010E9840F20C01C2F2A4
:103620000041097801F00F0101EB810100EB8101FC
:103630001020C884FFE70E9840F20C01C2F200414E
:10364000009109780322082301F0DEF900990E9811
:10365000097801F00F0101EB810100EB81010120EC
:1036600088840C9900200190C1F804020E98D0F8CB
:10367000D41200EB8100D0F8C402006880470198A2
:103680000C99C1F814020C99C1F818020C98D0F8E2
:10369000040220B9FFE702208DF83F0022E00E98D7
:1036A000007C70B9FFE70E9840F20E01C2F20041B3
:1036B00009780C9AD2F804224FF4007301F0CCF987
:1036C0000CE00E9840F20E01C2F2004109780C9A0B
:1036D000D2F80422402301F0BFF9FFE700208DF863
:1036E0003F00FFE79DF83F0010B080BD00000000E4
:1036F00080B584B002900298D0F8D41200EB81001B
:10370000D0F8C00201900298D0F8D41200EB8100EA
:10371000D0F8C00220B9FFE703208DF80F0022E0A7
:103720000298007C70B9FFE7029840F20E01C2F2E5
:1037300000410978019AD2F804224FF4007301F095
:103740008BF90CE0029840F20E01C2F200410978B8
:10375000019AD2F80422402301F07EF9FFE700200D
:103760008DF80F00FFE79DF80F0004B080BD00004A
:1037700083B001900091009820B9FFE703208DF8F5
:103780000B000BE000980199D1F8D42201EB8201E3
:10379000C1F8C40200208DF80B00FFE79DF80B0074
:1037A00003B070470000000084B0029001910298BD
:1037B000D0F8D41200EB8100D0F8C002009000983D
:1037C00020B9FFE703208DF80F0007E0019800996A
:1037D000C1F8040200208DF80F00FFE79DF80F00EC
:1037E00004B070470000000085B003900291019280
:1037F0000398D0F8D41200EB8100D0F8C0020090FA
:10380000009820B9FFE703208DF813000BE0029821
:103810000099C1F8080201980099C1F8100200202F
:103820008DF81300FFE79DF8130005B07047000006
:1038300080B58AB0089007910898D0F8D41200EBB0
:103840008100D0F8C002069000208DF81500ADF878
:1038500012008DF81100069820B9FFE703208DF8BB
:103860002700C7E00798007800F060000146039148
:1038700000285ED0FFE70398202840F0AE80FFE7E5
:103880000798C088002846D0FFE707980078000610
:10389000002823D5FFE70898D0F8D41200EB810068
:1038A000D0F8C4028368079A50780699D28898475E
:1038B0000798C088082803D3FFE70720029003E099
:1038C0000798C0880290FFE70298ADF816000898A4
:1038D0000699BDF8162000F083F91BE007984078A0
:1038E000069981F800020798C0883F2804D8FFE7AE
:1038F0000798C088019002E040200190FFE70198FE
:10390000069981F801020898069991F8012200F0C1
:1039100037F9FFE70CE00898D0F8D41200EB8100EB
:10392000D0F8C40283680799487800229847FFE7D7
:103930005BE007984078014600910B2844D8009935
:10394000DFE801F0064142424242424242421C321A
:10395000089890F89C02032807D1FFE708980DF11A
:103960001201022200F03CF907E00898079900F0E4
:10397000F7F803208DF81100FFE72DE0089890F884
:103980009C02032807D1FFE708980DF115010122D9
:1039900000F026F907E00898079900F0E1F8032005
:1039A0008DF81100FFE717E0089890F89C020328B3
:1039B00008D0FFE70898079900F0D2F803208DF8A7
:1039C0001100FFE708E007E00898079900F0C8F841
:1039D00003208DF81100FFE707E00898079900F031
:1039E000BFF803208DF81100FFE79DF811008DF856
:1039F0002700FFE79DF827000AB080BD0000000007
:103A000080B584B002900298D0F8D41200EB810007
:103A1000D0F8C002019001208DF80300019820B970
:103A2000FFE703208DF80F002AE00198D0F8140278
:103A300008BBFFE701990120C1F814020198D0F8F2
:103A40001002029A40F20D01C2F200410B7803F01D
:103A50000F0303EB830302EB830290610298097862
:103A6000019BD3F80822D3F8103201F069F9002045
:103A70008DF80300FFE79DF803008DF80F00FFE7C6
:103A80009DF80F0004B080BD80B582B001908DF824
:103A9000031000208DF802000198D0F8B8124A688F
:103AA0009DF80310904720B1FFE703208DF8020036
:103AB000FFE79DF8020002B080BD0000000000009A
:103AC00080B582B001900091019890F89C02013875
:103AD00002280ED8FFE700984088012808D1FFE7A8
:103AE00001990020C1F8A402019800F095F8FFE7C1
:103AF00004E00198009900F033F8FFE702B080BDC0
:103B000082B001908DF80310002002B070470000D1
:103B100082B001908DF80310002002B070470000C1
:103B200080B584B00390029101920398029A019BA0
:103B30000021009100F090FF009804B080BD0000CB
:103B400080B584B00390029101920398029A019B80
:103B50000021009101F0F4F8009804B080BD00004D
:103B600080B582B0019000910198802101F094F815
:103B70000198002101F090F802B080BD0000000023
:103B800080B584B003900291019203990320C1F89B
:103B9000940201980399C1F8580101980399C1F85A
:103BA0005C010398029A019B0021009100F054FFF0
:103BB000009804B080BD000080B582B001900199EA
:103BC0000520C1F8940201980023009319461A4673
:103BD00000F042FF009802B080BD0000000000002D
:103BE00080B584B003900291019203990220C1F83C
:103BF000940201980399886101980399C861039818
:103C0000029A019B0021009101F09AF8009804B0FB
:103C100080BD00000000000080B582B001900199D5
:103C20000420C1F8940201980023009319461A4613
:103C300001F086F8009802B080BD0000000000008E
:103C400080B584B0039002910298C088012805D005
:103C5000FFE703980299FFF783FF21E0039890F8AC
:103C60009C12481E0191022804D3FFE70198032803
:103C70000AD00FE0039900208860039800F1080142
:103C80000122FFF7ADFF0AE00398011D0122FFF7B3
:103C9000A7FF04E003980299FFF762FFFFE7FFE741
:103CA00004B080BD0000000080B588B00790069188
:103CB0000020ADF8160004908DF80F000698C0782B
:103CC0000138014602910E2800F241810299DFE895
:103CD00011F02A00340051003E013E010B01230186
:103CE0003E013E013E013E013E013E013E010F000C
:103CF0000798D0F8B402C06950B1FFE70798D0F830
:103D0000B412CA69007C0DF116019047049009E0D5
:103D100007980699FFF724FF9DF80F0001308DF8F2
:103D20000F00FFE71DE10798D0F8B4120A68007C85
:103D30000DF116019047049013E10798007C60B9DB
:103D4000FFE70798D0F8B802816A0DF1160088479E
:103D500004900499022048700BE00798D0F8B8024C
:103D6000C16A0DF11600884704900499022048703A
:103D7000FFE7F6E00698807801460191052800F2F9
:103D8000A8800199DFE801F0031E39546F8A079873
:103D9000D0F8B402406850B1FFE70798D0F8B412E9
:103DA0004A68007C0DF116019047049009E00798DD
:103DB0000699FFF7D5FE9DF80F0001308DF80F0032
:103DC000FFE790E00798D0F8B402806850B1FFE7B1
:103DD0000798D0F8B4128A68007C0DF1160190475C
:103DE000049009E007980699FFF7BAFE9DF80F00C6
:103DF00001308DF80F00FFE775E00798D0F8B402A6
:103E0000C06850B1FFE70798D0F8B412CA68007CC8
:103E10000DF116019047049009E007980699FFF705
:103E20009FFE9DF80F0001308DF80F00FFE75AE06C
:103E30000798D0F8B402006950B1FFE70798D0F8AE
:103E4000B4120A69007C0DF116019047049009E054
:103E500007980699FFF784FE9DF80F0001308DF852
:103E60000F00FFE73FE00798D0F8B402406950B177
:103E7000FFE70798D0F8B4124A69007C0DF11601EB
:103E80009047049009E007980699FFF769FE9DF8AE
:103E90000F0001308DF80F00FFE724E00798D0F8FD
:103EA000B402806950B1FFE70798D0F8B4128A696C
:103EB000007C0DF116019047049009E007980699DF
:103EC000FFF74EFE9DF80F0001308DF80F00FFE761
:103ED00009E007980699FFF743FE9DF80F000130AF
:103EE0008DF80F00FFE73CE00798007C48B9FFE73A
:103EF0000798D0F8B802416B0DF11600884704907E
:103F000009E007980699FFF72BFE9DF80F00013096
:103F10008DF80F00FFE724E00798007C60B9FFE709
:103F20000798D0F8B802016B0DF11600884704908D
:103F300004990720487009E007980699FFF710FEDA
:103F40009DF80F0001308DF80F00FFE709E007989A
:103F50000699FFF705FE9DF80F0001308DF80F0060
:103F6000FFE79DF80F0008B1FFE72AE00698C08838
:103F700018B3FFE7BDF81600C8B1FFE7BDF816009B
:103F80000699C988884204DAFFE7BDF81600009058
:103F900003E00698C0880090FFE70098ADF816008F
:103FA00007980499BDF81620FFF71AFE04E0079859
:103FB0000699FFF7D5FDFFE703E00798FFF72CFE12
:103FC000FFE708B080BD000080B586B005908DF891
:103FD0001310059803900598029000200190029913
:103FE00048880978884227DDFFE702980078ADF815
:103FF0000200FFE7BDF802000299498888421ADAF8
:10400000FFE703980DF1020100F036F803900398E2
:10401000407805280ED1FFE7039801900198807839
:104020009DF81310884201D1FFE704E000200190C1
:10403000FFE7FFE7DEE7FFE7019806B080BD00007D
:1040400083B0029000208DF8070002980090FFE7EF
:104050000098007848B1FFE79DF8070001308DF81F
:104060000700009801300090F2E79DF8070003B0C8
:10407000704700000000000083B002900191029898
:1040800000900098027801990888104408800298EE
:104090000099097808440090009803B07047000028
:1040A00080B582B001900091019890F89C0201388F
:1040B00002281FD8FFE70098C088022805D0FFE734
:1040C00001980099FFF74CFD19E001990120C860A3
:1040D0000198D0F8A40230B1FFE70199C86840F018
:1040E0000200C860FFE7019800F10C010222FFF70F
:1040F00077FD04E001980099FFF732FDFFE702B079
:1041000080BD00000000000080B586B005900491DD
:10411000039200208DF80B00059808B9FFE74FE0E7
:10412000059801900198FFF78BFF0146022000EBF4
:104130004100B0F5007F04D9FFE74FF40070009014
:1041400008E00198FFF77CFF0146022000EB4100E8
:104150000090FFE70098039908800398007804997D
:104160009DF80B2088549DF80B0001308DF80B0052
:1041700004999DF80B20032088549DF80B00013012
:104180008DF80B00FFE701980078C8B1FFE70198B0
:10419000007804999DF80B20885401980130019013
:1041A0009DF80B0001308DF80B0004999DF80B2051
:1041B000002088549DF80B0001308DF80B00E2E7D9
:1041C00006B080BD0000000082B08DF8070000201E
:1041D0008DF806009DF8070001460091032814D8C9
:1041E0000099DFE801F002060A0E00208DF80600B3
:1041F0000FE003208DF806000BE001208DF806008B
:1042000007E003208DF8060003E003208DF8060088
:10421000FFE79DF8060002B07047000000000000B4
:1042200080B582B08DF8070000919DF8070060B955
:10423000FFE7009A48F21C10C0F6020040F2443139
:10424000C2F20041FFF760FF0BE0009A48F21C1039
:10425000C0F6020040F24431C2F20041FFF754FFC1
:10426000FFE740F24430C2F2004002B080BD0000DF
:1042700082B08DF80700009100991220088040F26A
:10428000C000C2F2004002B0704700000000000011
:1042900080B582B08DF8070000919DF8070060B9E5
:1042A000FFE7009A48F20E10C0F6020040F24431D7
:1042B000C2F20041FFF728FF0BE0009A48F20E100F
:1042C000C0F6020040F24431C2F20041FFF71CFF89
:1042D000FFE740F24430C2F2004002B080BD00006F
:1042E00082B08DF80700009100990420088040F208
:1042F000E800C2F2004002B0704700000000000079
:1043000080B584B08DF80F000291029A48F2271010
:10431000C0F6020040F24431C2F200410191FFF7C1
:10432000F3FE019804B080BD80B582B08DF807001F
:1043300000919DF8070060B9FFE7009A48F23A1033
:10434000C0F6020040F24431C2F20041FFF7DCFE49
:104350000BE0009A48F23A10C0F6020040F24431F5
:10436000C2F20041FFF7D0FEFFE740F24430C2F254
:10437000004002B080BD000080B582B08DF807001B
:10438000009100991A200880EFF756FA40F2EC00ED
:10439000C2F2004002B080BD80B584B002900191AD
:1043A0008DF80320029820B9FFE703208DF80F0055
:1043B00023E002990020C1F8B8020299C1F8C402B2
:1043C0000299C1F8D002019828B1FFE7019802993B
:1043D000C1F8B402FFE70299012081F89C029DF820
:1043E000030002990870029800F02AFA8DF8020082
:1043F0009DF802008DF80F00FFE79DF80F0004B054
:1044000080BD00000000000080B582B001908DF8F2
:10441000031000208DF802008DF801000198D0F8FB
:10442000C8029DF80310F4F7C7F98DF802009DF853
:104430000200FFF7C9FE8DF801009DF8010002B0EF
:1044400080BD00000000000080B582B001908DF8B2
:10445000031000208DF802008DF801000198D0F8BB
:10446000C8029DF80310F4F753F98DF802009DF887
:104470000200FFF7A9FE8DF801009DF8010002B0CF
:1044800080BD00000000000080B588B006908DF867
:10449000171004929DF81700002874D1FFE70698C2
:1044A000143003900698D0F8940202285DD1FFE7FB
:1044B00003998868C968884212D9FFE70399886818
:1044C000CA68801A886006980499039A9268FFF770
:1044D00037FB0698002319461A4600F0BDFA43E060
:1044E00003988168C06888421ED1FFE70399486835
:1044F000C968884218D3FFE7039840680699D1F845
:104500009812884210D2FFE70698002201921146C5
:10451000FFF716FB019B0698C0F8983206981946DB
:104520001A4600F099FA1EE0069890F89C020328BB
:1045300011D1FFE70698D0F8B802C06850B1FFE784
:1045400006990020C1F8D4020698D0F8B812C968BC
:104550008847FFE7FFE70698802100F09DFB06985B
:10456000FFF72AFBFFE7FFE7FFE7069890F8A002B6
:1045700040B1FFE7069800F077FC0699002081F82B
:10458000A002FFE740E006989DF8171041F0800177
:10459000FFF7B6FA8DF80A009DF80A00FF2832D01E
:1045A000FFE79DF80A0070BBFFE7069890F89C02B1
:1045B000032827D1FFE706989DF80A1000EB810039
:1045C000D0F8B8024069E0B1FFE79DF80A0006990B
:1045D000C1F8D40206989DF80A1000EB8101D1F8C9
:1045E000B8124A699DF8171090478DF80B009DF896
:1045F0000B0028B1FFE79DF80B008DF81F0007E0C6
:10460000FFE7FFE7FFE7FFE700208DF81F00FFE768
:104610009DF81F0008B080BD80B58AB008908DF865
:104620001F10069200208DF813009DF81F0000282F
:1046300040F08280FFE7089800F5AA70059008987E
:10464000D0F89402032876D1FFE705998868C968F5
:1046500088421DD9FFE705998868CA68801A886072
:10466000089802900698039005998868C96888425E
:1046700004D2FFE705988068019003E00598C068C0
:104680000190FFE703990298019AFFF749FA51E078
:10469000089890F8AA0200F01F000146009140B16E
:1046A000FFE70098012808D0FFE7009802280CD007
:1046B00013E000208DF8120013E0089890F8AE1275
:1046C000FFF726FA8DF812000BE0089890F8AE126A
:1046D000FFF716FA8DF8120003E000208DF81200A3
:1046E000FFE79DF8120008BBFFE7089890F89C02CE
:1046F00003281AD1FFE708989DF8121000EB8100FB
:10470000D0F8B802006978B1FFE79DF81200089967
:10471000C1F8D40208989DF8121000EB8101D1F87D
:10472000B81209698847FFE7FFE7FFE70898FFF736
:1047300073FAFFE7FFE740E008989DF81F1001F0CB
:104740007F01FFF7DDF98DF812009DF81200FF28B8
:1047500032D0FFE79DF8120070BBFFE7089890F891
:104760009C0203281ED1FFE708989DF8121000EB69
:104770008100D0F8B802806998B1FFE79DF8120077
:104780000899C1F8D40208989DF8121000EB810135
:10479000D1F8B8128A699DF81F1090478DF8130060
:1047A000FFE7FFE79DF8130028B1FFE79DF813002E
:1047B0008DF8270005E0FFE7FFE700208DF82700D0
:1047C000FFE79DF827000AB080BD00000000000050
:1047D00081B00090002001B0704700000000000090
:1047E00080B582B0019000208DF80300019901206E
:1047F00081F89C020198D0F8B80268B1FFE70198EF
:10480000D0F8B8124A680179904720B1FFE7032039
:104810008DF80300FFE7FFE79DF8030002B080BDBD
:1048200080B582B001908DF803100198D0F8C802CD
:104830009DF80310F4F724F802B080BD00000000DA
:1048400080B584B0039003980078012838D1FFE741
:10485000039942F68010C2F200400290C0F8E014C2
:104860000399C1F8C8020021C4F2040101600921C2
:1048700001710222C2710021817142728172C17282
:1048800001738173C1730174F4F7CEFD18B1FFE7B2
:10489000EEF7C6FDFFE742F68010C2F2004001903D
:1048A0004FF40071F3F768FE019800218022F3F7BE
:1048B0006FFE019801214FF4BA72F3F769FEFFE72A
:1048C000002004B080BD000084B002908DF8071075
:1048D0000298D0F8C80200909DF807000006002852
:1048E0000DD5FFE700989DF8071001F07F0101EB5F
:1048F000C10100EB8100807D8DF80F000DE0009874
:104900009DF8071001F07F0101EBC10100EB810070
:1049100090F856028DF80F00FFE79DF80F0004B0E5
:10492000704700000000000080B584B002908DF850
:1049300007100298D0F8D41200EB8100D0F8B8022A
:1049400020B9FFE703208DF80F0020E0029890F8CF
:104950009C02032817D1FFE70298D0F8D41200EB8D
:104960008100D0F8B802006A60B1FFE70298D0F881
:10497000D41200EB8101D1F8B8120A6A9DF8071031
:104980009047FFE7FFE700208DF80F00FFE79DF855
:104990000F0004B080BD000080B584B002908DF897
:1049A00007100298D0F8D41200EB8100D0F8B802BA
:1049B00020B9FFE703208DF80F0020E0029890F85F
:1049C0009C02032817D1FFE70298D0F8D41200EB1D
:1049D0008100D0F8B802406A60B1FFE70298D0F8D1
:1049E000D41200EB8101D1F8B8124A6A9DF8071081
:1049F0009047FFE7FFE700208DF80F00FFE79DF8E5
:104A00000F0004B080BD000080B584B003908DF825
:104A10000B108DF80A20ADF8083000208DF8070043
:104A20008DF806000398D0F8C8029DF80B10BDF869
:104A300008209DF80A30F3F737FF8DF807009DF83E
:104A40000700FFF7C1FB8DF806009DF8060004B0D3
:104A500080BD00000000000080B586B005908DF894
:104A600013100392029300208DF807008DF80600C2
:104A70000598D0F8C8029DF81310039A029BF3F72B
:104A80008BFF8DF807009DF80700FFF79DFB8DF861
:104A900006009DF8060006B080BD00000000000082
:104AA00080B586B0059000208DF81300059A01218D
:104AB00082F89C120599C1F89402059948600599FD
:104AC000C1F8A402059981F8A0020598D0F8B802AF
:104AD000A0B1FFE70598D0F8B802406868B1FFE7D9
:104AE0000598D0F8B8124A680179904720B1FFE7DD
:104AF00003208DF81300FFE7FFE7FFE7059800228A
:104B00000192402303931146FFF77EFF019A039B16
:104B1000059901200290A1F864010598C0F8603160
:104B200005988021FFF770FF02990398059A9184F8
:104B3000059908629DF8130006B080BD00000000D2
:104B400081B00090009890F89C02042807D1FFE7FC
:104B5000009890F89D02009981F89C02FFE70020E0
:104B600001B070470000000080B582B0019001984C
:104B700090F89C02032813D1FFE70198D0F8B802FF
:104B800068B1FFE70198D0F8B802C06930B1FFE71B
:104B90000198D0F8B812C9698847FFE7FFE7FFE737
:104BA000002002B080BD000082B001908DF803109B
:104BB0009DF8030001990874002002B070470000BE
:104BC00080B582B001908DF8031000208DF80200AE
:104BD0008DF801000198D0F8C8029DF80310F4F791
:104BE000C3FD8DF802009DF80200FFF7EDFA8DF885
:104BF00001009DF8010002B080BD0000000000002F
:104C000080B584B003900291039800F2AA20029923
:104C100000F0BAF803990120C1F894020399B1F8A1
:104C2000B002C1F89802039890F8AA0200F01F00A1
:104C30000146009140B1FFE7009801280CD0FFE742
:104C40000098022810D017E0039800F2AA2100F083
:104C500067FA8DF8070019E0039800F2AA2100F026
:104C60009FFC8DF8070011E0039800F2AA2100F0E4
:104C7000BFFA8DF8070009E0039890F8AA1201F036
:104C8000800100F009F88DF80700FFE79DF80700A4
:104C900004B080BD0000000080B582B001908DF8A6
:104CA000031000208DF802008DF801000198D0F863
:104CB000C8029DF80310F3F7A7FE8DF802009DF8D7
:104CC0000200FFF781FA8DF801009DF8010002B0A3
:104CD00080BD00000000000080B582B0019000207F
:104CE0008DF803008DF802000198D0F8C802F4F79F
:104CF00077FD8DF803009DF80300FFF765FA8DF846
:104D000002009DF8020002B080BD0000000000001B
:104D100081B00090009890F89C02042807D0FFE72B
:104D2000009890F89C02009981F89D02FFE7009995
:104D3000042081F89C02002001B0704700000000B0
:104D400080B586B005908DF8131003920293002071
:104D50008DF807008DF806000598D0F8C8029DF878
:104D60001310039A029BF3F7BFFE8DF807009DF81E
:104D70000700FFF729FA8DF806009DF8060006B037
:104D800080BD00000000000080B584B00390029157
:104D900002980190019800780399087001980130F9
:104DA00001900198007803994870019801300190B2
:104DB0000198FBF7C9FA03994880019801300190E6
:104DC0000198013001900198FBF7BEFA03998880A1
:104DD0000198013001900198013001900198FBF792
:104DE000B3FA0399C88004B080BD00000000000041
:104DF00080B584B0029001910020ADF802000198C6
:104E000020B9FFE703208DF80F0026E001980299F2
:104E1000C1F8B8020298D0F8D41200EB8100D0F8A3
:104E2000B802C06A78B1FFE70298D0F8D41200EB5C
:104E30008100D0F8B802C16A0DF1020088470299DA
:104E4000C1F8D002FFE70299D1F8D8020130C1F8C9
:104E5000D80200208DF80F00FFE79DF80F0004B086
:104E600080BD00000000000081B00090002001B073
:104E7000704700000000000080B584B003900291EC
:104E800002988088B8BBFFE70298C08898BBFFE70C
:104E9000029840887F282ED8FFE70298807800F09B
:104EA0007F008DF80700039890F89C02032805D135
:104EB000FFE703980299FEF753FE1BE09DF80700F9
:104EC000039981F89E0203989DF80710FFF778FE7A
:104ED0000398FEF7A1FE9DF8070028B1FFE70399AC
:104EE000022081F89C0204E00399012081F89C02D1
:104EF000FFE7FFE704E003980299FEF731FEFFE7C2
:104F000004B080BD0000000080B582B001908DF833
:104F1000031000208DF802000198D0F8B80250B1BB
:104F2000FFE70198D0F8B8120A689DF8031090477F
:104F30008DF80200FFE79DF8020002B080BD00007E
:104F400080B586B00490039100208DF80B00039883
:104F5000817840F24030C2F20040017000780228AF
:104F600008D3FFE704980399FEF7FAFD03208DF8B4
:104F70001700A0E0049890F89C02014601910228D5
:104F800004D0FFE7019803282FD07FE040F24030A3
:104F9000C2F20040007818B3FFE740F24031C2F29D
:104FA00000410878049A506004980978FFF7ACFF34
:104FB0008DF80B009DF80B0048B1FFE704980399AA
:104FC000FEF7CEFD0499022081F89C0207E00498C8
:104FD000FEF722FE0499032081F89C02FFE703E01C
:104FE0000498FEF719FEFFE760E040F24030C2F29D
:104FF0000040007898B9FFE70499022081F89C02EC
:1050000040F24031C2F200410878049A506004989E
:105010000978FEF739FD0498FEF7FEFD35E040F211
:105020004030C2F20040007804994968884227D095
:10503000FFE704980179FEF727FD40F24031C2F204
:1050400000410878049A506004980978FFF75CFFE3
:105050008DF80B009DF80B0068B1FFE704980399E9
:10506000FEF77EFD04980179FEF70EFD04990220FB
:1050700081F89C0203E00498FEF7CEFDFFE703E011
:105080000498FEF7C9FDFFE7FFE70FE004980399D6
:10509000FEF766FD049840F24031C2F20041097803
:1050A000FEF7F2FC03208DF80B00FFE79DF80B00E4
:1050B0008DF81700FFE79DF8170006B080BD0000CF
:1050C00080B582B00190009100984088012808D1F5
:1050D000FFE701990120C1F8A4020198FEF79CFDA9
:1050E00013E000984088022809D1FFE70098407932
:1050F000019981F8A0020198FEF78EFD04E0019865
:105100000099FEF72DFDFFE7FFE702B080BD00002C
:1051100080B582B001900198FFF7DEFD02B080BD3E
:1051200080B586B00590049100208DF80F0004989A
:10513000007800F0600001460291A8B1FFE70298F4
:10514000202804D0FFE70298402846D1FFE70598C1
:10515000D0F8D41200EB8101D1F8B8128A68049912
:1051600090478DF80F003DE004984078014601918A
:1051700009282CD80199DFE801F01B252A202A0AEA
:10518000052A160F05980499FEF78EFD24E0059870
:105190000499FFF771FE1FE005980499FFF7D0FE10
:1051A0008DF80F0018E005980499FEF749FD13E00B
:1051B00005980499FEF774FF0EE005980499FFF72F
:1051C0007FFF09E005980499FEF77AFC04E0059852
:1051D0000499FEF7C5FCFFE704E005980499FEF783
:1051E000BFFCFFE79DF80F0006B080BD0000000087
:1051F00080B58CB00B900A9100208DF821000A98A0
:1052000080888DF823000A98007800F0600001463D
:105210000791B8B3FFE70798202805D0FFE7079864
:10522000402840F0B281FFE70B989DF82310FEF76D
:1052300067FC8DF822009DF82200FF2821D0FFE7AF
:105240009DF82200E8B9FFE79DF822000B99C1F80C
:10525000D4020B989DF8221000EB8100D0F8B80220
:10526000806868B1FFE70B989DF8221000EB810180
:10527000D1F8B8128A680A9990478DF82100FFE7A3
:10528000FFE787E10A98407801460691002800F080
:10529000BD80FFE7069801284CD0FFE70698032859
:1052A00040F06D81FFE70B9890F89C020146059154
:1052B000022804D0FFE70598032819D034E09DF8B0
:1052C000230078B1FFE79DF8230080280AD0FFE78C
:1052D0000B989DF82310FFF7DFFC0B988021FFF758
:1052E000DBFC04E00B980A99FEF73AFCFFE720E0AC
:1052F0000A984088A0B9FFE79DF8230078B1FFE73E
:105300009DF8230080280AD0FFE70A98C08830B9AA
:10531000FFE70B989DF82310FFF7BEFCFFE7FFE7C0
:105320000B98FEF779FC04E00B980A99FEF718FC3D
:10533000FFE729E10B9890F89C02014604910228AE
:1053400004D0FFE70498032819D059E09DF8230002
:1053500078B1FFE79DF8230080280AD0FFE70B987B
:105360009DF82310FFF798FC0B988021FFF794FC21
:1053700004E00B980A99FEF7F3FBFFE745E00A9873
:105380004088E0BBFFE79DF82300400630B1FFE70F
:105390000B989DF82310FFF737F8FFE70B98FEF7FF
:1053A0003BFC0B989DF82310FEF7AAFB8DF822001A
:1053B0009DF82200FF2821D0FFE79DF82200E8B9E0
:1053C000FFE79DF822000B99C1F8D4020B989DF8D5
:1053D000221000EB8100D0F8B802806868B1FFE7C6
:1053E0000B989DF8221000EB8101D1F8B8128A6861
:1053F0000A9990478DF82100FFE7FFE7FFE704E0F7
:105400000B980A99FEF7ACFBFFE7BDE00B9890F80C
:105410009C0201460391022804D0FFE70398032869
:1054200038D0A6E09DF8230050B1FFE79DF8230097
:10543000802805D0FFE70B980A99FEF791FB9DE0C5
:105440009DF82300000600280CD5FFE70B989DF877
:10545000231001F07F0101EB810100EB810014308A
:1054600002900CE00B989DF8231001F07F0101EBF6
:10547000810100EB810000F5AA700290FFE702981D
:1054800009900999002008600B9809990222FEF7FB
:10549000A7FB73E09DF823000006002812D5FFE764
:1054A0000B989DF8231001F00F0101EB810100EB37
:1054B0008100808C28B9FFE70B980A99FEF750FB12
:1054C0005CE012E00B989DF8231001F00F0101EB56
:1054D000810100EB8100B0F8640128B9FFE70B9867
:1054E0000A99FEF73DFB49E0FFE79DF8230000061F
:1054F00000280CD5FFE70B989DF8231001F07F01E1
:1055000001EB810100EB8100143001900CE00B985D
:105510009DF8231001F07F0101EB810100EB810078
:1055200000F5AA700190FFE7019809909DF823000B
:1055300028B1FFE79DF82300802804D1FFE70999EF
:10554000002008600FE00B989DF82310FFF7BCF9CE
:1055500020B1FFE709990120086003E009990020C4
:105560000860FFE7FFE70B9809990222FEF738FB76
:1055700004E00B980A99FEF7F3FAFFE704E00B98B2
:105580000A99FEF7EDFAFFE704E00B980A99FEF797
:10559000E7FAFFE79DF821000CB080BD0000000095
:1055A00080B584B00390029100208DF80700029826
:1055B000007800F060000146009140B1FFE70098DC
:1055C000202804D0FFE7009840285AD1FFE703982D
:1055D00090F89C02013802284DD8FFE70298007924
:1055E000012842D8FFE7039802990979FEF790FA5B
:1055F0008DF806009DF80600FF2825D0FFE79DF8EE
:10560000060008BBFFE703989DF8061000EB810039
:10561000D0F8B802806890B1FFE79DF806000399C2
:10562000C1F8D40203989DF8061000EB8101D1F86F
:10563000B8128A68029990478DF8070003E00320AA
:105640008DF80700FFE703E003208DF80700FFE770
:105650000298C08840B9FFE79DF8070020B9FFE72E
:105660000398FEF7D9FAFFE704E003980299FEF7E2
:1056700077FAFFE704E003980299FEF771FAFFE773
:1056800004E003980299FEF76BFAFFE79DF8070024
:1056900004B080BD0000000081B0009001B07047F0
:1056A00081B0009040F24450C2F2004001B0704717
:1056B00084B00390029103980190029800780090C2
:1056C00002984078012830D1FFE70298007800F076
:1056D0000F01012000FA01F20199D1F81C081043D2
:1056E000C1F81C080198009900EB4110D0F800099E
:1056F0000004002818D4FFE7029988686FF3DF20C0
:10570000097940EA8140009A40EA8250019901EB10
:105710004211D1F80029104348F20002C1F2000200
:105720001043C1F80009FFE72EE00298007800F06E
:105730000F01012000FA01F20199D1F81C0840EA9A
:105740000240C1F81C080198009900EB4110D0F804
:10575000000B0004002816D4FFE7029988686FF355
:10576000DF20097940EA81400199009A01EB42115A
:10577000D1F8002B104348F20002C1F2000210439E
:10578000C1F8000BFFE7FFE7002004B070470000FE
:1057900082B00190019800900099D1F8000940F280
:1057A000FF729043C1F800090099D1F8040840F451
:1057B0008070C1F80408002002B0704700000000AB
:1057C00080B58AB0DDF830C0CDF814C004930392E0
:1057D00002919DF814108DF824100299039A049BED
:1057E00008930792069101909DF81D00012823D18E
:1057F000FFE70199886B20F4803088630199C868BD
:105800004FF6BF72CFF6BD721040C8600199C868EC
:1058100020F44010C8609DF82400012806D1FFE75D
:105820000199C86840F48010C860FFE7019800F053
:105830003FF88DF803001AE00199C86840F0400075
:10584000C860019800F034F88DF803009DF821003D
:1058500030B9FFE70199886B40F48030886305E038
:105860000199886B20F480308863FFE7FFE79DF89B
:105870001A00012816D1FFE70199C86D80B2C865EA
:105880000199C86D0022C0F2EE321043C86501993B
:10589000886840F0060088600199886840F0200020
:1058A0008860FFE79DF803000AB080BD000000009B
:1058B00083B0019000200090FFE700980130009035
:1058C0000098B0F1706F04D9FFE703208DF80B004A
:1058D00025E0FFE701980069C00F0028EDD0FFE741
:1058E000002000900199086940F001000861FFE77D
:1058F0000098013000900098B0F1706F04D9FFE774
:1059000003208DF80B000AE0FFE701980069C0074B
:105910000028EDD1FFE700208DF80B00FFE79DF890
:105920000B0003B07047000084B00390029103980D
:10593000019002980078009002984078012845D1A3
:10594000FFE70198009900EB4110D0F80009C00F63
:10595000A8B1FFE70198009900EB4111D1F80009C7
:1059600040F00060C1F800090198009900EB411176
:10597000D1F8000940F08040C1F80009FFE7029823
:10598000007800F00F01012000FA01F3019AD2F82B
:105990003C189943C2F83C180299097801F00F01AC
:1059A00000FA01F20199D1F81C089043C1F81C08D3
:1059B0000198009900EB4111D1F8000947F6000267
:1059C000CEF633421040C1F8000946E00198009934
:1059D00000EB4110D0F8000BC00FA8B1FFE7019811
:1059E000009900EB4111D1F8000B40F00060C1F8C4
:1059F000000B0198009900EB4111D1F8000B40F029
:105A00008040C1F8000BFFE70298007800F00F011A
:105A1000012000FA01F3019AD2F83C1821EA03416F
:105A2000C2F83C180299097801F00F0100FA01F25E
:105A30000199D1F81C0820EA0240C1F81C0801981D
:105A4000009900EB4111D1F8000B47F60002CEF6A9
:105A5000F3721040C1F8000BFFE7002004B070475C
:105A600082B00190019800900099D1F8000E20F0CA
:105A70000300C1F8000E0099D1F8040820F00200DC
:105A8000C1F80408002002B07047000000000000C8
:105A900082B00190019800900099D1F8000E20F09A
:105AA0000300C1F8000E0099D1F8040840F002008C
:105AB000C1F80408002002B0704700000000000098
:105AC00080B58CB0DDF838C0CDF81CC006930592C7
:105AD00004919DF81C108DF82C100499059A069BD2
:105AE0000A9309920891039000208DF80B00039906
:105AF00001910090FFE700980E280CD8FFE703986B
:105B0000009900EB81010020C1F80401FFE7009833
:105B100001300090EFE79DF82A00B8B9FFE701993E
:105B2000D1F8040840F00200C1F804080399886B1A
:105B300020F4001088630399086840F04000086072
:105B40000399086840F08000086005E00399886BBD
:105B500040F400108863FFE701990020C1F8000EAF
:105B60009DF8250001280FD1FFE79DF8230028B9F3
:105B7000FFE70398002100F09FFE04E00398012155
:105B800000F09AFEFFE704E00398032100F094FE82
:105B9000FFE70398102100F0AFFC20B1FFE70120E0
:105BA0008DF80B00FFE7039800F06AFC20B1FFE7D7
:105BB00001208DF80B00FFE701990020C1F81008C3
:105BC0000199C1F814080199C1F81C080090FFE779
:105BD00000989DF8201088423BD2FFE70198009979
:105BE00000EB4110D0F80009C00FB0B1FFE70098FA
:105BF00048B9FFE70198009900EB41114FF00060B0
:105C0000C1F8000908E00198009900EB41114FF03C
:105C10009040C1F80009FFE707E00198009900EB08
:105C200041110020C1F80009FFE70198009900EB3D
:105C300041110020C1F810090198009900EB4111B1
:105C40004FF67F30C1F80809FFE700980130009057
:105C5000BEE700200090FFE700989DF820108842E2
:105C60003BD2FFE70198009900EB4110D0F8000B00
:105C7000C00FB0B1FFE7009848B9FFE7019800995D
:105C800000EB41114FF00060C1F8000B08E00198F3
:105C9000009900EB41114FF09040C1F8000BFFE775
:105CA00007E00198009900EB41110020C1F8000BBA
:105CB000FFE70198009900EB41110020C1F8100B9B
:105CC0000198009900EB41114FF67F30C1F8080BA5
:105CD000FFE7009801300090BEE70199D1F8100865
:105CE00020F48070C1F8100803990020886103999E
:105CF0006FF0804048619DF8220030B9FFE70399BA
:105D0000886940F010008861FFE70399886943F6CD
:105D10000002C8F23C02104388619DF8260030B1B1
:105D2000FFE70399886940F008008861FFE79DF864
:105D30002A00012808D1FFE7039988690422C4F2E8
:105D4000000210438861FFE79DF80B000CB080BD96
:105D500081B000900099886820F0010088600020E0
:105D600001B070470000000086B004908DF80F105D
:105D70000292049801900498006C0090009843F2FD
:105D80000B01C4F6547188420BD3FFE70198D0F899
:105D9000000BC00F20B1FFE700208DF817002EE0A8
:105DA000FFE701990020C1F8100B0199D1F8100B01
:105DB00040F40020C1F8100B0199D1F8100B40F00D
:105DC0001800C1F8100B0199D1F8100B40F0C04039
:105DD000C1F8100B9DF80F0001280CD1FFE70298C5
:105DE0000199C1F8140B0199D1F8000B40F0802003
:105DF000C1F8000BFFE700208DF81700FFE79DF8C2
:105E0000170006B07047000084B003900291039819
:105E1000019002980078009002984078012820D1E3
:105E2000FFE70198009900EB4111D1F8000920F437
:105E30000010C1F8000902980079032805D0FFE797
:105E40000298007902280BD1FFE70198009900EB36
:105E50004111D1F8000940F08050C1F80009FFE776
:105E60001FE00198009900EB4111D1F8000B20F4DC
:105E70000010C1F8000B02980079032805D0FFE755
:105E80000298007902280BD1FFE70198009900EBF6
:105E90004111D1F8000B40F08050C1F8000BFFE732
:105EA000FFE7002004B0704784B00390029103988C
:105EB000019002980078009002984078012822D141
:105EC000FFE70198009900EB4110D0F80009C00FDE
:105ED00070B9FFE7009858B1FFE70198009900EB0F
:105EE0004111D1F8000920F08040C1F80009FFE716
:105EF0000198009900EB4111D1F8000940F400101D
:105F0000C1F8000921E00198009900EB4110D0F898
:105F1000000BC00F70B9FFE7009858B1FFE7019878
:105F2000009900EB4111D1F8000B20F08040C1F83E
:105F3000000BFFE70198009900EB4111D1F8000B2D
:105F400040F40010C1F8000BFFE7002004B07047D8
:105F500080B588B0079006918DF8172007980490B7
:105F600006980078039006984078012840F0248134
:105F7000FFE706980069F8B9FFE70498039900EB7A
:105F80004111D1F810096FF3DC40C1F810090498F1
:105F9000039900EB4111D1F8100940F40020C1F839
:105FA00010090498039900EB4111D1F810096FF31F
:105FB0001200C1F8100971E00498039900EB411137
:105FC000D1F810096FF31200C1F810090498039971
:105FD00000EB4111D1F810096FF3DC40C1F8100952
:105FE0000398A8B9FFE7069881680069884204D938
:105FF000FFE7069988680861FFE70498039900EBBA
:106000004111D1F8100940F40020C1F8100937E01F
:1060100006988168006908440138B0FBF1F0ADF8DA
:106020000A00BDF80A100020C1F6F87000EAC1426B
:106030000498039900EB4111D1F810091043C1F8FD
:10604000100906980079012819D1FFE704980399EF
:1060500000EB4111D1F8100920F0C040C1F810093F
:10606000BDF80A0000F003020498039900EB411107
:10607000D1F8100940EA4270C1F81009FFE7FFE7C4
:10608000069802696FF3DF420498039900EB41110F
:10609000D1F810091043C1F81009FFE79DF8170067
:1060A00001283BD1FFE70698C06948B1FFE7069891
:1060B000C0690499039A01EB4211C1F81409FFE782
:1060C0000698007901281ED1FFE70498D0F8080847
:1060D000C00500280BD4FFE70498039900EB411199
:1060E000D1F8000940F00050C1F800090AE0049816
:1060F000039900EB4111D1F8000940F08050C1F83C
:106100000009FFE7FFE70498039900EB4111D1F87C
:10611000000940F00440C1F800094CE004980399DC
:1061200000EB4111D1F8000940F00440C1F800092A
:1061300006980079012813D0FFE70698006970B12E
:10614000FFE70698007800F00F01012000FA01F245
:106150000499D1F834081043C1F83408FFE729E066
:106160000498D0F80808C00500280BD4FFE704986D
:10617000039900EB4111D1F8000940F00050C1F83B
:1061800000090AE00498039900EB4111D1F80009D5
:1061900040F08050C1F80009FFE70798069BD968D6
:1061A0001A781B8A9DF817C0EE46CEF800C000F0A2
:1061B00077FCFFE7FFE7C4E00498039900EB411187
:1061C000D1F8100B6FF31200C1F8100B049803996B
:1061D00000EB4111D1F8100B6FF3DC40C1F8100B4C
:1061E000039818BBFFE70698006920B1FFE70699FE
:1061F00088680861FFE70699886808620698026A5D
:106200006FF3DF420498039900EB4111D1F8100BB2
:106210001043C1F8100B0498039900EB4111D1F819
:10622000100B40F40020C1F8100B49E006980069FB
:10623000C0B9FFE7069882686FF3DF4204980399BC
:1062400000EB4111D1F8100B1043C1F8100B04986A
:10625000039900EB4111D1F8100B40F40020C1F874
:10626000100B2CE006988168006908440138B0FBE7
:10627000F1F0ADF80A0006998868BDF80A2050438D
:106280000862BDF80A100020C1F6F87000EAC142A9
:106290000498039900EB4111D1F8100B1043C1F899
:1062A000100B0698026A6FF3DF420498039900EB23
:1062B0004111D1F8100B1043C1F8100BFFE7FFE7B5
:1062C0009DF8170001280ED1FFE70698C06848B175
:1062D000FFE70698C0680499039A01EB4211C1F8E0
:1062E000140BFFE7FFE70698007901281ED1FFE7AE
:1062F0000498D0F80808C00500280BD4FFE70498DC
:10630000039900EB4111D1F8000B40F00050C1F8A7
:10631000000B0AE00498039900EB4111D1F8000B3F
:1063200040F08050C1F8000BFFE7FFE704980399A5
:1063300000EB4111D1F8000B40F00440C1F8000B14
:10634000FFE7002008B080BD85B0049003910020D5
:1063500002908DF807000498009003984078012877
:106360003ED1FFE700980399097800EB4110D0F87F
:106370000009C00F98B3FFE700980399097800EB74
:106380004111D1F8000940F00060C1F800090098FF
:106390000399097800EB4111D1F8000940F08040E1
:1063A000C1F80009FFE7029801300290029842F21A
:1063B0001171884204D3FFE701208DF807000DE03A
:1063C000FFE700980399097800EB4110D0F8000925
:1063D00000F00040B0F1004FE5D0FFE7FFE73DE0FF
:1063E00000980399097800EB4110D0F8000BC00F1A
:1063F00098B3FFE700980399097800EB4111D1F8B1
:10640000000B40F00060C1F8000B00980399097878
:1064100000EB4111D1F8000B40F08040C1F8000BB7
:10642000FFE7029801300290029842F2117188420F
:1064300004D3FFE701208DF807000DE0FFE7009887
:106440000399097800EB4110D0F8000B00F00040F0
:10645000B0F1004FE5D0FFE7FFE7FFE79DF8070049
:1064600005B070470000000081B000900099886876
:1064700040F001008860002001B07047000000007B
:1064800083B0019000200090FFE700980130009059
:106490000098B0F1706F04D9FFE703208DF80B006E
:1064A00024E0FFE701980069C00F0028EDD0FFE766
:1064B00000200090019910200861FFE7009801304A
:1064C00000900098B0F1706F04D9FFE703208DF8B9
:1064D0000B000BE0FFE70198006900F010001028A6
:1064E000ECD0FFE700208DF80B00FFE79DF80B00D4
:1064F00003B070470000000084B0029001910020BA
:106500000090FFE70098013000900098B0F1706FA4
:1065100004D9FFE703208DF80F0026E0FFE702987B
:106520000069C00F0028EDD0FFE70020009001981F
:106530008001203002990861FFE700980130009047
:106540000098B0F1706F04D9FFE703208DF80F00B9
:106550000BE0FFE70298006900F020002028ECD053
:10656000FFE700208DF80F00FFE79DF80F0004B053
:10657000704700000000000084B003900398029070
:106580000298D0F8080800F006000090009820B9A2
:10659000FFE700208DF8070010E00098022804D0E3
:1065A000FFE70098062804D1FFE702208DF80700D6
:1065B00003E00F208DF80700FFE7FFE79DF80700D5
:1065C00004B070470000000081B00090009840695E
:1065D00000F0010001B0704783B002900298019072
:1065E0000198D0F8180800900198D0F81C1800986D
:1065F00008400090BDF8000003B0704700000000A4
:1066000083B00290029801900198D0F81808009089
:106610000198D0F81C18009808400090BDF80200BE
:1066200003B070470000000086B005908DF813108D
:10663000059803900398D0F8100801900398D0F8BB
:106640003408009000989DF8131001F00F01C84025
:1066500000F00101019840EAC110019003989DF8F3
:10666000131000EB4110D0F808090199084002907E
:10667000029806B07047000084B003908DF80B10AC
:106680000398019001989DF80B1000EB4110D0F891
:10669000080B00900198D0F814180098084000905A
:1066A000009804B07047000082B0019001984069E2
:1066B000009001988169009808400090009802B00D
:1066C000704700000000000089B008900791ADF805
:1066D0001A200898059007980490BDF81A008008C1
:1066E0000190BDF81A0000F00300ADF80200002090
:1066F0000290FFE702980199884217D2FFE70598B8
:106700004FF4805140580499086004980130049077
:1067100004980130049004980130049004980130EA
:106720000490FFE7029801300290E3E7BDF8020011
:1067300008B3FFE70020029005984FF480514058BD
:106740000390FFE703989DF80810C900C84004991A
:106750000870029801300290049801300490BDF84E
:1067600002000138ADF80200FFE7BDF80200002882
:10677000E8D1FFE7FFE7049809B070470000000088
:1067800080B582B0019000910199009A44F2C8400E
:10679000C2F2004005F0C0FE02B080BD0000000063
:1067A00080B586B004908DF80F10002002900499F7
:1067B000C86820F0C040C8609DF80F00012823D1B0
:1067C000FFE70499C86840F00050C860FFE70A205E
:1067D000F0F78AF902980A300290FFE70498FFF771
:1067E000F3FE014600200129019007D0FFE702993E
:1067F0000020C82938BF01200190FFE70198C00799
:106800000028E4D1FFE72AE09DF80F0010BBFFE766
:106810000499C86840F08040C860FFE70A20F0F79C
:1068200063F902980A300290FFE70498FFF7CCFE64
:1068300001460020009039B1FFE702990020C829E5
:1068400038BF01200090FFE70098C0070028E5D17D
:10685000FFE703E001208DF817000CE0FFE7029846
:10686000C82804D1FFE701208DF8170003E00020BD
:106870008DF81700FFE79DF8170006B080BD0000F7
:1068800083B002908DF80710029800900099D1F81B
:10689000000820F4FE60C1F800089DF8070000F031
:1068A0007F020099D1F8000840EA0210C1F8000800
:1068B000002003B07047000083B002908DF80710ED
:1068C000029800909DF807200099D1F80008104325
:1068D000C1F80008002003B070470000000000006D
:1068E00084B0039002918DF807209DF807000228DC
:1068F00040F0B880FFE702984AF6C041C0F2D801E4
:1069000088420BD3FFE702984EF2BF11C0F2E401B8
:10691000884203D8FFE70F200090A2E002984EF2D1
:10692000C011C0F2E40188420BD3FFE7029842F2A3
:10693000FF31C0F2F401884203D8FFE70E20009037
:106940008EE0029842F20041C0F2F40188420BD37B
:10695000FFE7029847F27F31C0F20611884203D860
:10696000FFE70D2000907AE0029847F28031C0F2F4
:10697000061188420BD3FFE7029844F69F11C0F23C
:106980001A11884203D8FFE70C20009066E00298B5
:1069900044F6A011C0F21A1188420BD3FFE7029807
:1069A00042F6FF41C0F23111884203D8FFE70B20C5
:1069B000009052E0029842F60051C0F23111884234
:1069C0000BD3FFE702984AF23F41C0F24C118842D4
:1069D00003D8FFE70A2000903EE002984AF24041C7
:1069E000C0F24C1188420BD3FFE7029843F2FF51EB
:1069F000C0F26E11884203D8FFE7092000902AE018
:106A0000029843F20061C0F26E1188420BD3FFE797
:106A100002984AF61F31C0F2A611884203D8FFE758
:106A20000820009016E002984AF62031C0F2A61124
:106A300088420BD3FFE7029844F2FF71C0F2E811DD
:106A4000884203D8FFE70720009002E0062000906C
:106A5000FFE7FFE7FFE7FFE7FFE7FFE7FFE7FFE706
:106A6000FFE70AE09DF8070018B9FFE7092000904A
:106A700002E009200090FFE7FFE70399C86820F4CF
:106A80007050C860009800F00F020399C86840EA8F
:106A90008220C860002004B07047000000000000A1
:106AA00080B588B084460A98CDF81CC006918DF850
:106AB0001720ADF814308DF813000798039006984E
:106AC00002909DF8130048BBFFE7BDF814000330A7
:106AD0008008019000200090FFE70098019988420B
:106AE0001BD2FFE70298006803999DF8172001EB7D
:106AF00002314FF48052885002980130029002987F
:106B00000130029002980130029002980130029008
:106B1000FFE7009801300090DFE7FFE7002008B0B2
:106B200080BD000000000000FFE7FEE7000000005D
:106B300082B08DED010A9DED010AB5EE400AF1EE3D
:106B400010FA05DBFFE79DED010A8DED000A06E076
:106B50009DED010AB1EE400A8DED000AFFE79DEDC3
:106B6000000A02B07047000080B584B00290019125
:106B70000298E0B1FFE70198C8B1FFE7019890F8EB
:106B80005400A0B1FFE7029890ED030A9FED171A99
:106B9000B4EE410AF1EE10FA09DDFFE7019890ED3D
:106BA000090AB5EE400AF1EE10FA03D1FFE7002022
:106BB000039017E0019890ED090A029890ED022ADF
:106BC00090ED031A20EE420A80EE010A8DED000AD4
:106BD0009DED000A0198D0ED0A0A00F031F88DED24
:106BE000030AFFE79DED030A04B080BDBD3786357B
:106BF00084B08DED020ACDED010A8DED001A9DEDF8
:106C0000020A9DED011AB4EE410AF1EE10FA03DA20
:106C1000FFE7019803900FE09DED020A9DED001A39
:106C2000B4EE410AF1EE10FA03DDFFE7009803909D
:106C300002E002980390FFE79DED030A04B070475D
:106C400080B584B08DED020ACDED010A9DED010AFB
:106C5000B5EE400AF1EE10FA03DCFFE7029803906C
:106C60000AE09DED020A9DED011AF1EE410AFFF7DF
:106C7000BFFF8DED030AFFE79DED030A04B080BD61
:106C800080B584B002908DED010A0298A0B1FFE7B3
:106C9000029890ED070A9FED171AB4EE410AF1EE43
:106CA00010FA09DDFFE7029890ED060AB5EE400AFA
:106CB000F1EE10FA03D1FFE70020039015E00298EF
:106CC0009DED010A90ED061A8DED001A90ED071A60
:106CD00080EE010A10F018FEB0EE401A9DED000A99
:106CE00020EE010A8DED030AFFE79DED030A04B0D3
:106CF00080BD00BFBD37863580B586B08DED040AF6
:106D0000CDED030A9DED040AFFF712FF8DED020A97
:106D10009DED030AB5EE400AF1EE10FA03DCFFE741
:106D2000049805902BE09DED020A9DED031AB4EE48
:106D3000410AF1EE10FA03DCFFE7002005901EE0A7
:106D40009DED040AB5EE400AF1EE10FA09DDFFE709
:106D50009DED040A9DED031A30EE410A8DED010A06
:106D600008E09DED040A9DED031A30EE010A8DED59
:106D7000010AFFE79DED010A8DED050AFFE79DED94
:106D8000050A06B080BD000080B584B08DED020A12
:106D9000CDED010A9DED010AB5EE400AF1EE10FAC3
:106DA00004DCFFE701208DF80F000FE09DED020AE3
:106DB000FFF7BEFE9DED011A0020B4EE410AF1EE90
:106DC00010FAD8BF01208DF80F00FFE79DF80F00E3
:106DD00004B080BD0000000080B5A2B0DDF890C016
:106DE000219020911F921E938DED1D0A0BA8482122
:106DF000E9F7A6FC219848B1FFE7209830B1FFE7FA
:106E00001F9818B1FFE71E9850B9FFE7249830B1DA
:106E1000FFE724980BA94822E9F758FCFFE7E1E1D6
:106E20009DED1D0A00F018FA8DED1D0A219820999C
:106E300000F0CAFA1F98007B90B9FFE721981F99CC
:106E400091ED000AD1ED010A00F0E2F9249830B189
:106E5000FFE724980BA94822E9F738FCFFE7C1E1D6
:106E6000219890F8300030BBFFE72199012081F88C
:106E700030001F988068219988621F9800682199C6
:106E800008601F9840682199486021990020886017
:106E90001E9800680B901E9840680C901E988068A1
:106EA0000D90249830B1FFE724980BA94822E9F708
:106EB0000DFCFFE796E1209890ED0F0ADFEDCA0A7E
:106EC000B7EE001AFFF794FE8DED060A9DED061A47
:106ED0001F9890ED022A219890ED0A0A32EE402A7E
:106EE000A1EE020A80ED0A0A219820991F9A92EDDC
:106EF000000AD0ED0B0A9DED1D1A00F0D5F91E9881
:106F000090ED000A1F9890ED001A30EE410A20988B
:106F1000D0ED100AFFF7F0FE8DED0A0A1E9890EDF5
:106F2000010A1F9890ED011A30EE410A8DED090A11
:106F30009DED0A1A9DED1D2A219890ED080AA1EEFB
:106F4000020A80ED080A219890ED080A2098D0EDF9
:106F5000050AFFF775FE219880ED080A1E98006863
:106F60000B901E9840680C901E9880680D900A98AF
:106F70000E9009980F90209890ED000A1E9890EDC1
:106F8000021A20EE010A8DED100A209890ED010AF8
:106F90001E9890ED011A20EE010A8DED110A20983D
:106FA0001E9991ED010AFFF76BFE8DED120A9DED22
:106FB000100A9DED112A9DED121A30EE020A30EEF4
:106FC000010A8DED130A209890ED040A219890EDA6
:106FD000081A20EE010A8DED140A20989DED0A4A48
:106FE00090ED023A90ED032A9DED130A9DED141ADF
:106FF000A3EE040A9DED093AA2EE030A30EE010A5F
:107000008DED150A21982099FFF7AEFD8DED160A3A
:10701000209890F85500D0B1FFE71F9890ED010A35
:107020002098D0ED0B0AFFF7AFFE80B1FFE71E9866
:1070300090ED020A2098D0ED0C0AFFF7A5FE30B1C2
:10704000FFE701208DF8700016981790FFE79DED7F
:10705000150A9DED171A30EE010A8DED080A9DED17
:10706000080A219890ED0A1A30EE410A8DED050AC2
:10707000209890ED0D0A9DED051A20EE011A9DED68
:107080001D2A219890ED090AA1EE020A80ED090A55
:10709000219890ED090A2098D0ED0E0AFFF7D0FD57
:1070A000219880ED090A2198406A18909DED080A00
:1070B000219890ED091A30EE010A8DED190A199800
:1070C0000790209890ED110AB5EE400AF1EE10FA03
:1070D0001ADDFFE79DED070A2098D0ED110AFFF7B2
:1070E000AFFD8DED040A9DED040A9DED071AB4EE87
:1070F000410AF1EE10FA04D0FFE701208DF871008B
:10710000FFE704980790FFE7209890ED120A90EDB2
:10711000131AB4EE410AF1EE10FA1CDAFFE79DED06
:10712000070A2098D0ED120A90ED131AFFF760FDC0
:107130008DED030A9DED030A9DED071AB4EE410A99
:10714000F1EE10FA04D0FFE701208DF87200FFE79E
:1071500003980790FFE707981A90209890F8560038
:1071600090B3FFE7209890ED140AB5EE400AF1EED7
:1071700010FA29DDFFE7209890ED140A9DED1D1A05
:1071800020EE010A8DED020A9DED070A219890ED8F
:107190000B1A9DED022A71EE420A31EE021AFFF738
:1071A00027FD8DED010A9DED010A9DED071AB4EE54
:1071B000410AF1EE10FA04D0FFE701208DF87300C8
:1071C000FFE701980790FFE707981B900798219920
:1071D000C862249830B1FFE724980BA94822E9F748
:1071E00075FAFFE722B080BD00000000000000003B
:1071F00080B582B00190019808B9FFE704E00198DA
:107200003421E9F79DFAFFE702B080BD00000000DD
:1072100083B002908DED010ACDED000A029808B905
:10722000FFE714E00198029908600098029948600D
:1072300002990020886002990862029948620299C6
:1072400088620299C862029981F83000FFE703B0B2
:10725000704700000000000082B08DED000A9DED37
:10726000000A9FED0F1AB4EE410AF1EE10FA0ADBA4
:10727000FFE79DED000A9FED0B1AB4EE410AF1EE17
:1072800010FA06DDFFE741F26F20C3F6832001907C
:1072900002E000980190FFE79DED010A02B07047FF
:1072A000ACC52737CDCC4C3D8AB0099008918DED07
:1072B000070ACDED060A8DED051A0998E0B1FFE742
:1072C0000898C8B1FFE7089890F85400A0B1FFE70C
:1072D000089890ED000A9FED3A1AB4EE410AF1EEDB
:1072E00010FA09DDFFE7099890ED040AB5EE400AAF
:1072F000F1EE10FA01DCFFE760E0089890ED001A6B
:1073000090ED010A80EE010A8DED000A9DED070A5D
:10731000099890ED001A30EE410A8DED040A0998A3
:1073200090ED010A90ED051A9DED042AA1EE020AE6
:107330008DED030A9DED003A09989DED065A90EDFA
:10734000014A90ED022A90ED030A90ED061A20EE14
:10735000050AA3EE440A30EE020A9DED042AA1EECE
:10736000020A8DED020A099890ED070A9DED041AB4
:1073700020EE010A8DED010A9DED051A9DED032A0F
:10738000099890ED000AA1EE020A80ED000A9DED39
:10739000051A9DED022A099890ED010AA1EE020A54
:1073A00080ED010A9DED051A9DED012A099890EDE9
:1073B000020AA1EE020A80ED020AFFE70AB0704756
:1073C000BD3786350000000084B003900291039819
:1073D00098B1FFE7029880B1FFE7029890ED000AAC
:1073E0009FED2F1AB4EE410AF1EE10FA05DDFFE72A
:1073F000029890F8540080B9FFE7039860B1FFE766
:1074000003990020C86003990861039948610399B2
:1074100088610399C861FFE740E0029890ED080A8F
:10742000B5EE400AF1EE10FA06DDFFE7029890EDA6
:10743000080A8DED000A04E09FED1A0A8DED000A9E
:10744000FFE79DED000A8DED010A029890ED001A0C
:10745000B7EE000A80EE010A039880ED030A019856
:10746000039908619DED011AB0EE080A21EE001A99
:10747000039880ED051A9DED011A21EE000A20EE19
:10748000010A039880ED060A9DED011A21EE010A1A
:1074900020EE010A039880ED070AFFE704B0704769
:1074A000BD3786350000000080B582B041F67860B7
:1074B000C2F200400122114604F02EFD48B9FFE758
:1074C00044F6A800C2F2004000210160006801906B
:1074D0004FE041F67860C2F20040012104F0F4FC74
:1074E0009FED261A30EE010A44F6A800C2F20040D1
:1074F00080ED000AFFE744F6A800C2F2004090EDDC
:10750000000A9FED1F1AB4EE410AF1EE10FA0DDDEC
:10751000FFE744F6A800C2F2004090ED000A9FED9C
:107520001B1A30EE010A80ED000AE4E7FFE744F69B
:10753000A800C2F2004090ED000A9FED121AB4EECE
:10754000410AF1EE10FA0DDAFFE744F6A800C2F2A4
:10755000004090ED000A9FED0C1A30EE010A80ED1C
:10756000000AE4E744F6A800C2F200400068019077
:10757000FFE79DED010A02B080BD00BF6DE7A2C12B
:1075800000003443000034C30000B4430000B4C31F
:1075900080B58CB006A8019005F072FEFFF784FF5D
:1075A0008DED050A40F20130089008208DF8240086
:1075B00000208DF82C008DF82D000790069005987E
:1075C000069005F059FE0490049801688A6801212C
:1075D000029190470199026812699047014602980A
:1075E0008DF80F109DF80F1088430CB080BD00007F
:1075F00080B509F075F809F0AFF809F039FA09F02B
:107600004BFB09F099FB09F0D3FB09F011FC09F0E1
:107610004BFC09F085FC09F0AFFC09F0DDF809F03E
:1076200013F909F049F909F057F909F065F909F07A
:107630007FF909F09DF909F0BBF909F0D9F909F0D2
:10764000F7F909F045FA09F063FA09F081FA09F04F
:107650009FFA09F0ADFA09F0BBFA09F0D5FA09F082
:10766000EBFA09F0F9FA09F00FFB09F045FB09F014
:107670004BFB80BD0000000080B509F051F809F017
:107680008BF809F015FA09F027FB09F071FB09F0F6
:10769000AFFB09F0EDFB09F027FC09F051FC09F004
:1076A0007BFC09F0B1F809F0E7F880BD00000000AC
:1076B00080B509F045F809F077F809F001FA80BDC6
:1076C00080B584B000200390FFE7039801286FDCA9
:1076D000FFE7039801308DF80B009DF80B1041F681
:1076E0007860C2F20040009004F0EEFB009803992D
:1076F000C1EBC10241F6E011C2F20041019101EB80
:10770000820181ED000A9DF80B1004F0F1FB009856
:107710000199039AC2EBC20201EB820181ED010AD9
:107720009DF80B1004F070FC00980199039AC2EBCD
:10773000C20201EB820181ED020A9DF80B1004F0F8
:1077400077FC00980199039AC2EBC20201EB820117
:1077500081ED030A9DF80B1004F0A2FB009801993B
:10776000039AC2EBC20201EB820181ED040A9DF88B
:107770000B1004F035FC0098019ABCEEC00A10EE24
:10778000101A039BC3EBC30302EB830211769DF82F
:107790000B1004F011FC01980399C1EBC10100EB3F
:1077A000810080ED050AFFE70398013003908CE724
:1077B00004B080BD0000000080B584B047F66100D1
:1077C000C0F6010047F6A862C0F60202002103914C
:1077D0000CF066F8039B41F65C11C2F200410860B0
:1077E00044F26050C2F200406946486022200860BE
:1077F00040F6E170C0F6020048F2D401C0F6020182
:107800004FF400620EF024FE039B44F29050C2F24B
:107810000040694648602120086042F6E120C0F639
:10782000020048F2E201C0F602014FF480620EF05D
:107830000FFE039B44F20460C2F2004069464860B8
:107840002020086044F62930C0F6020048F2EE011C
:10785000C0F602014FF400720EF0FAFD04B080BDD4
:1078600080B582B00190F8F7FBF8FFE701200BF03C
:10787000ABFFFBE70000000080B59EB00BA84C21D9
:10788000E8F75EFF002001900A90099008900790A9
:1078900006900590049003900220F2F701F8FFE7AC
:1078A0000020029044F61800C5F60200016821F499
:1078B00040410160006800F4404002900298FFE7F8
:1078C000FFE744F61800C5F60200006800F4005017
:1078D000B0F5005F01D0FFE7F3E721200B904FF4F4
:1078E00080300C90012111910220149015900322F8
:1078F0001692442217921891042119911A900C2083
:107900001B9000201C904FF4C0501D900BA8F3F763
:107910004FFF18B1FFE7EBF783FDFFE73F20039030
:107920000321049100200590082006904020079034
:1079300008904FF4806209920A9003A8F3F7CCFAFA
:1079400018B1FFE7EBF76CFDFFE71EB080BD00004C
:1079500080B5B0B002A80190B821E8F7F1FE019817
:10796000002103914FF400420292032204923C2230
:10797000059202220692042307930892C0220992DC
:107980000A910B914FF000511D91F2F7ADFA18B129
:10799000FFE7EBF745FDFFE730B080BD00000000DA
:1079A00081B08DED000A9DED000AB0EEC00A01B075
:1079B000704700000000000080B588B00790069175
:1079C0000592049343F2C020C2F20040022103F06A
:1079D0001FF90020B5EE400AF1EE10FA02902FD107
:1079E000FFE743F2C020C2F20040012103F010F98A
:1079F0000020B5EE400AF1EE10FA029020D1FFE728
:107A000043F2C020C2F20040022103F0F5F800204A
:107A1000B5EE400AF1EE10FA029011D1FFE743F201
:107A2000C020C2F200400021019103F0E5F8019866
:107A3000B5EE400AF1EE10FA08BF01200290FFE710
:107A4000029800F001008DF80F0043F2C020C2F24E
:107A5000004003F069F980F001008DF80E009DF8F8
:107A60000F00C00728B9FFE79DF80E00C00740B11E
:107A7000FFE741F60001C2F20041088801300880AA
:107A800006E041F60001C2F2004100200880FFE755
:107A900041F60000C2F2004001880020B1F5FA7FF3
:107AA000C8BF01208DF80D0040F2F820C2F200405E
:107AB0000168079A1160C168059A1160016A069A07
:107AC0001160C069049908609DF80D0000F0010084
:107AD00008B080BD0000000082B000900098C0781F
:107AE000C00738B1FFE70098807800F001008DF8FA
:107AF000070061E00098007801280FDBFFE700989D
:107B0000007803280ADCFFE700984078012805DBAD
:107B1000FFE700984078042804DBFFE700208DF899
:107B2000070049E000980078022809D1FFE7009893
:107B30004078022804D1FFE700208DF807003BE0E1
:107B400000980078022809D1FFE7009840780328C0
:107B500004D1FFE700208DF807002DE000980078A1
:107B6000032809D1FFE700984078022804D1FFE7F5
:107B700000208DF807001FE000980078032809D145
:107B8000FFE700984078032804D1FFE700208DF834
:107B9000070011E000980078032809D1FFE700985A
:107BA0004078012804D1FFE700208DF8070003E0AA
:107BB00001208DF80700FFE79DF8070002B070472D
:107BC00083B08DED010A9DED010A9FED221AB4EEFE
:107BD000410AF1EE10FA0DDDFFE79DED010A9FED80
:107BE0001E1AB4EE410AF1EE10FA03DAFFE70020A4
:107BF00002902BE09DED010AB9EE081A20EE010A71
:107C00008DED000A9DED000A9FED141AB4EE410AB5
:107C1000F1EE10FA06DDFFE748F20000C4F2BB50B7
:107C2000009010E09DED000A9FED0D1AB4EE410AA0
:107C3000F1EE10FA06DAFFE748F20000CCF2BB5092
:107C40000090FFE7FFE700980290FFE79DED020A32
:107C500003B070470000A0C20000A0420080BB45F6
:107C60000080BBC50000000080B582B044F24871BE
:107C7000C2F2004100200190086043F25C41C2F270
:107C80000041086044F65C11C2F20041086043F212
:107C90000C61C2F20041086044F65411C2F2004186
:107CA000086044F65011C2F20041086044F64811E1
:107CB000C2F20041086044F64C11C2F20041086073
:107CC00044F2B460C2F2004001F0DAFF44F2F46022
:107CD000C2F2004001F0D4FF44F2E870C2F200406A
:107CE00001F0CEFF44F62800C2F2004001F0C8FFC8
:107CF00044F66800C2F2004001F0C2FF44F6AC0056
:107D0000C2F2004001F0BCFF44F66010C2F2004035
:107D100001F0B6FF44F6A010C2F2004001F0B0FF3F
:107D200041F27070C2F20040DFED3A0ACDED000A78
:107D3000B0EE600AFFF76CFA43F2DC30C2F20040AA
:107D400001F09EFF43F21C40C2F2004001F098FF98
:107D500043F20850C2F2004001F092FF43F2485053
:107D6000C2F2004001F08CFF43F28850C2F20040A2
:107D700001F086FF43F2CC50C2F2004001F080FFD8
:107D800043F27460C2F2004001F07AFF43F2B46043
:107D9000C2F2004001F074FF9DED000A44F24C6015
:107DA000C2F2004002F088F89DED000A44F6E010AF
:107DB000C2F2004002F080F89DED000A44F6EC00AB
:107DC000C2F2004002F078F89DED000A43F27430F0
:107DD000C2F2004002F070F89DED000A43F2F46038
:107DE000C2F2004002F068F89DED000A43F2106014
:107DF000C2F2004002F07CF9019843F27061C2F2D5
:107E00000041086043F2C851C2F20041086002B06C
:107E100080BD00BF0000000080B584B003900291D7
:107E200001920398007801280FDBFFE703980078A0
:107E300003280ADCFFE703984078012805DBFFE709
:107E400003984078042806DBFFE7029900200870B9
:107E50000199087024E10398007BC007D0B1FFE7C7
:107E600003988078C00750B1FFE70398C078C10736
:107E70000220002918BF01200299087003E002992E
:107E800000200870FFE70398007900F001000199D5
:107E9000087005E103980078022809D1FFE70398EC
:107EA0004078022804D1FFE70299002008707BE0A7
:107EB00003980078022809D1FFE703984078032847
:107EC00004D1FFE70299002008706CE00398007865
:107ED000022809D1FFE703984078012804D1FFE781
:107EE0000299012008705DE003980078032809D109
:107EF000FFE703984078022804D1FFE702990020A9
:107F000008704EE003980078032809D1FFE7039832
:107F10004078032804D1FFE70299002008703FE071
:107F200003980078032809D1FFE7039840780128D7
:107F300004D1FFE702990020087030E00398007830
:107F4000012809D1FFE703984078022804D1FFE710
:107F500002990120087021E003980078012809D1D6
:107F6000FFE703984078032804D1FFE70299012036
:107F7000087012E003980078012809D1FFE7039800
:107F80004078012804D1FFE702990120087003E03E
:107F9000029900200870FFE7FFE7FFE7FFE7FFE730
:107FA000FFE7FFE7FFE7FFE701990020087002986D
:107FB000007802280FD1FFE7039890ED020A9FEDA9
:107FC000391A0020B4EE410AF1EE10FAC8BF0120C0
:107FD0000199087064E00298007801285FD1FFE7FA
:107FE00040F20810C2F200400078A8B1FFE7039801
:107FF00090ED020A9FED2B1AB4EE410AF1EE10FA51
:108000000ADDFFE701990120087040F20811C2F271
:10801000004100200870FFE7039890ED020A07F086
:10802000BFFC9FED211AB4EE410AF1EE10FA07DA17
:10803000FFE740F20811C2F2004101200870FFE79B
:1080400040F20910C2F200400078A8B1FFE703989F
:1080500090ED020A9FED151AB4EE410AF1EE10FA06
:108060000ADAFFE701990220087040F20911C2F212
:10807000004100200870FFE7039890ED020A9FED91
:108080000C1AB4EE410AF1EE10FA07DDFFE740F2F8
:108090000911C2F2004101200870FFE7FFE7FFE786
:1080A00004B080BD3333733FCDCC4C3E333373BF0C
:1080B000CDCC4CBF0000000082B08DED010A9DEDDB
:1080C000010AB5EE400AF1EE10FA05DBFFE79DED7F
:1080D000010A8DED000A06E09DED010AB1EE400AAD
:1080E0008DED000AFFE79DED000A02B07047000029
:1080F00081B08DED000A9DED000A9FED031A20EE80
:10810000010A01B0704700BF35FA8E3C0000000044
:1081100084B08DED030ACDED020A9DED030A9FEDBB
:10812000181AB4EE410AF1EE10FA0ADBFFE79DEDF2
:10813000020A0120B5EE400AF1EE10FA01901ADCB5
:10814000FFE79DED030A00209FED0E1AB4EE410AF1
:10815000F1EE10FA00900BDCFFE79DED020A002023
:10816000B5EE400AF1EE10FAB8BF01200090FFE72B
:1081700000980190FFE7019800F0010004B07047FB
:1081800000007042000070C280B584B08DED020A1C
:108190008DF8070041F60200C2F200400078C007E7
:1081A00028B1FFE79DF80700C007A8B1FFE741F637
:1081B0000201C2F2004101200870029841F6040158
:1081C000C2F200410860029941F60800C2F2004084
:1081D0000160006803905BE09DED020A41F6040037
:1081E000C2F2004090ED001A30EE410A8DED000A17
:1081F000FFE79DED000A9FED281AB4EE410AF1EE6B
:1082000010FA09DDFFE79DED000A9FED271A30EE19
:10821000010A8DED000AECE7FFE79DED000A9FEDF6
:108220001F1AB4EE410AF1EE10FA09DAFFE79DEDEC
:10823000000A9FED1C1A30EE010A8DED000AECE7F2
:108240009DED000A00F034F89FED151AB4EE410AD6
:10825000F1EE10FA07DDFFE741F60800C2F2004038
:108260000068039014E09DED001A41F60800C2F288
:10827000004090ED000A30EE010A80ED000A0299FC
:1082800041F60402C2F20042116000680390FFE769
:108290009DED030A04B080BDDB0F4940DB0F49C0F0
:1082A000DB0F493FDB0FC940DB0FC9C000000000F6
:1082B00082B08DED010A9DED010AB5EE400AF1EEA6
:1082C00010FA05DBFFE79DED010A8DED000A06E0DF
:1082D0009DED010AB1EE400A8DED000AFFE79DED2C
:1082E000000A02B07047000080B584B0039002918C
:1082F000039801900298007B082801D0FFE71FE057
:10830000019902980278407840EA02200880029899
:108310008278C07840EA0220488002980279407949
:1083200040EA0220888002988079002818BF012046
:108330008871EFF7F9FF019988600120C871FFE7A4
:1083400004B080BD0000000041F60C00C2F2004005
:10835000704700000000000084B08DF80F0002910B
:108360009DF80F100020C907009031B1FFE7029877
:10837000007880F001000090FFE7009800F0010015
:108380008DF807009DF80F00029900F001000870B9
:108390009DF8070000F0010004B0704700000000E5
:1083A00080B584B0039003980190EFF7BDFF019969
:1083B0000290029888600298886102984861029849
:1083C000C8620298086200200871C873C87481F8F6
:1083D00029000877486281F82800487001220A7352
:1083E00008740886C870887381F82A0048778870F6
:1083F00048738874487404B080BD00000000000019
:1084000010B586B08C46864609980899CDF814E0D8
:108410008DF813C08DF81220ADF810308DF80F10C4
:108420008DF80E00059800909DF81300032809D1DF
:10843000FFE79DF81200032804D1FFE7009901200F
:10844000087005E0009800210170FFF7A9FFCDE05A
:108450000098BDF810100186BDF81010C1F300217E
:108460008DF80D10BDF81010C1F380218DF80C109F
:10847000BDF81010C1F380318DF80B109DF80F106E
:1084800001F001018DF80A109DF80E1001F00101B4
:108490008DF80910C11C00F10802031D9DF80D00A4
:1084A00000F0010000F0A4F8009800F10E0100F1C6
:1084B000180200F10F039DF80C0000F0010000F01D
:1084C00097F8009800F1120100F1140200F1130373
:1084D0009DF80B0000F0010000F08AF8009800F110
:1084E0002A0100F12C0200F129039DF80A0000F096
:1084F000010000F07DF8009800F11D0100F120025C
:1085000000F11C039DF8090000F0010000F070F874
:108510000098811C007900F00100FFF71DFF014663
:1085200000988DF8081000F10D01C07B00F00100EB
:10853000FFF712FF014600988DF8071000F11101B6
:10854000C07C00F00100FFF707FF8DF806009DF8E2
:108550000800C00770B1FFE70098427801219143FD
:1085600041704078C00720B1FFE7009901200873EF
:10857000FFE7FFE700984078C00758B1FFE79DF894
:108580000700C00730B1FFE700990A7B0120904344
:108590000873FFE79DF80600C00730B1FFE70099B8
:1085A0000A7C012090430874FFE70098007FC00711
:1085B000B0B1FFE70098406A28B9FFE7EFF7B4FED3
:1085C00000994862FFE7EFF7AFFE00994A6A801A08
:1085D000820800204A2A88BF012081F8280005E08F
:1085E00000990020486281F82800FFE706B010BD1E
:1085F00080B586B08DF81700049103920293EFF7CF
:1086000093FE01909DF8170000F00100049909788D
:1086100001F00101884204D0FFE701980399086046
:10862000FFE79DF81700049900F001000870019819
:1086300003990968401A1E2807D3FFE79DF8170021
:10864000029900F001000870FFE706B080BD00004D
:1086500081B00090009890F8580001B07047000079
:1086600081B00090009890ED150A01B070470000AD
:1086700081B00090009890ED180A01B0704700009A
:1086800080B586B004908DED030A0498019090EDBA
:10869000181A90ED190A30EE410A07F081F98DEDB4
:1086A000020A9DED020A9FED291AB4EE410AF1EE8D
:1086B00010FA14DCFFE79DED030A07F071F99FED56
:1086C000241AB4EE410AF1EE10FA08DCFFE7019932
:1086D000002081F8770001208DF8170031E09DED32
:1086E000020A9FED1A1AB4EE410AF1EE10FA1FDDEC
:1086F000FFE79DED030A07F053F99FED141AB4EE5E
:10870000410AF1EE10FA13DCFFE7019991F87700C6
:10871000013081F87700C0B20A2808DBFFE7019931
:10872000002081F8770001208DF8170009E004E0AF
:108730000199002081F87700FFE700208DF81700ED
:10874000FFE79DF8170006B080BD00BF000048425B
:10875000000096430000000082B001908DED000AF9
:1087600001990098C86500980866012081F8750095
:1087700002B070470000000080B584B003900398F9
:10878000019005210022029204F066FF01990298EF
:108790004865C865086648668866C86681F87000DE
:1087A00081F8710081F8720081F8730081F874001B
:1087B00081F8580081F8750081F8760081F878001A
:1087C00081F8770004B080BD80B592B009AA039209
:1087D0000A4603990492024604981192109081ED82
:1087E000060AC1ED050A81ED041A1198059091ED74
:1087F000060AFFF7B1FF002006908DF833008DF8D0
:10880000320010980DF133010DF13202FFF704FB35
:10881000059A06989DF8331082F871109DF8321071
:1088200082F872109DF832100129079008D1FFE7F5
:10883000059890F87000B0FA80F040090790FFE7C3
:10884000079800F001008DF831009DF832100020EB
:108850000229029008D1FFE7059890F87000B0FA5D
:1088600080F040090290FFE70598029901F00101AC
:108870008DF830109DF8321080F8701090F871006B
:10888000012813D1FFE7059804F0D2FE70B9FFE785
:108890009DF8310050B1FFE71098407BC00728B128
:1088A000FFE70599012081F87300FFE7059890F82C
:1088B000710048B1FFE79DF8300028B1FFE7059946
:1088C000012081F87400FFE7059890F8710068B9FD
:1088D000FFE70598002180F85810416580F8761070
:1088E00080F87810C16604F087FE7DE1059804F0F9
:1088F0009FFE01460191042800F268810199DFE89A
:1089000001F003769DBAE4000598002180F8581024
:10891000416580F8761080F8781090F87100022890
:108920000DD1FFE7059890F87200012807D1FFE705
:1089300005980021C166022104F05EFE56E005980C
:1089400090F87100C8B1FFE7059890F87400A0B1E5
:10895000FFE70598002180F87410C16690ED180AB1
:108960009FEDA51A30EE010A80ED1A0A012180F868
:108970007810032104F040FE37E0059890F873006A
:10898000A0B1FFE71098407BC00778B1FFE70598DA
:10899000002180F8731004F047FF059880ED190A54
:1089A000012180F8761004F027FE1DE0059890F86C
:1089B0007100012817D1FFE7059890F8720001288F
:1089C00011D1FFE71098407BC00760B1FFE7059821
:1089D00004F02AFF059880ED190A012180F876102D
:1089E00004F00AFEFFE7FFE7FFE7FFE7FBE005987B
:1089F00090F8760050B9FFE7059804F015FF059947
:108A000081ED190A012081F87600FFE705980399A6
:108A1000022280F85820426E426591ED050AFFF768
:108A20002FFE28B9FFE70598C068C82805D3FFE7DF
:108A30000598042104F0E0FDFFE7D4E0059801214A
:108A400080F858100021C4F2FA314165002180F805
:108A50007610C16690F87100022806D1FFE70598EC
:108A600090F87200012805D0FFE70598002104F076
:108A7000C3FDFFE7B7E0059890F8780068B9FFE715
:108A8000059991ED180A9FED5C1A30EE010A81ED0F
:108A90001A0A012081F87800FFE70598039902225D
:108AA00080F85820826E426591ED050A04F08CFE34
:108AB00028B9FFE70598C069C82805D3FFE70598DE
:108AC000002104F099FDFFE78DE00399059802224B
:108AD00080F85820426E426590ED180A90ED191A00
:108AE00030EE410A81ED020A90ED181A90ED190A54
:108AF00030EE410A06F054FF039880ED010A90ED34
:108B0000050A06F04DFF0598039981ED000A426AB7
:108B100000201D2A024688BF01228DF8232091EDF6
:108B2000010A9FED321AB4EE410AF1EE10FA0090FC
:108B30000EDCFFE7039890ED000A9FED2D1A002050
:108B4000B4EE410AF1EE10FAD8BF01200090FFE721
:108B50000598009901F001018DF82210426A002168
:108B60003B2A88BF01218DF82110406AC0087C286B
:108B700011D8FFE7059890F8720030BBFFE79DF829
:108B8000230010B3FFE79DF8220020B9FFE79DF80E
:108B90002100D0B1FFE7039890ED020A06F000FF34
:108BA0009FED141AB4EE410AF1EE10FA04DCFFE76F
:108BB00005990B98C86603E005990020C866FFE791
:108BC0000598002104F018FDFFE70CE0059800214E
:108BD00080F85810416580F8761080F87810C166EA
:108BE00004F00AFDFFE7FFE712B080BD0000484235
:108BF000000020420000C84200004C43000000007A
:108C000080B582B001900198009004F055FD009865
:108C10000021416580F85810C16501664166816692
:108C2000C16680F8701080F8711080F8721080F8BA
:108C3000731080F8741080F8751080F8761080F842
:108C4000771080F8781002B080BD000000000000AE
:108C500081B000900099002081F87C000867886747
:108C600001B070470000000080B584B002908DED27
:108C7000010A0298009090ED220ADDED010AFFF74B
:108C800047FA38B1FFE70099012081F88C000020F5
:108C9000039002E001980390FFE79DED030A04B002
:108CA00080BD00000000000080B584B003908DED11
:108CB000020ACDED010A039800900299C0F88810CD
:108CC00090F87C0001281BD1FFE700989DED020A77
:108CD00090ED1D1A9DED012A71EE420AFFF718FA78
:108CE00070B1FFE700989DED010A04F059FE00996C
:108CF00081ED1D0A486F0867012081F88C00FFE7AD
:108D000004B080BD0000000080B584B003908DEDFC
:108D1000020A039801909DED020A04F041FE0199B8
:108D200081ED1D0A00208867486F0867012081F8DF
:108D30007C0081F87D0004B080BD000000000000D0
:108D400081B000900099002088670867022081F8B0
:108D50007C0001B07047000080B584B003908DEDB9
:108D6000020A039801909DED020A04F019FE019990
:108D700081ED1D0A00208867486F0867012081F88F
:108D80007C0081F87D0004B080BD00000000000080
:108D900082B00190019991F87E008DF803000020C7
:108DA00081F87E009DF8030002B0704700000000CB
:108DB00089B007908DF81B108DF81A208DED050AEB
:108DC000CDED040A079801909DF81B00C00788B1FB
:108DD000FFE7019A012082F88200002082F88300D8
:108DE00082F884009DF81A1001F0010182F88510C4
:108DF000089091E0019890F87C00A0B1FFE70198FD
:108E000090F88200C00770B1FFE70199002081F857
:108E10008200012081F883009DF81A0000F0010013
:108E200081F88500FFE7019890F88300C00718B922
:108E3000FFE7002008906FE0019890F8850000F0AF
:108E400001009DF81A1001F0010188420BD0FFE7E4
:108E500001999DF81A0000F0010081F885000020BA
:108E600081F88400FFE79DF81A00C00728B1FFE7EA
:108E70009DED040A8DED000A04E09DED050A8DEDDF
:108E8000000AFFE79DED000A8DED030A9DF81A0028
:108E9000C007B0EE001A9FED220A002800FE010A6A
:108EA0008DED020A9DED030A9DED021AB1EE411A05
:108EB000B4EE410AF1EE10FA0FDBFFE79DED030A75
:108EC0009DED021AB4EE410AF1EE10FA05DCFFE75F
:108ED0000199012081F88400FFE7019890F87C0057
:108EE000B8B1FFE7019890F88400C00788B1FFE7A8
:108EF0009DED030A9DED021AB4EE410AF1EE10FA5F
:108F000007DDFFE70199002081F883000220089027
:108F100002E001200890FFE7089809B0704700BF01
:108F20000AD7233C0000000082B00190019991F81B
:108F30008C008DF80300002081F88C009DF8030060
:108F400002B0704700000000B0B586B005900491F3
:108F50008DF80F20059800909DF80F20042104F053
:108F60007BFB0099049A019210685368D2F808C0FC
:108F7000D2F80CE0146955698D664C66C1F860E062
:108F8000C1F85CC08B654865108B927E81F86E20BD
:108F9000A1F86C000020029008674867886781F894
:108FA0007C0081F87D0081F87E0081F8800081F8E6
:108FB000810081F8820081F8830081F8840081F8C3
:108FC0008500C1F8880081F88C009DF80F00012809
:108FD00005D1FFE70099012081F87C000AE09DF8A7
:108FE0000F00022805D1FFE70099022081F87C00DC
:108FF000FFE7FFE706B0B0BD80B590B00F900E91CF
:109000008DED0D0A0F9805900E9904F021FC014694
:1090100005988DF833109DF8331080F87F1090F884
:1090200080100120069071B1FFE705990E988078B5
:1090300000F0010091F8811001F00101401A18BF01
:1090400001200690FFE70599069800F001008DF8D1
:109050003200012081F880000E98807800F0010035
:1090600081F881000E9840680B900E9840680A9035
:109070009DF83300032804D1FFE70E9880690B9018
:10908000FFE700208DF827009DF83300014604918A
:10909000032811D80499DFE801F00E02060A012026
:1090A0008DF827000CE002208DF8270008E003204F
:1090B0008DF8270004E0FFE700208DF82700FFE788
:1090C000059804F0B5FA9DF8271088422AD0FFE7EA
:1090D00005989DF8271004F08FFA0599012081F872
:1090E0007E009DF8270001460391032815D80399B7
:1090F000DFE801F01202080C05989DED0D0AFFF75C
:1091000003FE0EE00598FFF71BFE0AE005989DEDB3
:109110000D0AFFF721FE04E0FFE70598FFF798FD31
:10912000FFE72AE09DF83200C00728B3FFE79DF86B
:10913000270001460291032815D80299DFE801F0C3
:109140001202080C05989DED0D0AFFF7DDFD0EE0FB
:109150000598FFF7F5FD0AE005989DED0D0AFFF76C
:10916000FBFD04E0FFE70598FFF772FDFFE70599B7
:10917000012081F87E00FFE7FFE7059804F058FA28
:1091800001460191032800F2F3800199DFE801F024
:10919000EF0271930598012180F87C1090F87D0012
:1091A00060B9FFE705989DED0D0A04F0F9FB0599FC
:1091B00081ED1D0A012081F87D00FFE79DF8320056
:1091C000C00730BBFFE70E988078C00708B3FFE701
:1091D0000E9890ED030AFEF76FFFB0EE001AB4EEA2
:1091E000410AF1EE10FA14DDFFE705980E9991EDB2
:1091F000031A90ED182A90ED1D0AA1EE020A80EDE7
:109200001D0A90ED1D0A04F0CBFB059880ED1D0AA8
:1092100029E09DF83200C00720BBFFE70E98807858
:10922000C007F8B9FFE79DED0B0AFEF745FF9FED7C
:10923000581AB4EE410AF1EE10FA13DDFFE7059873
:109240009DED0B1A90ED152A90ED1D0AA1EE020A74
:1092500080ED1D0A90ED1D0A04F0A2FB059880ED3B
:109260001D0AFFE7FFE70599486F08670020886738
:1092700085E00599022081F87C009DED0A0AFEF741
:109280001BFF9FED431AB4EE410AF1EE10FA0ADD1E
:10929000FFE705989DED0A0A90ED161A20EE010AE7
:1092A00080ED1E0A03E0059900208867FFE7059915
:1092B000886F086763E00598012180F87C1090F8BA
:1092C0007E0000284DD1FFE705989DED0B0A04F0C4
:1092D00067FB05988DED080A90F86D00E8B3FFE78D
:1092E0009DED080A9DED0D1A30EE410A8DED070A3D
:1092F000FFE79DED070A9FED231AB4EE410AF1EE58
:1093000010FA0FDDFFE79DED080A9FED201A30EE01
:10931000410A8DED080A9DED070A30EE410A8DEDF8
:10932000070AE6E7FFE79DED070A9FED171AB4EE7F
:10933000410AF1EE10FA0FDAFFE79DED080A9FED02
:10934000131A30EE010A8DED080A9DED070A30EE82
:10935000010A8DED070AE6E7FFE7059908984867D7
:10936000FFE70599486F08670020886707E0FFE777
:109370000599002081F87C0008678867FFE710B036
:1093800080BD00BFDB0F4940DB0F49C0DB0FC94088
:109390000AD7233C0000000080B584B003908DED17
:1093A000020A039801909DED020A04F0F9FA01996E
:1093B00081ED1D0A486F086700208867012081F849
:1093C0007D0081F87E0004B080BD00000000000038
:1093D00080B582B001900198009004F06DF900987A
:1093E0000021416581654CF6CD42C3F64C62C265F1
:1093F0004DF20A72C3F6A34202664166816680F8A6
:109400006C1080F86D1080F86E10016741678167FD
:1094100080F87C1080F87D1080F87E1080F87F1036
:1094200080F8801080F8811080F8821080F8831016
:1094300080F8841080F88510C0F8881080F88C10AF
:1094400002B080BD0000000081B00090009890ED57
:10945000150A01B07047000081B00090009890EDAF
:10946000160A01B07047000081B00090009890ED9E
:10947000170A01B07047000080B584B003900398CC
:10948000019003210022029204F0E6F8019902986B
:1094900048658865C86581F8600004B080BD00003B
:1094A00080B588B0079006918DED050ACDED040AD0
:1094B0008DED031A079802900698FEF70DFB014602
:1094C000029880F8601090F8600040B9FFE70298B9
:1094D000002141658165C16504F08EF872E0029853
:1094E00004F0A6F80146019140B1FFE70198012878
:1094F00014D0FFE70198022838D05AE002980021E2
:1095000041658165C16590F86000012805D1FFE7DC
:109510000298012104F070F8FFE752E002984BF244
:109520000001C4F2815141658165C16590F8600018
:1095300028B9FFE70298002104F05EF815E00298D0
:109540009DED050ADDED040A9DED031A04F0B4FA61
:1095500050B1FFE70298C068C82805D3FFE702981A
:10956000022104F049F8FFE7FFE72AE002984BF2F6
:109570000001C4F2815141658165C16590F86000C8
:1095800028B9FFE70298002104F036F810E00298AD
:109590009DED050ADDED040A9DED031A04F08CFA39
:1095A00028B9FFE70298012104F026F8FFE7FFE75A
:1095B00007E00298002141658165C16504F01CF84F
:1095C000FFE7FFE708B080BD80B582B00190019849
:1095D000009004F071F80098002141658165C16533
:1095E00080F8601002B080BD80B582B001908DED32
:1095F000000A01989DED000A00F002F802B080BD5B
:1096000082B001908DED000A0199009848610098A0
:1096100088610098C861009808620098486202B0AA
:10962000704700000000000080B582B001908DED11
:10963000000A01989DED000A00F002F802B080BD1A
:1096400082B001908DED000A01989DED004A90EDE9
:10965000055A90ED003A90ED010A90ED022A90ED46
:10966000031A20EE050AA3EE040A90ED063AA2EED4
:10967000030A90ED072AA1EE420A90ED041A90ED3C
:10968000082AA1EE420A80ED090A41698161009928
:109690004161C1690162416AC16190ED090A02B08C
:1096A000704700000000000080B584B003908DED8D
:1096B000020ACDED010A8DED001A03989DED020A14
:1096C000DDED010A9DED001A00F002F804B080BD46
:1096D00080B58AB009908DED080ACDED070A8DEDB1
:1096E000061A09990191089888620798C862069835
:1096F00008639DED070AB5EE400AF1EE10FA09DDA8
:10970000FFE79DED071AB6EE000A80EE010A8DED27
:10971000000A04E09FED4B0A8DED000AFFE79DED86
:10972000000A8DED050A9DED080AB5EE400AF1EE3E
:1097300010FA1ADDFFE79DED070AB5EE400AF1EEDB
:1097400010FA12DDFFE79DED060AB5EE400AF1EED4
:1097500010FA0ADDFFE79DED080A9DED051AB4EE4B
:10976000410AF1EE10FA0EDBFFE701984FF07E514F
:109770000160002141608160C16001619FED310A9B
:10978000FFF73EFF5BE09DED080A9FED2F1A20EEEC
:10979000010A9DED071A20EE010A0DF0F7FF01986E
:1097A0008DED040A9DED040A20EE000A8DED030AFA
:1097B0009DED060A30EE002A9DED043AB7EE000A50
:1097C000B0EE401AA2EE031A9DED032A31EE021A02
:1097D00080EE011A8DED021A9DED031A9DED022A0D
:1097E00021EE021A80ED001A90ED001A31EE011AF6
:1097F00080ED011A016881609DED031A31EE401A77
:1098000031EE011A9DED022A21EE021A80ED031AB3
:109810009DED061A31EE011A9DED042AA1EE420AD1
:109820009DED031A30EE010A9DED021A20EE010AA9
:1098300080ED040A9FED030AFFF7E2FEFFE70AB09E
:1098400080BD00BF00000000DB0F494000000000A9
:1098500080B586B005908DED040ACDED030A8DED3F
:10986000021A059801904FF07E510160002141607D
:109870008160C160016141618161C16101624162D8
:109880008162C16240F2F341C3F6357101639DED1F
:10989000040ADDED030A9DED021AFFF719FF019896
:1098A00006B080BD0000000082B001900199887868
:1098B00000F001008DF80300002088709DF803007F
:1098C00000F0010002B0704781B0009000990020C4
:1098D000087001224A708870486001B0704700002B
:1098E00080B586B005908DED040A8DF80F100292B8
:1098F000059800909DF80F00C00720B9FFE7009879
:10990000FFF7E2FF45E000980078C00740B9FFE7A5
:109910000099029848600120487000208870FFE795
:1099200000990120087002984968401AF92801D866
:10993000FFE72EE000989DED040AB0EEC00A8DED21
:10994000010A4078C00780B1FFE79DED010AB2EE41
:10995000001AB4EE410AF1EE10FA06DBFFE70099B7
:10996000012088700020487013E000984078C007FC
:1099700070B9FFE79DED010AB1EE061AB4EE410A97
:10998000F1EE10FA04DCFFE7009901204870FFE7D0
:10999000FFE706B080BD000081B000900098002174
:1099A000C4F2C821016044F20001C4F29C6141602C
:1099B0000021C4F2FA4181600021C16001B070470A
:1099C00084B00390029103980090406A20B9FFE7A9
:1099D00000990298486224E000980299426A891A24
:1099E000019190ED050A90ED071A9DED012AB8EE60
:1099F000422A9FED0D3A22EE032AA1EE020A80EDE3
:109A0000050A90ED050AB5EE400AF1EE10FA04DA07
:109A1000FFE7009900204861FFE70099029848623B
:109A2000FFE704B0704700BF6F1283BA0000000068
:109A300080B586B004908DF80F10029204980190C2
:109A40000299FFF7BDFF019800F0BAF801989DF860
:109A50000F1001F0010104F063F820B9FFE70020C6
:109A60008DF817000EE0019890ED001A90ED050AB0
:109A700030EE010A80ED050A00F0A2F801208DF811
:109A80001700FFE79DF8170006B080BD000000003A
:109A900010B586B08C4686460A9809980899CDF884
:109AA00014E08DF813C08DF81220ADF81030ADF829
:109AB0000E10ADF80C000598009004F081F80146F6
:109AC000009881749DF8121001F0010141740A9907
:109AD000FFF776FF0098817C0020C9070190F1B163
:109AE000FFE79DF812100020C9070190B9B1FFE708
:109AF0009DF813100020C907019081B1FFE7BDF860
:109B00000E100020019051B1FFE7BDF80C10BDF818
:109B10000E2000209142D8BF01200190FFE700995C
:109B2000019800F001008DF80B009DF80B0000F08B
:109B3000010008749DF80B00C007D0B1FFE7009842
:109B4000BDF80E1000EE101AB8EE400A80ED060ABD
:109B5000BDF8101000EE101AB8EE400A80ED070AAA
:109B6000BDF80C1000EE101AB8EE400A80ED050AA0
:109B70001CE0009890ED060A9FED0F1AB4EE410A22
:109B8000F1EE10FA04DCFFE7009948688861FFE70E
:109B9000009890ED070AB5EE400AF1EE10FA04DAEB
:109BA000FFE700998868C861FFE7FFE7009800F0C9
:109BB00007F806B010BD00BF6F12833A0000000026
:109BC00082B001900198009090ED051A90ED060A80
:109BD00030EE410A80ED080A90ED080AB5EE400A21
:109BE000F1EE10FA04DAFFE7009900200862FFE7BF
:109BF00002B070470000000080B584B00390039865
:109C00000290002101910174417403F0D9FF019980
:109C1000024602988274C268426142688261826828
:109C2000C26101624162FFF7CBFF04B080BD00005A
:109C300080B584B00390029103980190DDF808C0CC
:109C4000DCF80010DCF80420DCF80830DCF80CC08C
:109C5000C0F80CC0836042600160FFF7CDFF01983F
:109C600004B080BD0000000082B001908DED000ABC
:109C700001990098086302B07047000000000000DE
:109C800081B00090009900208861C8610862486333
:109C900048610861C86001B0704700000000000022
:109CA00080B586B005908DED040ACDED030A0598C8
:109CB00000909DED040A00F0CFF800989DED030A96
:109CC000FFF7D2FF009890ED0B0A90ED0C1A30EEE2
:109CD000410A80ED0D0A90ED000A90ED0D1A20EE7C
:109CE000010A80ED030A90ED0F0AB5EE400AF1EE8D
:109CF00010FA0ED0FFE7009890ED0D0AFDF750FE28
:109D0000009890ED0F1AB4EE410AF1EE10FA24DA41
:109D1000FFE7009890ED060A90ED0D1A30EE010A6B
:109D200080ED060A90ED0E0AB5EE400AF1EE10FA4B
:109D300012DDFFE7009901F1180001F1380291ED01
:109D40000E0AB1EE400A8DED020A02A905F0F8FDF7
:109D5000009900688861FFE7FFE7009A92ED010A29
:109D600092ED061A20EE010A82ED040A92ED020A33
:109D700092ED072A92ED0D1A31EE421A20EE010AF9
:109D800082ED050A92ED030A92ED042A92ED051A7E
:109D900030EE020A30EE010A02F1200082ED080ADC
:109DA00002F12801243205F0CBFD01460098096834
:109DB000016290ED080A90ED091AB4EE410AF1EE45
:109DC00010FA09DBFFE7009890ED0D0AB5EE400AA6
:109DD000F1EE10FA14DCFFE7009890ED080A90ED20
:109DE0000A1AB4EE410AF1EE10FA2DDCFFE70098F2
:109DF00090ED0D0AB5EE400AF1EE10FA24DAFFE715
:109E0000009890ED060A90ED0D1A30EE410A80EDB3
:109E1000060A90ED0E0AB5EE400AF1EE10FA12DDD8
:109E2000FFE7009901F1180001F1380291ED0E0AE7
:109E3000B1EE400A8DED010A01A905F081FD0099FE
:109E400000688861FFE7FFE70098416BC16190ED12
:109E5000080A06B080BD000082B001908DED000AB6
:109E600001990098C86202B070470000000000002D
:109E700087B006908DED050ACDED040A8DED031A2D
:109E8000CDED021A8DED012ACDED002A069802993A
:109E900041629DED020AB1EE400A80ED0A0A019985
:109EA00081630099C1630599016004994160039938
:109EB000816007B07047000080B582B001908DEDE1
:109EC000000A019800994161002181610161C1602E
:109ED00081601C309FED020AFFF786FB02B080BD57
:109EE000000000000000000081B00090009890ED9C
:109EF000030A01B07047000081B00090009890ED17
:109F0000040A01B07047000080B58CB00B908DED55
:109F10000A0ACDED090A0B98039090ED160A9FED01
:109F20004E1AB4EE410AF1EE10FA06DDFFE703988F
:109F300090ED160A8DED020A04E09FED470A8DEDC3
:109F4000020AFFE79DED020A8DED080A9DED090A60
:109F5000B5EE400AF1EE10FA05DBFFE79DED090AC8
:109F60008DED010A06E09DED090AB1EE400A8DED86
:109F7000010AFFE79DED010A8DED070A9DED070A35
:109F80009DED081A80EE010A8DED060A9DED060A88
:109F9000B7EE001AB4EE410AF1EE10FA04DDFFE765
:109FA0004FF07E500690FFE7002005909DED090AD6
:109FB000B5EE400AF1EE10FA04DDFFE74FF07E50F7
:109FC00005900DE09DED090AB5EE400AF1EE10FA9C
:109FD00005DAFFE70020CBF680700590FFE7FFE78A
:109FE00003989DED060A9DED0A3A9DED051A90ED48
:109FF000142A90ED154A21EE041AA2EE031A20EE5F
:10A00000010A80ED030A9DED090A90ED011A90ED19
:10A01000052A30EE420A80EE010A8DED040A099904
:10A0200041611C309DED040AFFF7FEFA039880EDB4
:10A03000060A90ED000A90ED061A20EE010A80ED66
:10A04000040A90ED030A90ED041A30EE010A80ED47
:10A05000020A0CB080BD00BF6F12833A00000000FE
:10A0600081B00090009890ED020A01B070470000A6
:10A0700080B58AB009908DED080ACDED070A8DED07
:10A08000061ACDED051A8DED042A0998039008995A
:10A0900001600799416000218160C16001614161F7
:10A0A00081611C3001909FED0E0ADFED0E0A9FEDDD
:10A0B0000E1A8DED021AFFF7CBFB01989DED021AE7
:10A0C0000399069A0A65059A4A65049A8A65D1ED4C
:10A0D000010A9FED060AFFF7E7FA03980AB080BD70
:10A0E000000000006F12833AF304353F000048423D
:10A0F00080B582B001908DED000A01980021416188
:10A100008161C161009A0262009A426280F828105F
:10A110002C309FED030AFFF767FA02B080BD00BF45
:10A12000000000000000000080B588B007908DEDB1
:10A13000060ACDED050A079801900699C1610599B7
:10A14000016290F82800C00790B1FFE7019890EDF8
:10A15000020AB5EE400AF1EE10FA09DDFFE70198B8
:10A1600090ED010AB5EE400AF1EE10FA0FD1FFE7CB
:10A170000198016A4162012180F8281000214161A3
:10A1800081612C309FED310AFFF72EFA5CE00198D7
:10A1900090ED021A90ED080A90ED092A30EE420A7D
:10A1A00080EE010A8DED040A016A41622C309DEDBA
:10A1B000040AFFF739FA019880ED060A90ED001ABB
:10A1C00090ED010A90ED073A90ED082A20EE030A7F
:10A1D000A1EE020A8DED030A90ED011A90ED062A18
:10A1E0009DED030A30EE420A80EE010A8DED020A6F
:10A1F00090ED040A9DED021A20EE010A80ED050A99
:10A2000090ED031A90ED050AB4EE410AF1EE10FA52
:10A2100004DDFFE70199C868486115E0019890EDF9
:10A22000031A90ED050AB1EE411AB4EE410AF1EEBF
:10A2300010FA08DAFFE7019890ED030AB1EE400A40
:10A2400080ED050AFFE7FFE708B080BD00000000D1
:10A2500080B588B007908DED060ACDED050A8DED2D
:10A26000041ACDED031A8DED022ACDED012A0798CF
:10A2700000900699016005994160049981600299F6
:10A28000C16001990161002141618161C161016287
:10A29000416280F828102C309DED030ADDED040AA0
:10A2A0009FED031AFFF7D4FA009808B080BD00BFF5
:10A2B000F304353F0000000081B00090009890ED5D
:10A2C000020A01B07047000080B584B003908DEDA4
:10A2D000020A039800909DED020A90ED001A8DEDA0
:10A2E000011A90ED011A30EE010A0DF0B1F8009854
:10A2F000B0EE401A9DED010A20EE010A80ED020A3F
:10A3000004B080BD0000000083B002908DED010A12
:10A31000CDED000A02980199016000994160002189
:10A32000816003B07047000083B002908DED010A98
:10A33000029800909DED010A90ED011AB4EE410AD9
:10A34000F1EE10FA04DDFFE700990868886031E05B
:10A3500000989DED010A90ED011AB1EE411AB4EE9C
:10A36000410AF1EE10FA08DAFFE7009890ED000AD2
:10A37000B1EE400A80ED020A1BE0009890ED010A60
:10A38000B5EE400AF1EE10FA0EDDFFE700989DED04
:10A39000011A90ED000A90ED012A81EE021A20EEDA
:10A3A000010A80ED020A03E0009900208860FFE7BF
:10A3B000FFE7FFE703B0704787B005908DED040A13
:10A3C000CDED030A059801900690049940F8041B0E
:10A3D00002909DED030AB5EE400AF1EE10FA05DD9C
:10A3E000FFE79DED030A8DED000A04E09FED070AEB
:10A3F0008DED000AFFE7019902989DED000A80EDBE
:10A40000000A00208860069807B07047000000002E
:10A4100081B00090009890ED040A01B070470000F0
:10A4200082B001908DED000A01999DED000A91ED39
:10A43000002A91ED011A30EE420A80EE010A81ED08
:10A44000030A91ED020A91ED031A20EE010A81ED53
:10A45000040A0098086002B0704700000000000085
:10A4600083B002908DED010ACDED000A0298002123
:10A470000160C160019981600099416003B070473B
:10A4800080B582B0019001980090EDF74DFF0099E2
:10A49000886002B080BD000082B0019001990091F7
:10A4A0008868C968884207D2FFE700998A68C86847
:10A4B000C0431044086005E000998868CA68801AA3
:10A4C0000860FFE7009908684968884209D3FFE7F8
:10A4D0000098006920B9FFE7009901200861FFE7B3
:10A4E00009E000980069012804D1FFE700990020E5
:10A4F0000861FFE7FFE702B07047000000000000BE
:10A5000080B582B0019001980090EDF70DFF0099A1
:10A51000C86002B080BD000082B001900091019837
:10A520000099416000218160C1600121016102B098
:10A53000704700000000000081B000900098642186
:10A54000416000218160C1600121016101B070475B
:10A5500080B541F26470C2F200400078BFF35F8FB3
:10A56000C007A8B9FFE741F26470C2F200400AF0E8
:10A5700039FE68B1FFE741F61800C2F2004000F072
:10A5800077F841F26470C2F200400AF041FEFFE742
:10A5900041F61800C2F2004080BD0000000000003B
:10A5A00083B0029002980090FE218DF80710007B86
:10A5B0000C2801DBFFE723E000208DF80600FFE711
:10A5C00000999DF80600097B884211DAFFE70098A0
:10A5D0009DF80610405C9DF80710884201D1FFE706
:10A5E0000EE0FFE79DF8060001308DF80600E7E772
:10A5F00000999DF807000A7B531C0B738854FFE7F2
:10A6000003B070470000000083B0029002980090F1
:10A61000FF218DF80710007B0C2801DBFFE723E00A
:10A6200000208DF80600FFE700999DF80600097BE1
:10A63000884211DAFFE700989DF80610405C9DF80B
:10A640000710884201D1FFE70EE0FFE79DF8060002
:10A6500001308DF80600E7E700999DF807000A7BB6
:10A66000531C0B738854FFE703B0704700000000D1
:10A6700081B000900098002101730161017501B063
:10A68000704700000000000082B001908DED000ACC
:10A6900001990098486502B0704700000000000072
:10A6A00080B584B003900398019040300290FFF78A
:10A6B000E7FE0298FFF7F0FE029803F0CDFA0128BA
:10A6C00005D1FFE7FFF744FFFFF79EFFFFE7019883
:10A6D000403003F0C1FAB0FA80F0400904B080BD08
:10A6E00080B582B0019001984030FFF709FF02B0B9
:10A6F00080BD00000000000086B00390029101922E
:10A700000399EFF31080049004980090EFF3108009
:10A7100072B60590086A029A1060486A019A106041
:10A72000002008624862009810B9FFE762B6FFE7B0
:10A7300006B070470000000080B584B003908DED36
:10A74000020A039801909DED020AFDF729F901988C
:10A7500090ED151AB4EE410AF1EE10FA03DAFFE7B4
:10A7600000200290FFE79DED020A04B080BD0000CA
:10A7700080B586B00590049105980390049808B9B7
:10A78000FFE7FEE00398FFF7ABFF03980499002270
:10A7900002920B23009303F08FFA0146039803F013
:10A7A0002BFB009B01460398018004991A4603F095
:10A7B00083FA0146039803F01FFB009B01460398B0
:10A7C00041800499162203F077FA0146039803F0BA
:10A7D00013FB009B0146039881800499212203F01A
:10A7E0006BFA0146039803F007FB01460398C1800A
:10A7F000049A117C527C03F0D7FA01460398018138
:10A8000004992E220223019303F056FA019B01467C
:10A810000398817204992C2203F04EFA01460398A2
:10A82000C172B0F90410A1F5806100EE101AB8EE03
:10A83000C00AFFF781FF0398BDEEC00A10EE101AA0
:10A840008181B0F90610A1F5806100EE101AB8EE12
:10A85000C00AFFF771FF0398BDEEC00A10EE101A90
:10A86000C181B0F90010A1F5806100EE101AB8EEB8
:10A87000C00AFFF761FF0398BDEEC00A10EE101A80
:10A880000182B0F90210A1F5806100EE101AB8EE55
:10A89000C00AFFF751FF0398BDEEC00A10EE101A70
:10A8A0004182B0F90810A1F5806100EE101AB8EEEF
:10A8B000C00AFFF741FF02990398BDEEC00A10EEEF
:10A8C000102A8282B0F90C0000F07EF802990398F9
:10A8D00080ED0B0AB0F90E0000F076F802990398AB
:10A8E00080ED0C0AB0F9100000F06EF802990398A0
:10A8F00080ED0D0AB0F9120000F066F80299039895
:10A9000080ED0E0AB0F9140000F05EF8039880EDB7
:10A910000F0A049A9179D27903F046FA0146039816
:10A92000C182049A117A527A03F03EFA01460398E2
:10A930000183049A917AD27A03F036FA0146039899
:10A9400041830499097B03F003FA014603980177D8
:10A950000499497B03F0FCF9014603984177B0F96B
:10A960001620016A11440162B0F91820416A1144AD
:10A970004162049A917BD27B03F016FA0399088511
:10A98000FFE706B080BD000080B584B0039002915F
:10A990000398009000210191018041808180C18055
:10A9A00001818172C172C182018341830177417744
:10A9B00001624162018540300299FFF7ADFD0098C8
:10A9C0000199416504B080BD84B0ADF80A00ADF8CE
:10A9D0000810BDF80A00BDF80810401AADF80600CE
:10A9E000BDF9060000EE100AB8EEC00A9FED141A79
:10A9F00080EE010A8DED000A9DED000AB7EE001A07
:10AA0000B4EE410AF1EE10FA04DDFFE74FF07E509C
:10AA1000039011E09DED000ABFEE001AB4EE410A6A
:10AA2000F1EE10FA05DAFFE70020CBF68070039014
:10AA300002E000980390FFE79DED030A04B0704721
:10AA4000000025440000000080B588B00790069102
:10AA50000798019000F0D0F94FF0FF3005900020EA
:10AA60000490FFE704984B282DDCFFE70698049933
:10AA7000405C5A2822D1FFE70699049808444078A0
:10AA8000A5281BD1FFE706990498084480788DF823
:10AA90000F00069904980844C0788DF80E009DF8C0
:10AAA0000F009DF80E1040EA0120029002984C28F9
:10AAB00003D1FFE70498059005E0FFE7FFE704985E
:10AAC00001300490CEE70598B0F1FF3F01DCFFE7CD
:10AAD00082E001980699059A114400F0EDF9019879
:10AAE00000F022FA002877D0FFE701980699C26AA1
:10AAF00011440C3100F08CF9019880ED0C0A069994
:10AB0000C26A1144103100F083F9019880ED0D0AFA
:10AB10000699C26A1144143100F07AF9019880ED67
:10AB20000E0A0699C26A1144183100F071F90198B1
:10AB300080ED0F0A0699C26A11441C3100F068F9D1
:10AB4000019880ED100A0699C26A1144203100F084
:10AB50005FF9019880ED110A0699C26A11443031FB
:10AB600000F056F9019880ED120A0699C26A114464
:10AB7000343100F04DF9019880ED130A0699C26A4C
:10AB80001144383100F044F9019880ED140A069917
:10AB9000C26A11443C3100F03BF9019880ED150A7E
:10ABA0000699C26A1144403100F032F9019880EDF3
:10ABB000160A0699C26A1144443100F029F9019835
:10ABC00080ED170A0699C26A1144483100F020F955
:10ABD000019880ED180AFFE708B080BD0000000072
:10ABE00082B0019000910198009900EB810090EDF6
:10ABF000150A02B07047000082B0019000910198E0
:10AC0000009900EB810090ED0F0A02B07047000040
:10AC100082B0019000910198009900EB810090EDC5
:10AC2000120A02B07047000080B58CB00A900A98F2
:10AC300007900B90642100F0B3F9079947F6CC60B8
:10AC4000C0F60200083008600620C86200200863D1
:10AC500001F134003C3108910990FFE70999089A05
:10AC6000002041F8040B084691420990F6D1FFE715
:10AC700007990020C86301F1400048310591069012
:10AC8000FFE70699059A002041F8040B0846914217
:10AC90000690F6D1FFE707990020886401F14C0087
:10ACA000543103910490FFE70499039A002041F87E
:10ACB000040B084691420490F6D1FFE70799002063
:10ACC000486501F15800643101910290FFE7029953
:10ACD000019A002041F8040B084691420290F6D1F7
:10ACE000FFE707990020486688660B980CB080BD86
:10ACF00080B582B001900198009000F009F80098AA
:10AD00006C2105F00FFC02B080BD000000000000C7
:10AD100080B582B001900198009000F06DF9009824
:10AD200002B080BD0000000080B584B0039003989D
:10AD3000019004300290FFF7A3FB0298FFF7ACFBF1
:10AD4000029802F089FF012805D1FFE7FFF700FC18
:10AD5000FFF726FCFFE70198043002F07DFFB0FA10
:10AD600080F0400904B080BD87B006900591049240
:10AD7000039305980088ADF80A0000200190FFE7D2
:10AD80000198039988422FD2FFE704980199415C0A
:10AD9000BDF80A0080EA0120ADF80A00002000900A
:10ADA000FFE7009807281AD8FFE7BDF80A0000045B
:10ADB000002809D5FFE7BDF80A1041F2210080EA1A
:10ADC0004100ADF80A0005E0BDF80A004000ADF80A
:10ADD0000A00FFE7FFE7009801300090E1E7FFE796
:10ADE000019801300190CBE7BDF80A000599088071
:10ADF00007B070470000000080B582B00190019854
:10AE00000430FFF77DFB02B080BD000000000000B1
:10AE100083B0029001910198006800909DED000AB6
:10AE200003B070470000000080B584B00390029129
:10AE300003980190817FC27F41EA02214184002270
:10AE4000014621F8262F0091029A0423FFF78CFF78
:10AE500000990198029A0632B0F92230FFF784FF78
:10AE60000098019991F8202091F8213042EA0322BC
:10AE70008A840088898C884205D1FFE701990120E6
:10AE800081F8290004E00199002081F82900FFE7FA
:10AE900004B080BD0000000082B0019000910199D3
:10AEA0000098007981F820000098407981F821000D
:10AEB00002B070470000000080B584B0039002919A
:10AEC00003980190029900F053F801980299FFF756
:10AED000E3FF0198029900F057F8019800F008F894
:10AEE00001980299FFF7A0FF04B080BD00000000A8
:10AEF00082B0019001980090007F5A280AD1FFE7A4
:10AF00000098407FA52805D1FFE70099012081F82E
:10AF1000280004E00099002081F82800FFE702B033
:10AF2000704700000000000083B00190019800907D
:10AF300090F82800C00768B1FFE7009890F8290052
:10AF4000C00738B1FFE70099012081F82A008DF889
:10AF50000B0006E00099002081F82A008DF80B0014
:10AF6000FFE79DF80B0003B07047000000000000F1
:10AF700082B00190009101990098007808770098BC
:10AF80004078487702B0704782B0019000910199F3
:10AF90000098807888770098C078C87702B07047AA
:10AFA00080B584B0039002910398019047F6DC616C
:10AFB000C0F602010831016004300299FFF7ACFAD3
:10AFC0000198002180F8281080F8291080F82A10B4
:10AFD00004B080BD0000000080B582B001900198EF
:10AFE000009000F009F800982C2105F09BFA02B0BF
:10AFF00080BD00000000000081B00090009801B00A
:10B0000070470000000000008BB00A908DED090A27
:10B01000CDED080A8DED071ACDED061A8DED052A46
:10B02000CDED042A8DED033ACDED023A8DED014AC6
:10B03000CDED004A0A980999016008994160079985
:10B0400081600699C1600599016104994161039984
:10B0500081610299C16101990162009941620BB05D
:10B06000704700000000000080B586B005908DEDAF
:10B07000040ACDED030A8DED021A01919DED040A3B
:10B08000DDED030A9DED021A019800F065FB06B0A4
:10B0900080BD00000000000087B0069005918DED96
:10B0A000040ACDED030A02929DED030A9DED041AF8
:10B0B00030EE410A8DED010A049800909DED050ADD
:10B0C000B8EEC00A9DED011A20EE010A0299012096
:10B0D0008840013801EE100AB8EEC11A80EE010A6C
:10B0E0009DED001A30EE010A07B070470000000025
:10B0F00080B58CB00B908DF82B108DF82A200B9812
:10B1000001906FF0407009904FF0FF30089002A856
:10B1100002F0B6F89DF82A0048B9FFE701989DF8BB
:10B120002B1000EB8100D0F8C400049021E09DF8C2
:10B130002A0001280BD1FFE701989DF82B1000EBA6
:10B140008100D0F8C40000F58070049010E09DF8F4
:10B150002A0002280BD1FFE701989DF82B1000EB85
:10B160008100D0F8C40000F500700490FFE7FFE70D
:10B17000FFE708208DF814000898099903910290C0
:10B1800000208DF81C008DF81D0002F075F8019963
:10B1900091F8181102689268904701680A6902A93B
:10B1A00090470CB080BD000080B586B0059004913A
:10B1B0000598019000208DF80F00FFE79DF80F0023
:10B1C000012877DCFFE7019A04988068B2F9C21081
:10B1D0009DF80F301A4492F8C4201144884262D17D
:10B1E000FFE70198049902910299097801F00F0C88
:10B1F00000F1D00200929DF80F100B01D15C01F01C
:10B20000F0016144D154029991F800C09DF80F10EB
:10B210000B01D15C0CF0F00C01F00F016144D15432
:10B2200002994B78897841EA03219DF80F3002EBAF
:10B2300003135980029BD9781B79090141EA131C39
:10B240009DF80F1002EB0113998801F470416144DD
:10B25000998002990B79497903F00F0341EA032C95
:10B260009DF80F1002EB0113D98801F4704161447D
:10B27000D980029989799DF80F3002EB0313197276
:10B280000299C9799DF80F3002EB031251729DF8B3
:10B290000F1000F0B5F801989DF80F100131C9B2F8
:10B2A00000F0DAFEFFE7FFE79DF80F0001308DF8B0
:10B2B0000F0083E706B080BD80B596B015908DF87D
:10B2C00053108DED130ACDED120A8DED111ACDED4F
:10B2D000101A8DED0F2A159802909DED130AD0EDEE
:10B2E0003C0A90ED3D1A1021FFF7BEFE0146029880
:10B2F000ADF83A109DED120AD0ED3E0A90ED3F1ADE
:10B300000C210191FFF7B0FE019902460298ADF8B9
:10B3100038209DED110AD0ED420A90ED431AFFF757
:10B32000A3FE019902460298ADF836209DED100A61
:10B33000D0ED440A90ED451AFFF796FE01990246BA
:10B340000298ADF834209DED0F0AD0ED400A90ED43
:10B35000411AFFF789FEADF832009DF83B008DF8E9
:10B360002A009DF83A008DF82B00BDF8380000093E
:10B370008DF82C00BDF838109DF8370040EA011018
:10B380008DF82D009DF836008DF82E00BDF83400A4
:10B3900000098DF82F00BDF834109DF8330040EA05
:10B3A00001108DF830009DF832008DF8310004A8AE
:10B3B000039001F065FF02989DF8531000EB8100A7
:10B3C000D0F8C400069008208DF81C00DDF82A0093
:10B3D000DDF82E100591049000208DF824008DF8E2
:10B3E000250001F049FF029991F81811026892684E
:10B3F0009047039902681269904716B080BD00001B
:10B4000080B58CB00B900A910B98009000F1F00180
:10B41000099100F1D00102910A9A01EB02114988C9
:10B42000099A92ED000AD2ED010A1022FFF734FECC
:10B4300000980299B7EEC00A00F1080203920A9B35
:10B4400003EBC30302EBC30383ED020B0A9B03EB85
:10B45000C30302EBC30292ED020B9FED6B1B20EEC8
:10B46000010B82ED000B0A9A01EB021189886FF340
:10B470001F31099A92ED020AD2ED030A0C220192C1
:10B48000FFF70AFE0098019A0299039BB7EEC00AE3
:10B49000DDF828C00CEBCC0C03EBCC0C8CED040BD2
:10B4A000DDF828C00CEBCC0C03EBCC0393ED040BC4
:10B4B0009FED571B20EE010B9FED571B80EE010BFC
:10B4C00083ED060B0A9B01EB0311C9886FF31F3153
:10B4D000099B93ED040AD3ED050AFFF7DDFD029AFF
:10B4E0000398B7EEC00A0A9901EBC10100EBC10154
:10B4F00081ED0A0B0A9902EB0112127A00EE102A72
:10B50000B8EE400B01EBC10100EBC10181ED0C0B6A
:10B510000A9901EBC10100EBC10191ED0E0B8DED1C
:10B52000060B0A9901EBC10100EBC10090ED000B85
:10B530008DED040B9DED040B9DED061B30EE410BD4
:10B540009FED371BB4EE410BF1EE10FA17DAFFE76F
:10B5500000989DED061B9FED380B30EE410B9DEDE5
:10B56000041B30EE011B0A9901EBC10100EBC10085
:10B5700090ED120B30EE010B80ED120B38E09DEDDB
:10B58000040B9DED061B30EE410B9FED271BB4EE27
:10B59000410BF1EE10FA17DDFFE700989DED040B6B
:10B5A0009FED231B30EE010B9DED061B30EE411B82
:10B5B0000A9901EBC10100EBC10090ED120B30EED6
:10B5C000010B80ED120B12E000989DED040B9DED38
:10B5D000061B30EE411B0A9901EBC10100EBC100D3
:10B5E00090ED120B30EE010B80ED120BFFE7FFE741
:10B5F00000989DED040B0A9901EBC10100EBC1001D
:10B6000080ED100B0CB080BDAE19661ADCA54C4065
:10B610000000000000004E40182D4454FB2119404A
:10B6200000000000008066C000000000008066404E
:10B6300000000000008076C000000000008076401E
:10B640002DE9F04F93B0009184462598DDF890B035
:10B65000DDF88CA0DDF88890DDF88480209F1F9EA7
:10B660001E9D1D9CDDF870E02699019100990099BE
:10B6700011900198CDF840B0CDF83CA0CDF83890AD
:10B68000CDF834800C970B960A950994CDF820E0FC
:10B69000CDF81CC0ADF81A10059204938DF80F0078
:10B6A000079802901290642100F00AFD029947F673
:10B6B000EC60C0F6020008300860BDF81A00A1F87E
:10B6C000C2000898099A0A9BDDF82CC0DDF830E02A
:10B6D0000D9CC1F80441C1F800E1C1F8FCC0C1F8FB
:10B6E000F830C1F8F420C1F8F0000E980F9A109BC2
:10B6F000DDF844C0C1F814C1C1F81031C1F80C2103
:10B70000C1F808019DF80F0081F8180100208DF89C
:10B710000E00FFE79DF80E00012818DCFFE70299F4
:10B7200005989DF80E20805C0A4482F8C4000498B5
:10B730009DF80E2050F8220001EB8201C1F8C800EC
:10B74000FFE79DF80E0001308DF80E00E2E7129839
:10B7500013B0BDE8F08F000080B586B08DED050A0E
:10B76000CDED040A8DED031A02909DED050ADDED85
:10B77000040A9DED031A00F027F88DED050A9DEDF2
:10B78000030A9DED041A30EE410A8DED010A02997B
:10B7900001208840013800909DED050A9DED041AB6
:10B7A00030EE410A9DED001AB8EEC11A20EE010AF2
:10B7B0009DED011A80EE010ABDEEC00A10EE100ADE
:10B7C00006B080BD0000000080B584B08DED020A97
:10B7D000CDED010A8DED001A9DED020A04F0ECF8A2
:10B7E00018B9FFE700200290FFE79DED020A9DEDEA
:10B7F000011AB4EE410AF1EE10FA03DAFFE70198FC
:10B8000003900FE09DED020A9DED001AB4EE410A8F
:10B81000F1EE10FA03DDFFE70098039002E00298D2
:10B820000390FFE79DED030A04B080BD0000000017
:10B830002DE9F04F9FB084462898CDF878C0ADF838
:10B8400076101C921B938DF86B001E980F90BDF81C
:10B8500076000B901C980C901B980D9010A89FEDF3
:10B86000290ADFED290A9FED291ADFED291ABAEE20
:10B87000022AF2EE022ADFED273A9FED274AF1EE87
:10B88000044AB0EE443AFFF7BFFB0B990C9A0D9BAC
:10B890009DF86B00DDF840C0119C129D139E149F13
:10B8A000DDF85480DDF85890DDF85CA0DDF860B07C
:10B8B000DDF864E0CDF838E0EE46CEF828000E98CA
:10B8C000CEF824000F98CEF820B0CEF81CA0CEF809
:10B8D0001890CEF81480CEF81070CEF80C60CEF828
:10B8E0000850CEF80440CEF800C0FFF7A9FE0F982C
:10B8F00047F6F861C0F60201083101601FB0BDE8EB
:10B90000F08F00BFD00F49C0D00F4940000048C29F
:10B91000000048420000FA43000000000000000060
:10B920008CB00B908DED080B8DED061B8DED042B6F
:10B930008DED023B8DED004B0B989DED080B80EDDE
:10B94000000B9DED060B80ED020B9DED040B80EDD1
:10B95000040B9DED020B80ED060B9DED000B80EDC1
:10B96000080B90ED081B9FED1E0B80EE010B80ED88
:10B970000A0B90ED001BB7EE000B80EE011B9FED54
:10B980001A2B81EE021B31EE011B9FED192B21EECC
:10B99000021B80ED0E1B90ED001B80EE011B80ED65
:10B9A0000C1B90ED021B90ED043B90ED062B81EEFD
:10B9B000031B21EE021B80ED101B90ED042B90ED7C
:10B9C000061B81EE021B80ED121B90ED001B80EE2A
:10B9D000010B80ED140B0CB0704700BF00BF00BF1F
:10B9E00000000000008076400000000000004E4093
:10B9F000182D4454FB21094080B584B00390029176
:10BA00000398009002988068ADF8060000208DF839
:10BA10000500FFE79DF80500032847DCFFE7009AD3
:10BA2000BDF80600B2F97A119DF805301A4492F873
:10BA3000A0211144884232D1FFE7009800F5C0717F
:10BA40009DF805E001EBCE03029AD2F800C05268DF
:10BA500041F83EC05A609DF8053031F8332012BAE3
:10BA6000120C21F833209DF8052001EBC2035A88FF
:10BA700012BA120C5A809DF8052001EBC20291887F
:10BA800009BA090C91809DF8051000F051F8009852
:10BA90009DF805100131C9B200F0EEFBFFE7FFE7AA
:10BAA0009DF8050001308DF80500B3E704B080BDB6
:10BAB00083B00290ADF80610009202999DF807003D
:10BAC00001F5D471009A01EB420202F8020CBDF8B4
:10BAD0000600009A01EB420101F8010C03B0704727
:10BAE00080B58AB009900998019003A8029001F0EE
:10BAF000C7FB0199D1F8A401059008208DF8180022
:10BB0000D1F8A801D1F8AC110491039000208DF870
:10BB100020008DF8210001F0AFFB01F00DFD02992E
:10BB20000268126990470AB080BD00000000000062
:10BB30008AB0099008910998009000F5E07107918A
:10BB400000F5C072089932F9313000EE103AB8EEC3
:10BB5000C00B079B93ED0A1B20EE010B08300190F0
:10BB600001EBC10100EBC10181ED000B089901EB74
:10BB7000C10100EBC10191ED000B9FED751B20EEA3
:10BB8000010B81ED020B089902EBC103B3F90230FE
:10BB900000EE103AB8EEC00B079B93ED0E1B20EEA3
:10BBA000010B01EBC10100EBC10181ED040B089910
:10BBB00002EBC103B3F9023000EE103AB8EEC00B4D
:10BBC000079B93ED0C1B20EE010B01EBC10100EB79
:10BBD000C10181ED060B089902EBC103B3F90430F2
:10BBE00000EE103AB8EEC00B079B93ED121B20EE4F
:10BBF000010B01EBC10100EBC10181ED080B0899BC
:10BC000002EBC103B3F9043000EE103AB8EEC00BFA
:10BC1000079B93ED101B20EE010B01EBC10100EB24
:10BC2000C10181ED0A0B089902EBC102927900EE85
:10BC3000102AB8EE400B01EBC10100EBC10181ED10
:10BC40000C0B089901EBC10100EBC10191ED0E0B4A
:10BC50008DED040B089901EBC10100EBC10090EDE3
:10BC6000000B8DED020B9DED020B9DED041B30EEE4
:10BC7000410B9FED391BB4EE410BF1EE10FA1ADACD
:10BC8000FFE700989DED041B9FED390B30EE410B53
:10BC90009DED021B30EE011B079991ED142B0899C5
:10BCA00001EBC10100EBC10090ED120BA1EE020B04
:10BCB00080ED120B3EE09DED020B9DED041B30EE7E
:10BCC000410B9FED271BB4EE410BF1EE10FA1ADD8C
:10BCD000FFE700989DED020B9FED231B30EE010B5B
:10BCE0009DED041B30EE411B079991ED142B089933
:10BCF00001EBC10100EBC10090ED120BA1EE020BB4
:10BD000080ED120B15E000989DED020B9DED041BDC
:10BD100030EE411B079991ED142B089901EBC101FD
:10BD200000EBC10090ED120BA1EE020B80ED120BA7
:10BD3000FFE7FFE700989DED020B089901EBC101B9
:10BD400000EBC10080ED100B0AB0704700BF00BFD0
:10BD5000172751A246DF913F00000000008066C017
:10BD6000000000000080664000000000008076C0F7
:10BD7000000000000080764080B588B00DF1280CEE
:10BD8000CDF804C00690ADF81610049203930698FF
:10BD900000900790642100F08FFA009847F6047134
:10BDA000C0F6020108310160BDF81610A0F87A1142
:10BDB00000F5D47001F064FA0098019900F5E07084
:10BDC0005822E4F783FC00208DF80B00FFE79DF874
:10BDD0000B0003280FDCFFE7009904989DF80B2067
:10BDE000805C114481F8A001FFE79DF80B00013051
:10BDF0008DF80B00EBE700990398C1F8A4010798B0
:10BE000008B080BD0000000080B5B8B03790ADF834
:10BE1000DA103592349337981690BDF8DA001790FF
:10BE200035981890349819901EA81A90B7EE000B08
:10BE30009FED151B9FED162BB3EE043B9FED164BAC
:10BE4000FFF76EFD1A99684658221B921C911D90AF
:10BE50001D981C991B9A51F8043B40F8043B043A86
:10BE60001B921C911D90F3D11698199B189A179943
:10BE7000FFF782FF169847F61071C0F602010831ED
:10BE8000016038B080BD00BF333333333333D33F29
:10BE9000000000000000D040000000000000C04092
:10BEA00082B001908DF8031001989DF8031001EB0A
:10BEB000C10100EBC10010ED080BB7EEC00B02B0E2
:10BEC000704700000000000082B001908DF8031060
:10BED00001989DF8031001EBC10100EBC10010EDCA
:10BEE000100BB7EEC00B02B070470000000000005E
:10BEF00082B001908DF8031001989DF8031001EBBA
:10BF0000C10100EBC10010ED0E0BB7EEC00B02B08B
:10BF1000704700000000000080B586B004908DF8E6
:10BF20000F108DF80E20049802909DF80F00012844
:10BF300039DBFFE79DF80F00022834DCFFE70298A9
:10BF4000983001909DF80F1001EB810100EB81000A
:10BF50001438FEF795FA01989DF80F1001EB810156
:10BF600000EB81001438FEF797FA01989DF80F1046
:10BF700001EB810100EB8100143801F06DFEB0FA95
:10BF800080F040098DF80D009DF80E009DF80D1011
:10BF900001F0010100F0E0F99DF80D0000F0010052
:10BFA0008DF8170003E000208DF81700FFE79DF8DB
:10BFB000170006B080BD000082B001908DF803101C
:10BFC00001989DF8031001EBC10100EBC10090ED59
:10BFD000000BB7EEC00B02B070470000000000007D
:10BFE00082B001908DF8031001989DF8031001EBC9
:10BFF000C10100EBC10010ED040BB7EEC00B02B0A5
:10C00000704700000000000082B001908DF803101E
:10C0100001989DF8031001EBC10100EBC10010ED88
:10C020000A0BB7EEC00B02B0704700000000000022
:10C0300082B001908DF8031001989DF8031001EB78
:10C04000C10100EBC10010ED0C0BB7EEC00B02B04C
:10C05000704700000000000080B584B003908DF8A8
:10C060000B10039801909DF80B00012810DBFFE7EF
:10C070009DF80B0002280BDCFFE701989DF80B10E0
:10C0800001EB810100EB81008430FEF739FAFFE714
:10C0900004B080BD0000000082B001908DF8031054
:10C0A00001989DF8031001EBC10100EBC10010EDF8
:10C0B000060BB7EEC00B02B0704700000000000096
:10C0C00080B58EB00C900B910C9802900D9047F6B5
:10C0D0001C71C0F6020101F10802014641F8C02BB3
:10C0E000983003910490FFE704980190FEF724FA3A
:10C0F0000198039A00F11401084691420490F3D18B
:10C10000FFE70299002081F8C0000A90FFE70A9833
:10C11000012820DCFFE70B9905A8FEF7FDF902983E
:10C120000A9901EB810100EB81010598069A079BB2
:10C13000DDF820C0DDF824E0C1F8A8E0C1F8A4C013
:10C14000C1F8A030C1F89C20C1F89800FFE70A9818
:10C1500001300A90DBE70D980EB080BD00000000B2
:10C1600082B001908DF8031001989DF8031001EB47
:10C17000C10100EBC10010ED080BB7EEC00B02B01F
:10C18000704700000000000082B001908DF803109D
:10C1900001989DF8031001EBC10100EBC10010ED07
:10C1A000100BB7EEC00B02B070470000000000009B
:10C1B00082B001908DF8031001989DF8031001EBF7
:10C1C000C10100EBC10010ED0E0BB7EEC00B02B0C9
:10C1D000704700000000000082B001908DF803104D
:10C1E00001989DF8031001EBC10100EBC10090ED37
:10C1F000000BB7EEC00B02B070470000000000005B
:10C2000082B001908DF8031001989DF8031001EBA6
:10C21000C10100EBC10010ED040BB7EEC00B02B082
:10C22000704700000000000082B001908DF80310FC
:10C2300001989DF8031001EBC10100EBC10010ED66
:10C240000A0BB7EEC00B02B0704700000000000000
:10C2500082B001908DF8031001989DF8031001EB56
:10C26000C10100EBC10010ED0C0BB7EEC00B02B02A
:10C27000704700000000000080B584B003908DF886
:10C280000B10039801909DF80B00012811DBFFE7CC
:10C290009DF80B0004280CDCFFE701989DF80B10BB
:10C2A00001EB810100EB810000F58A70FEF728F9AF
:10C2B000FFE704B080BD000080B58EB00C900B91FC
:10C2C0000C9902910D9147F62870C0F602000830D3
:10C2D000086001F5947001F5BC7103910490FFE7CB
:10C2E00004980190FEF728F90198039A00F11401CF
:10C2F000084691420490F3D1FFE70299002081F8AB
:10C3000078010A90FFE70A98032820DCFFE70B99E1
:10C3100005A8FEF701F902980A9901EB810100EBEB
:10C3200081010598069A079BDDF820C0DDF824E01E
:10C33000C1F838E1C1F834C1C1F83031C1F82C215D
:10C34000C1F82801FFE70A9801300A90DBE70D9851
:10C350000EB080BD0000000080B582B08DF80700EF
:10C360008DF806109DF80700012805DBFFE79DF812
:10C370000700092801DBFFE755E041F63000C2F273
:10C3800000400078C00770B9FFE742F66460C2F26F
:10C3900000400421F0F7F0FC41F63001C2F2004108
:10C3A00001200870FFE741F63100C2F2004000783A
:10C3B0008DF805009DF80700411E012088408DF88A
:10C3C00004009DF80600C00750B1FFE79DF8042067
:10C3D00041F63101C2F2004108789043087009E04B
:10C3E0009DF8042041F63101C2F200410878104363
:10C3F0000870FFE741F63100C2F2004000789DF876
:10C40000051088420FD0FFE741F63100C2F200402C
:10C410000078002818BF7D2042F66461C2F2004116
:10C4200009688863FFE702B080BD000000000000DB
:10C4300080B588B0079007980090D0F82E1006912C
:10C44000D0F832100591D0F836100491D0F83A1097
:10C450000391D0F83E100291D0F8420001909DED7A
:10C46000060A03F0A9FAB0B3FFE79DED030A03F053
:10C47000A3FA80B3FFE79DED050A03F09DFA50B3E0
:10C48000FFE79DED040A03F097FA20B3FFE79DED67
:10C49000020A03F091FAF0B1FFE79DED010A03F003
:10C4A0008BFAC0B1FFE79DED060A03F079FA9FED24
:10C4B000181AB4EE410AF1EE10FA0CDCFFE79DED1C
:10C4C000030A03F06DFA9FED131AB4EE410AF1EE80
:10C4D00010FA01DDFFE718E0009906980865059855
:10C4E0008865049808660398C864029848650198AE
:10C4F000C86591F82D0081F86400EBF715FF0099ED
:10C500008866012081F86500FFE708B080BD00BFA4
:10C51000DB0FC940DB0FC93F80B58AB00990089195
:10C5200007920998049000200690FFE70698079963
:10C53000884280F0AB80FFE7049B08980699405C36
:10C5400093F848209918013283F8482081F82B008D
:10C55000FFE7049890F8481000200129039008DBB9
:10C56000FFE7049890F82B00533818BF0120039080
:10C57000FFE70398C00770B1FFE7049B03F12B00AE
:10C5800003F12C0193F84820013A83F84820D2B2F5
:10C59000E4F75AF8DDE7FFE7049890F84810002028
:10C5A0000229029008DBFFE7049890F82C0050382D
:10C5B00018BF01200290FFE70298C00788B3FFE789
:10C5C000049B03F12B0003F12C0193F84820013A5E
:10C5D00083F84820D2B2E4F737F8FFE7049890F8E0
:10C5E000481000200129019008DBFFE7049890F82B
:10C5F0002B00533818BF01200190FFE70198C007B6
:10C6000070B1FFE7049B03F12B0003F12C0193F8B9
:10C610004820013A83F84820D2B2E4F715F8DDE764
:10C62000BAE7049890F848001D282AD1FFE7049A39
:10C6300002F12B0092F8461092F8472041EA0221BD
:10C64000ADF816101B2100F097F8BDF816108842BF
:10C6500008D1FFE70498FFF7EBFE0499002081F86A
:10C6600048000DE0049B03F12B0003F12C0193F82B
:10C670004820013A83F84820D2B2E3F7E5FFFFE70C
:10C68000FFE7FFE70698013006904FE70AB080BD4C
:10C6900080B58CB00DF1140CCDF800C08446009824
:10C6A000CDF82CC00A9180ED040AC0ED030A80ED9C
:10C6B000021AC0ED011A80ED002AADF812208DF8A3
:10C6C00011300B98019041F69C70C2F20040D0F8F6
:10C6D000BC020390039828B1FFE70398D0F8140236
:10C6E00008B1FFE743E001985321017050214170E8
:10C6F0009DF811108170DDF828C0DCF80010DCF81E
:10C700000420DCF80830DCF80CC0C0F80FC0C0F81A
:10C710000B30C0F80720C0F803100999C0F81310B7
:10C720000899C0F817100799C0F81B100699C0F8AF
:10C730001F100599C0F823109DF8121080F82710DB
:10C740009DF8131080F82810292100F015F80146F3
:10C750000198ADF80A109DF80A1080F829109DF88C
:10C760000B1080F82A102B21E5F7FAFFFFE70CB039
:10C7700080BD00000000000084B003908DF80B1015
:10C780004FF6FF70ADF8080000208DF80700FFE7B6
:10C790009DF807009DF80B10884235DAFFE70398F3
:10C7A0009DF80710415CBDF808004840ADF808004E
:10C7B00000208DF80600FFE79DF8060007281CDC26
:10C7C000FFE7BDF80800C00740B1FFE7BDF808105B
:10C7D00048F2084080EA5100009004E0BDF80800EB
:10C7E00040080090FFE70098ADF80800FFE79DF8CB
:10C7F000060001308DF80600DEE7FFE79DF8070030
:10C8000001308DF80700C3E7BDF8080004B0704799
:10C8100080B584B00390039802900021019180F8C4
:10C820004810C164016541658165C165016680F894
:10C83000641080F8651081662B21E3F781FF019970
:10C84000029880F84710C0F84310C0F83F10C0F8B5
:10C850003B10C0F83710C0F83310C0F82F10C0F8E4
:10C860002B1004B080BD000080B586B00490039109
:10C87000049801900398006820B1FFE7039880882E
:10C8800020B9FFE700208DF8170014E001984068F8
:10C89000039A11689288F2F70BFA8DF80B009DF855
:10C8A0000B0020B9FFE701208DF8170003E00020FE
:10C8B0008DF81700FFE79DF8170006B080BD000057
:10C8C00080B584B0039002910398406802990122D8
:10C8D0006423F2F711F98DF807009DF80700B0FA0C
:10C8E00080F0400904B080BD80B586B0049003910B
:10C8F000049801900398006820B1FFE703988088AE
:10C9000020B9FFE700208DF8170014E00198406877
:10C91000039A11689288F2F70FFB8DF80B009DF8CF
:10C920000B0020B9FFE701208DF8170003E000207D
:10C930008DF81700FFE79DF8170006B080BD0000D6
:10C9400080B582B001908DF80310019840680DF118
:10C95000030101226423F2F753FA8DF802009DF8D7
:10C960000200B0FA80F0400902B080BD0000000073
:10C9700080B584B0039002910398019040680068EC
:10C98000C06900F008010020B0EBD10F0CD0FFE728
:10C99000019841680A68082111624068029A11688A
:10C9A0009288F0F795FBFFE704B080BD000000001F
:10C9B00080B586B0049003910498019003980068B4
:10C9C00020B1FFE70398808820B9FFE700208DF8A9
:10C9D000170014E001984068039A11689288F0F7F4
:10C9E00077FB8DF80B009DF80B0020B9FFE70120C5
:10C9F0008DF8170003E000208DF81700FFE79DF881
:10CA0000170006B080BD000080B584B000910146DB
:10CA10000098039102900399019101F019FE30B141
:10CA2000FFE7009901980C3003F03EF9FFE704B0EE
:10CA300080BD00000000000080B586B00590049124
:10CA400005980C300390039803F0FEF802900398C9
:10CA500003F0EEF80190FFE702A801A903F0A4FC9F
:10CA600098B1FFE702A801F0CBFA0090009801F01E
:10CA7000EFFD28B1FFE70098049901F0DDFDFFE725
:10CA8000FFE702A802F02CF9E6E706B080BD00003F
:10CA900081B0009001B0704781B0009001B0704744
:10CAA00080B586B0049003910498019003980068C3
:10CAB00020B1FFE70398808820B9FFE700208DF8B8
:10CAC000170014E001984068039A11689288F2F701
:10CAD0003FF98DF80B009DF80B0020B9FFE701200E
:10CAE0008DF8170003E000208DF81700FFE79DF890
:10CAF000170006B080BD000080B586B00490039199
:10CB0000049801900398006820B1FFE7039880889B
:10CB100020B9FFE700208DF8170010E00198406869
:10CB2000039A11689288F2F78BFA8DF80B009DF842
:10CB30000B00B0FA80F040098DF81700FFE79DF870
:10CB4000170006B080BD000080B584B0039002914C
:10CB50000398019000F038F8019847F63471C0F658
:10CB600002010831016002994160002101724172A5
:10CB70008172C1720C3003F0B3F8019804B080BD2B
:10CB800080B582B001900198009000F009F80098FB
:10CB9000182103F0C7FC02B080BD000000000000B7
:10CBA00080B582B001900198009047F63471C0F6CC
:10CBB0000201083140F80C1B03F0A6F8009800F0C1
:10CBC00013F8009802B080BD81B00090009847F63D
:10CBD0007871C0F602010831016001B070470000B1
:10CBE00081B00090FEDE000081B00090009801B09E
:10CBF000704700000000000080B500F06DF880BDB7
:10CC000084B002908DF80710029800909DF80700FC
:10CC1000032810D8FFE700989DF8071000EB81006B
:10CC2000806840B1FFE700989DF8071000EB810095
:10CC30008068039003E0009818300390FFE70398A2
:10CC400004B070470000000084B003908DF80B1012
:10CC50000192039800909DF80B0003280BD8FFE782
:10CC6000019840B1FFE7009901989DF80B2001EB76
:10CC700082018860FFE704B07047000000000000F8
:10CC800080B584B003900398019000200290FFE7E4
:10CC9000029803281DD8FFE70198029900EB810054
:10CCA000806888B1FFE7019808300090029950F839
:10CCB00021000168896888470098029950F821008E
:10CCC0000168C9688847FFE7FFE7029801300290D2
:10CCD000DEE704B080BD000080B582B041F268702C
:10CCE000C2F200400078BFF35F8FC00708BBFFE7C8
:10CCF00041F26870C2F2004008F074FAC8B1FFE770
:10CD000041F63400C2F20040019000F02DF8019984
:10CD10004CF64960C0F6010040F20002C0F6000285
:10CD2000E3F748FC41F26870C2F2004008F070FA84
:10CD3000FFE741F63400C2F200400079C00758B95D
:10CD4000FFE741F63400C2F200400090FFF798FF81
:10CD5000009901200871FFE741F63400C2F200405B
:10CD600002B080BD0000000080B58AB0089008982D
:10CD70000590099000F0B0F8059947F6BC70C0F630
:10CD800002000830086000200871886001F10C0082
:10CD9000183106910790FFE70799069A002041F89D
:10CDA000040B084691420790F6D1FFE7059818302A
:10CDB000019042F64871C2F20041FFF7C5FE0598A6
:10CDC0003030029043F29811C2F20041FFF7BCFEEE
:10CDD00005984830039043F22C21C2F20041FFF73E
:10CDE000B3FE05986030049042F6DC71C2F2004157
:10CDF000FFF7AAFE0598019A0021FFF725FF029A86
:10CE000005980121FFF720FF039A05980221FFF7FB
:10CE10001BFF0598049A0321FFF716FF09980AB033
:10CE200080BD00000000000080B582B00190019834
:10CE3000009000F009F80098782103F073FB02B02D
:10CE400080BD00000000000080B584B0039003980E
:10CE5000029047F6BC71C0F6020101F108020146DA
:10CE600041F8182B01916030FFF79AFE0298483084
:10CE7000FFF796FE02983030FFF792FE0198FFF719
:10CE80008FFE029800F038F8029804B080BD0000D0
:10CE900080B582B00190019801688A6803219047AB
:10CEA00002B080BD0000000080B582B00190019802
:10CEB00001688A680121904702B080BD000000002F
:10CEC00080B582B00190019801688A68022190477C
:10CED00002B080BD0000000081B00090009847F6CD
:10CEE000D471C0F602010831016001B07047000042
:10CEF00081B00090FEDE000081B00090009801B08B
:10CF0000704700000000000080B58EB00D900D98B5
:10CF10000490406808B9FFE72AE0049800210191D5
:10CF200005918168069102210791C06800F058FBC5
:10CF3000019902460498089209910A91406805A94E
:10CF4000E9F7E6FE049841680391C06800F03CFBF5
:10CF5000014604980291C06800F036FB029902462F
:10CF60000398EC460123CCF80030E9F75DFFFFE7BA
:10CF70000EB080BD0000000080B584B00091014675
:10CF80000098039102900399019101F075FB30B173
:10CF9000FFE700990198103003F02EF8FFE704B086
:10CFA00080BD00000000000080B586B005900491AF
:10CFB000059810300390039802F0EEFF029003985A
:10CFC00002F0DEFF0190FFE702A801A903F00CFACE
:10CFD00098B1FFE702A801F023F80090009801F053
:10CFE0004BFB28B1FFE70098049901F039FBFFE7FC
:10CFF000FFE702A801F084FEE6E706B080BD00006E
:10D0000080B582B001900198FFF77EFF02B080BD2D
:10D0100080B58EB00C900B910C980190406820B9AF
:10D02000FFE700208DF837002EE00B988068029013
:10D030000B98007D00F00100002818BF4FF08040E1
:10D0400003900B98407D00F00100002818BF4FF0BE
:10D05000005004900B98007B00F0CEF80146019838
:10D060000591002106910791089109910B99097C7E
:10D070000A9140680B9A02A9E9F7DAFDB0FA80F04C
:10D0800040098DF83700FFE79DF837000EB080BDEE
:10D0900080B584B0039003980290406808B9FFE718
:10D0A0000FE002984068EAF7E7FE029841680191B4
:10D0B000C06800F07DFA014601980022E9F738FDCA
:10D0C000FFE704B080BD000080B58EB00C900B91DE
:10D0D0000C980090406838B1FFE700994868C9682B
:10D0E000E9F7DEFE20B9FFE700208DF8370030E0D9
:10D0F00000994868C9680B9B01AAE9F7EDFE20B1C9
:10D10000FFE700208DF8370023E001A800F06CF85D
:10D110000B998860049800F083F8014600980B9AF8
:10D120001173029901F14041B1FA81F149090B9A59
:10D130001175039901F16041B1FA81F149090B9A26
:10D1400051750B990268126A904701208DF83700DB
:10D15000FFE79DF837000EB080BD00000000000022
:10D1600080B586B0059004910392029305980190D2
:10D1700000F06AF8019847F6EC71C0F60201083138
:10D18000016004994160039981600299C160103087
:10D1900002F04EFF019806B080BD000000000000C4
:10D1A00080B582B001900198009000F009F80098D5
:10D1B0001C2103F0B7F902B080BD000000000000A0
:10D1C00080B582B001900198009047F6EC71C0F6EE
:10D1D0000201083140F8101B02F03EFF009800F0F9
:10D1E00043F8009802B080BD81B0009000980068BC
:10D1F00001B070470000000082B08DF803009DF878
:10D200000300092803DBFFE70820019003E09DF8F5
:10D2100003000190FFE7019802B070470000000092
:10D2200082B000900098092804D3FFE700208DF811
:10D23000070003E000988DF80700FFE79DF807005E
:10D2400002B070470000000081B00090009848F2E2
:10D250001801C0F602010831016001B070470000FA
:10D2600081B00090FEDE000081B00090009801B017
:10D27000704700000000000080B500F08DF880BD10
:10D2800085B00390039801460091049000F10801D5
:10D2900001910290FFE70299019A002001F8010B29
:10D2A000084691420290F6D1FFE70099002088607D
:10D2B0000873086108754875049805B07047000048
:10D2C00084B002908DF80710029800909DF8070036
:10D2D000022810D8FFE700989DF8071000EB8100A6
:10D2E000806840B1FFE700989DF8071000EB8100CF
:10D2F0008068039003E0009814300390FFE70398E0
:10D3000004B070470000000084B003908DF80B104B
:10D310000192039800909DF80B0002280BD8FFE7BC
:10D32000019840B1FFE7009901989DF80B2001EBAF
:10D3300082018860FFE704B0704700000000000031
:10D3400080B584B003900398019000200290FFE71D
:10D35000029802281DD8FFE70198029900EB81008E
:10D36000806888B1FFE7019808300090029950F872
:10D3700021000168896888470098029950F82100C7
:10D380000168C9688847FFE7FFE70298013002900B
:10D39000DEE704B080BD000080B582B041F26C7061
:10D3A000C2F200400078BFF35F8FC00708BBFFE701
:10D3B00041F26C70C2F2004007F014FFC8B1FFE701
:10D3C00041F6AC00C2F20040019000F02DF8019946
:10D3D0004DF2F940C0F6010040F20002C0F6000232
:10D3E000E3F7E8F841F26C70C2F2004007F010FF7A
:10D3F000FFE741F6AC00C2F200400079C00758B91F
:10D40000FFE741F6AC00C2F200400090FFF798FF42
:10D41000009901200871FFE741F6AC00C2F200401C
:10D4200002B080BD0000000080B58AB00890089866
:10D430000590099000F0A4F8059948F24400C0F660
:10D4400002000830086000200871886001F10C00BB
:10D45000143106910790FFE70799069A002041F8DA
:10D46000040B084691420790F6D1FFE70598143067
:10D47000029042F2A071C2F20041002201924023C8
:10D480000093FFF76DFE0598009B019A30300390E2
:10D4900042F64001C2F20041FFF762FE0598009B90
:10D4A000019A4C30049042F6E001C2F20041FFF7CD
:10D4B00057FE05980199029AFFF726FF039A0598EF
:10D4C0000121FFF721FF0598049A0221FFF71CFFB5
:10D4D00009980AB080BD000080B582B00190019823
:10D4E000009000F009F80098682103F01BF802B0E2
:10D4F00080BD00000000000080B584B00390039858
:10D50000029048F24401C0F6020101F1080201460E
:10D5100041F8142B01914C30FFF752FE0298303045
:10D52000FFF74EFE0198FFF74BFE029800F038F827
:10D53000029804B080BD000080B582B001900198CF
:10D5400001688A680021904702B080BD0000000099
:10D5500080B582B00190019801688A6801219047E6
:10D5600002B080BD0000000080B582B0019001983B
:10D5700001688A680221904702B080BD0000000067
:10D5800081B00090009848F25C01C0F602010831B9
:10D59000016001B07047000081B00090FEDE000025
:10D5A00081B00090009801B07047000000000000BA
:10D5B00081B0009000990120412908BF102001B0DE
:10D5C000704700000000000081B0009000984138D2
:10D5D000B0FA80F0400901B0704700000000000080
:10D5E00081B0009000990120412908BF022001B0BC
:10D5F000704700000000000082B001908DF8031019
:10D60000019991F85120002001F8320091F8512041
:10D6100001EBC20250609DF80320012001F83200A6
:10D620009DF8030081F8510002B07047000000002F
:10D6300081B00090009890F8510001B07047000050
:10D6400081B00090009890F8511000EBC10148683B
:10D650000130486001B0704784B003908DF80B1022
:10D660008DF80A20039900919DF80B0081F8500075
:10D670009DF80A0081F8510000200190FFE7009911
:10D68000019891F8501088420EDAFFE70099019A4C
:10D69000002001F83200019A01EBC2014860FFE767
:10D6A000019801300190EAE700999DF80A200120D5
:10D6B00001F8320004B0704781B00090009800215A
:10D6C00080F8511001B0704781B0009000988088B8
:10D6D00001B070470000000084B0029001910298F0
:10D6E0000090C079C00720B9FFE74FF0FF300390EA
:10D6F00005E0009901988968401A0390FFE70398B4
:10D7000004B070470000000081B00090009840888D
:10D7100001B070470000000081B000900098C0790F
:10D7200000F0010001B0704781B0009000980088BF
:10D7300001B070470000000081B000900098407870
:10D7400000F0010001B0704781B000900098007BAC
:10D7500000F0010001B0704781B00090009890F88F
:10D76000280000F0010001B0704700000000000038
:10D7700081B000900098008E01B07047000000005A
:10D7800080B582B00190019800F00AF802B080BD27
:10D7900081B000900098007C00F0010001B070475B
:10D7A00081B00090009890F8290000F0010001B0CD
:10D7B000704700000000000081B0009000980078E1
:10D7C00001B070470000000080B584B003908DED7B
:10D7D000020A039890ED181A90ED1A0A30EE410AE9
:10D7E00002F0DEF800209FED0E1AB4EE410AF1EED1
:10D7F00010FA01900FDCFFE79DED020A02F0D0F86D
:10D800009FED081A0020B4EE410AF1EE10FAD8BFDD
:10D8100001200190FFE7019800F0010004B080BDF5
:10D82000000048420000964381B00090009890EDBF
:10D83000180A90ED1B1A9FED042A30EE020A30EE12
:10D84000410A01B0704700BF00403FC50000000022
:10D8500083B00190009100988078C007B8B1FFE7CD
:10D860000098407DC00770B1FFE70098807DC00739
:10D8700048B1FFE70098007DC00720B1FFE7032013
:10D880008DF80B0085E001208DF80B0081E00098F9
:10D890000078022809D1FFE700984078022804D1D7
:10D8A000FFE700208DF80B0073E000980078022855
:10D8B00009D1FFE700984078032804D1FFE7012051
:10D8C0008DF80B0065E000980078032809D1FFE788
:10D8D00000984078022804D1FFE701208DF80B0062
:10D8E00057E000980078022809D1FFE700984078B7
:10D8F000012804D1FFE701208DF80B0049E00098D2
:10D900000078012809D1FFE700984078022804D167
:10D91000FFE701208DF80B003BE00098007803281A
:10D9200009D1FFE700984078012804D1FFE70120E2
:10D930008DF80B002DE000980078012809D1FFE751
:10D9400000984078032804D1FFE701208DF80B00F0
:10D950001FE000980078012817D1FFE70098407871
:10D96000012812D1FFE70098407DC00748B1FFE7CA
:10D970000098807DC00720B1FFE703208DF80B00E1
:10D9800007E001208DF80B0003E000208DF80B006C
:10D99000FFE79DF80B0003B0704700000000000097
:10D9A00084B003908DED020A0398009002990191D2
:10D9B00090F86D0070B3FFE7009890F86E0048BBD8
:10D9C000FFE7FFE79DED010A9FED271AB4EE410A3C
:10D9D000F1EE10FA09DBFFE79DED010A9FED251A34
:10D9E00030EE010A8DED010AECE7FFE79DED010A3B
:10D9F0009FED1E1AB4EE410AF1EE10FA09DAFFE7C4
:10DA00009DED010A9FED1A1A30EE010A8DED010A13
:10DA1000ECE7FFE7009890F86C0000B3FFE7009890
:10DA20009DED010A90ED1A1AB4EE410AF1EE10FADA
:10DA300004DDFFE70098806E01900FE000989DEDF7
:10DA4000010A90ED191AB4EE410AF1EE10FA04DA67
:10DA5000FFE70098406E0190FFE7FFE7FFE79DEDCD
:10DA6000010A04B0704700BFDB0F4940DB0F49C01B
:10DA7000DB0FC940DB0FC9C081B00090009890F85F
:10DA80007C0001B07047000081B00090009890F8D1
:10DA90007F0001B07047000081B00090009890EDC9
:10DAA0001D0A01B07047000081B00090009890ED11
:10DAB0001C0A01B07047000085B004908DED030A88
:10DAC000CDED020A8DED011A9DED030A00209FEDB8
:10DAD000131AB4EE410AF1EE10FA009019DBFFE7D9
:10DAE0009DED020A00209FED0D1AB4EE410AF1EE01
:10DAF00010FA00900DDBFFE79DED010A9FED071A7C
:10DB00000020B4EE410AF1EE10FAA8BF0120009007
:10DB1000FFE7009800F0010005B0704700B08145B4
:10DB200086B004908DF80F1004980190807CC00797
:10DB300028B1FFE79DF80F00C00738B1FFE7019853
:10DB4000807C00F001008DF817002AE0019890ED2C
:10DB5000060ABAEE0E1A30EE010A8DED020A9DEDAC
:10DB6000020A0020B5EE400AF1EE10FA009012DD34
:10DB7000FFE7019890ED001A90ED050A30EE010ADA
:10DB80009DED021A0020B4EE410AF1EE10FAD8BF62
:10DB900001200090FFE7009800F001008DF81700C9
:10DBA000FFE79DF8170006B0704700000000000076
:10DBB00081B000900098007C00F0010001B0704737
:10DBC00083B002900298009090ED000A00209FED33
:10DBD000191AB4EE410AF1EE10FA019024DDFFE7C4
:10DBE000009890ED010A00209FED121AB4EE410A50
:10DBF000F1EE10FA019017DDFFE7009890ED020AB0
:10DC00000020B5EE400AF1EE10FA01900CDBFFE7C0
:10DC1000009890ED030A0020B5EE400AF1EE10FAEC
:10DC2000A8BF01200190FFE7019800F0010003B0B8
:10DC3000704700BF6F12833A81B00090009890ED5A
:10DC4000050A01B07047000081B00090009890ED87
:10DC5000020A01B07047000081B00090009800698E
:10DC600001B070470000000081B00090009890ED76
:10DC70000B0A01B07047000081B00090009890ED51
:10DC80000C0A01B07047000081B000900098B0F914
:10DC9000160001B07047000081B000900098B0F904
:10DCA000180001B07047000081B000900098B0F9F2
:10DCB0001A0001B07047000086B0059004910392ED
:10DCC0008DF80B300020ADF808000399C9080191C8
:10DCD000039901F007018DF803108DF80200FFE7AA
:10DCE0009DF802009DF80B1088422DDAFFE704989A
:10DCF0000199405C9DF80310C84000F001008DF8C8
:10DD000001009DF801009DF8021000FA01F1BDF834
:10DD100008000843ADF808009DF8030001308DF8B5
:10DD200003009DF80300082807D1FFE700208DF8C5
:10DD30000300019801300190FFE7FFE79DF8020022
:10DD400001308DF80200CBE7BDF8080006B070473F
:10DD500082B001908DF803109DF80300002818BFD1
:10DD6000012002B07047000081B00090009890ED53
:10DD70000D0A01B07047000081B00090009890ED4E
:10DD80000E0A01B07047000081B00090009890ED3D
:10DD90000F0A01B07047000081B000900098008D1C
:10DDA00001B070470000000082B001908DF80310B0
:10DDB0008DF802209DF803009DF8021040EA012032
:10DDC00000B202B07047000081B000900098007F60
:10DDD000002818BF012001B07047000000000000BB
:10DDE00081B000900098407F002818BF012001B04A
:10DDF000704700000000000080B584B00390ADF8CB
:10DE00000A10BDF80A00ADF808004FF4B670ADF87E
:10DE1000060002A80DF1060101F05EFC40F29461DB
:10DE2000ADF8041001A901F09FFCB0F9000004B0A6
:10DE300080BD00000000000081B000900098807A52
:10DE400001B070470000000081B000900098C07AD7
:10DE500001B070470000000081B00090009890ED84
:10DE6000140A01B07047000080B584B00390039895
:10DE7000019090F865100020C907029061B1FFE79A
:10DE8000EAF752FA0199896E411A0020B1F57A7FBA
:10DE900038BF01200290FFE7029800F0010004B0B3
:10DEA00080BD00000000000081B00090009890ED5F
:10DEB000130A01B07047000081B00090009890F8FC
:10DEC000650000F0010001B0704700000000000094
:10DED00081B00090009890ED160A01B070470000E4
:10DEE00081B00090009890ED180A01B070470000D2
:10DEF00081B000900098406801B0704700000000B9
:10DF000084B003908DF80B10039800909DF80B10CF
:10DF10000020032901900BD8FFE700989DF80B1013
:10DF200000EB81008068002818BF01200190FFE706
:10DF3000019800F0010004B07047000000000000EC
:10DF400081B000900098406801B070470000000068
:10DF500084B003908DF80B10039800909DF80B107F
:10DF60000020022901900BD8FFE700989DF80B10C4
:10DF700000EB81008068002818BF01200190FFE7B6
:10DF8000019800F0010004B070470000000000009C
:10DF900080B582B001900091019882680099904705
:10DFA00002B080BD0000000081B000900098C06801
:10DFB000017A0120884301B0704700000000000092
:10DFC00080B582B0019000910198826800999047D5
:10DFD00002B080BD0000000081B000900098C068D1
:10DFE000017A0120884301B0704700000000000062
:10DFF00081B000900098006801B0704700000000F8
:10E0000081B000900098006801B0704700000000E7
:10E0100081B000900098006801B0704700000000D7
:10E0200081B000900098006801B0704700000000C7
:10E0300080B582B001900198009000F009F8009935
:10E0400000680968401A001102B080BD000000009D
:10E0500080B582B0019001980C3000F069F802B0F0
:10E0600080BD00000000000080B582B001900198E2
:10E07000009000F009F8009900680968401A001142
:10E0800002B080BD0000000080B582B00190019810
:10E090000C3000F065F802B080BD00000000000008
:10E0A00081B000900098406801B070470000000007
:10E0B00082B001900198406800900098103800905C
:10E0C00002B070470000000080B582B00190019856
:10E0D000FFF7EEFF02B080BD81B00090009840686D
:10E0E00001B070470000000082B0019001984068C4
:10E0F000009000981038009002B0704700000000B7
:10E1000080B582B001900198FFF7EEFF02B080BDAC
:10E1100080B582B00190019800F03AF802B080BD5D
:10E1200080B582B00190019800F022F802B080BD65
:10E1300080B582B00190019800F02AF802B080BD4D
:10E1400080B582B00190019800F02AF802B080BD3D
:10E1500080B582B00190019800F012F802B080BD45
:10E1600080B582B00190019800F01AF802B080BD2D
:10E1700081B00090009801B07047000000000000DE
:10E1800081B00090009801B07047000000000000CE
:10E1900081B00090009801B07047000000000000BE
:10E1A00081B00090009801B07047000000000000AE
:10E1B00083B0029001910092019890ED000A0098BE
:10E1C00090ED001A0020B4EE410AF1EE10FAB8BF4B
:10E1D000012003B07047000083B0029001910092CB
:10E1E00001980168009802680020914238BF012020
:10E1F00003B070470000000083B0029001910092CC
:10E200000198B0F900100098B0F900200020914268
:10E21000B8BF012003B0704780B588B00690059163
:10E220000698019000F0E0F804900598049988425F
:10E2300003D9FFE7019800F08FF8019800F0C4F8C7
:10E24000039003980499B0EB510F03D3FFE70498B0
:10E25000079009E003984000029002A805A901F088
:10E2600017FA00680790FFE7079808B080BD000024
:10E2700080B58AB0099008910998079000F080F85D
:10E2800001460798049100F07BF801460798029137
:10E2900000F09AF802990246079801EB02110591E5
:10E2A00000F06EF801460798039100F08DF803998D
:10E2B0000246079801EB0211069100F061F80499FB
:10E2C000059A069B84460798DDF820E00CEB0E1CAF
:10E2D000EE46CEF800C000F047F80AB080BD00005E
:10E2E00080B58AB009900998089000F049F8014675
:10E2F0000898059100F044F801460898029100F052
:10E3000063F802990246089801EB0211069100F0A9
:10E3100037F801460898039100F03EF80399024649
:10E32000089801EB0211079100F02AF801460898BD
:10E33000049100F049F8DDF810C00599069A079B92
:10E34000864608980CEB0E1CEE46CEF800C000F096
:10E350000BF80AB080BD000082B0019048F2112095
:10E36000C0F6020000F0F8FF84B0DDF810C00390A2
:10E3700002910192009304B0704700000000000079
:10E3800080B582B001900198006800F0D1FC02B025
:10E3900080BD00000000000081B00090009801687E
:10E3A0004068401A001101B07047000000000000F2
:10E3B00080B582B0019001980830FFF7B1FE02B03D
:10E3C00080BD00000000000080B582B0019001987F
:10E3D000009000F01DF8009900680968401A0011CB
:10E3E00002B080BD0000000080B584B003900398A7
:10E3F000FFF7DEFF00F030FE029000F001FE01901A
:10E4000002A801A901F08CF9006804B080BD0000E9
:10E4100080B582B0019001980830FFF779FE02B014
:10E4200080BD00000000000080B588B00690059116
:10E430000698019000F0E0F804900598049988424D
:10E4400003D9FFE7019800F08FF8019800F0C4F8B5
:10E45000039003980499B0EB510F03D3FFE704989E
:10E46000079009E003984000029002A805A901F076
:10E470000FF900680790FFE7079808B080BD00001B
:10E4800080B58AB0099008910998079000F080F84B
:10E4900001460798049100F07BF801460798029125
:10E4A00000F09AF802990246079801EB02110591D3
:10E4B00000F06EF801460798039100F08DF803997B
:10E4C0000246079801EB0211069100F061F80499E9
:10E4D000059A069B84460798DDF820E00CEB0E1C9D
:10E4E000EE46CEF800C000F047F80AB080BD00004C
:10E4F00080B58AB009900998089000F049F8014663
:10E500000898059100F044F801460898029100F03F
:10E5100063F802990246089801EB0211069100F097
:10E5200037F801460898039100F03EF80399024637
:10E53000089801EB0211079100F02AF801460898AB
:10E54000049100F049F8DDF810C00599069A079B80
:10E55000864608980CEB0E1CEE46CEF800C000F084
:10E560000BF80AB080BD000082B0019048F2112083
:10E57000C0F6020000F0F0FE84B0DDF810C0039099
:10E5800002910192009304B0704700000000000067
:10E5900080B582B001900198006800F0D1FB02B014
:10E5A00080BD00000000000081B00090009801686C
:10E5B0004068401A001101B07047000000000000E0
:10E5C00080B582B0019001980830FFF7C1FD02B01C
:10E5D00080BD00000000000080B582B0019001986D
:10E5E000009000F01DF8009900680968401A0011B9
:10E5F00002B080BD0000000080B584B00390039895
:10E60000FFF7DEFF00F060FD029000F0F9FC0190E2
:10E6100002A801A901F084F8006804B080BD0000E0
:10E6200080B582B0019001980830FFF789FD02B0F3
:10E6300080BD00000000000080B582B00190009114
:10E6400001980099FFF7A4FC02B080BD0000000013
:10E6500080B582B001900198FFF7A6FC02B080BDA2
:10E6600080B582B00190009101980099FFF7A8FC55
:10E6700002B080BD0000000080B582B0019001981A
:10E68000FFF7AAFC02B080BD81B000906FF070402F
:10E6900001B070470000000081B000906FF0704042
:10E6A00001B070470000000081B00090012001B06F
:10E6B000704700000000000081B00090012001B010
:10E6C000704700000000000081B00090012001B000
:10E6D000704700000000000081B00090012001B0F0
:10E6E000704700000000000081B00090012001B0E0
:10E6F000704700000000000080B584B002900191D6
:10E7000002980390019A1168526842600160019971
:10E71000896881600199C968C160C068406858B162
:10E72000FFE700F07DFA0199C860684600F0A4F99F
:10E73000019900988860FFE7039804B080BD00004D
:10E7400080B584B002900191029800900390019AE4
:10E75000116852684260016001998968816001997D
:10E76000C968C160C068006848B1FFE70098C06828
:10E77000016801980068884700990860FFE70398DE
:10E7800004B080BD0000000080B586B00490039105
:10E79000049801900590083000F06EF900F040FAFE
:10E7A0000199C8600398FFF797FF78B1FFE700F081
:10E7B00043F9019902900298886000F079FA0146C5
:10E7C0000198C160039900F003FAFFE7059806B0CD
:10E7D00080BD00000000000080B586B00490039169
:10E7E000049801900590083000F046F900F018FAFE
:10E7F0000199C8600398FFF777FF78B1FFE700F051
:10E8000027F9019902900298886000F059FA0146B0
:10E810000198C160039900F0EFF9FFE7059806B091
:10E8200080BD00000000000080B584B00290029816
:10E8300001900390C068406830B1FFE70199086813
:10E84000C96849688847FFE7039804B080BD0000A5
:10E8500080B584B00290019102980390019A1168EA
:10E860005268426001600199896881600199C968B4
:10E87000C160C068406858B1FFE700F0D1F9019964
:10E88000C860684600F05CF9019900988860FFE76D
:10E89000039804B080BD000080B584B0029001915F
:10E8A000029800900390019A1168526842600160DA
:10E8B0000199896881600199C968C160C068006870
:10E8C00048B1FFE70098C068016801980068884770
:10E8D00000990860FFE7039804B080BD00000000C5
:10E8E00080B586B00490039104980190059008309B
:10E8F00000F026F900F094F90199C8600398FFF739
:10E90000D3FE78B1FFE700F0EFF80199029002988A
:10E91000886000F0B5F901460198C160039900F0E4
:10E920001BF9FFE7059806B080BD0000000000005D
:10E9300080B586B00490039104980190059008304A
:10E9400000F0FEF800F06CF90199C8600398FFF739
:10E95000B3FE78B1FFE700F0D3F801990290029876
:10E96000886000F095F901460198C160039900F0B4
:10E9700007F9FFE7059806B080BD00000000000021
:10E9800080B586B0049003910498019005900830FA
:10E9900000F0D6F800F044F90199C8600398FFF739
:10E9A00093FE78B1FFE700F0B7F801990290029862
:10E9B000886000F075F901460198C160039900F084
:10E9C000F3F8FFE7059806B080BD000000000000E6
:10E9D00080B584B00290029801900390C0684068AE
:10E9E00030B1FFE701990868C96849688847FFE7BF
:10E9F000039804B080BD000080B584B003900291FC
:10EA0000039801900198029900F0EAF804B080BDE3
:10EA100080B584B003900291039801900198029907
:10EA200000F0F2F804B080BD82B00190009100F0D7
:10EA30007BFD00000000000080B582B04EF6F911A9
:10EA4000C0F6010101A800F00FF8019802B080BDE6
:10EA500080B582B04EF61121C0F6010101A800F088
:10EA600003F8019802B080BD82B001900091019836
:10EA70000099016002B0704781B0009000984EF696
:10EA80002921C0F60101016001B0704700000000BB
:10EA900080B584B003900291039801900198029987
:10EAA00000F062F804B080BD80B584B0039002919C
:10EAB000039801900198029900F06AF804B080BDB3
:10EAC00080B584B003900291039801900198029957
:10EAD00000F072F804B080BD82B00190009100F0A7
:10EAE00023FD00000000000080B582B04EF69121A9
:10EAF000C0F6010101A800F01BF8019802B080BD2A
:10EB000080B582B04EF6A921C0F6010101A800F03F
:10EB10000FF8019802B080BD80B582B04EF6C121D9
:10EB2000C0F6010101A800F003F8019802B080BD11
:10EB300082B00190009101980099016002B0704785
:10EB400081B0009000984EF6D921C0F60101016015
:10EB500001B070470000000082B001900091019860
:10EB600002B070470000000080B582B001900091B3
:10EB70000198009900F0F8FC02B080BD0000000090
:10EB800082B001900091019802B07047000000002F
:10EB900080B582B0019000910198009900F0F0FCDE
:10EBA00002B080BD0000000082B001900091019889
:10EBB00002B070470000000080B582B00190009163
:10EBC0000198009900F0E8FC02B080BD0000000050
:10EBD00082B001900091019802B0704700000000DF
:10EBE00080B582B0019000910198009900F0E0FC9E
:10EBF00002B080BD0000000082B001900091019839
:10EC000002B070470000000080B582B00190009112
:10EC10000198009900F0D8FC02B080BD000000000F
:10EC200048F27400C0F602007047000000000000C7
:10EC300081B048F28400C0F6020001B070470000C5
:10EC400081B048F29400C0F6020001B070470000A5
:10EC500081B048F2A400C0F6020001B07047000085
:10EC600081B048F2B400C0F6020001B07047000065
:10EC700081B048F2C400C0F6020001B07047000045
:10EC800080B582B0FFF7D4FF02B080BD0000000065
:10EC900080B582B0FFF7D4FF02B080BD0000000055
:10ECA00080B582B0FFF7D4FF02B080BD0000000045
:10ECB00080B582B0FFF7D4FF02B080BD0000000035
:10ECC00080B582B0FFF7D4FF02B080BD0000000025
:10ECD00082B00190009101980099016002B07047E4
:10ECE00081B00090009801681031016001B0704758
:10ECF00082B00190009101980099016002B07047C4
:10ED000081B00090009801681031016001B0704737
:10ED100080B582B00190019800F006FB02B080BD82
:10ED200080B582B00190019800F00AFB02B080BD6E
:10ED300081B00090009801B0704700000000000012
:10ED400081B00090009801B0704700000000000002
:10ED500080B584B0039002910398029900F004F802
:10ED600004B080BD0000000080B586B0049003911F
:10ED700004980290FFE702990398896888420FD0AF
:10ED8000FFE7029800F01CF802990190886810389B
:10ED90008860FFF7CDFF0146019800F051F9EAE7DE
:10EDA00006B080BD0000000080B582B001900198DF
:10EDB0004168FFF7CDFF02B080BD000000000000F9
:10EDC00080B582B0019001980C3000F0EDF902B0EE
:10EDD00080BD00000000000080B582B00190019865
:10EDE0000C3000F0D9F902B080BD00000000000036
:10EDF00080B58AB008900791069205930898019013
:10EE000009900C3000210491059A04A900F0D8F96A
:10EE1000079820B9FFE70199002008600DE00198EC
:10EE2000FFF7CEFF0146079A02A800F041FA0199C8
:10EE30000298086003980790FFE701980168069A16
:10EE400001EB0211816041600168079A01EB021138
:10EE50000091FFF7C1FF01460098086009980AB0C9
:10EE600080BD00000000000080B586B004900498CA
:10EE700003900590FFF798FF0398006880B1FFE7C3
:10EE80000398FFF79DFF01460398029101680191E5
:10EE9000FFF7CEF801990246029800F0C5F8FFE7A7
:10EEA000059806B080BD000080B584B00390029143
:10EEB0000398029900F004F804B080BD000000003F
:10EEC00080B586B00490039104980290FFE7029900
:10EED0000398896888420FD0FFE7029800F01CF879
:10EEE00002990190886810388860FFF729FF014671
:10EEF000019800F0DDF8EAE706B080BD00000000F0
:10EF000080B582B0019001984168FFF7CDFF02B053
:10EF100080BD00000000000080B582B00190019823
:10EF20000C3000F089F902B080BD00000000000044
:10EF300080B582B0019001980C3000F075F902B0F4
:10EF400080BD00000000000080B58AB008900791E5
:10EF5000069205930898019009900C3000210491C5
:10EF6000059A04A900F074F9079820B9FFE7019900
:10EF7000002008600DE00198FFF7CEFF0146079AD8
:10EF800002A800F0A5F9019902980860039807907B
:10EF9000FFE701980168069A01EB02118160416068
:10EFA0000168079A01EB02110091FFF7C1FF0146CA
:10EFB0000098086009980AB080BD000000000000B9
:10EFC00080B586B00490049803900590FFF798FFF1
:10EFD0000398006880B1FFE70398FFF79DFF0146A3
:10EFE0000398029101680191FFF73EF801990246EA
:10EFF000029800F051F8FFE7059806B080BD0000C8
:10F0000080B500F069FA80BD81B00090009801B031
:10F01000704700000000000081B00090009801B02F
:10F02000704700000000000080B584B0039002919A
:10F03000019203980299019A01F0DEF804B080BDB4
:10F0400080B582B0019000910198009901F0E4F838
:10F0500002B080BD0000000080B582B00190019830
:10F06000FFF712FB02B080BD80B584B0039002911F
:10F07000019203980299019A01F0F2F804B080BD60
:10F0800080B584B003900291019203980299019A8D
:10F0900001F0F2F804B080BD80B584B00390029115
:10F0A000019203980299019A01F0FEF804B080BD24
:10F0B00080B582B0019000910198009901F004F9A7
:10F0C00002B080BD0000000080B582B001900198C0
:10F0D000FFF7E2FA02B080BD80B584B003900291E0
:10F0E000019203980299019A01F012F904B080BDCF
:10F0F00080B584B003900291019203980299019A1D
:10F1000001F012F904B080BD82B001900091019825
:10F11000009901600099416002B070470000000052
:10F1200081B00090009841681039416001B070478B
:10F1300082B00190009101980099016000994160AE
:10F1400002B070470000000081B000900098416854
:10F150001039416001B0704780B582B001900198CC
:10F1600000F042F902B080BD80B582B001900198F4
:10F1700000F012F902B080BD80B586B00590049110
:10F18000039205980190049900F036F9019800F077
:10F190000BF9019806B080BD80B582B0019001984E
:10F1A00000F022F902B080BD80B582B001900198D4
:10F1B000043000F039F902B080BD0000000000000A
:10F1C00080B584B003900291019203980090029957
:10F1D00000F012F900980430019900F02DF9009820
:10F1E00004B080BD0000000080B582B0019001989D
:10F1F00000F00AF902B080BD80B582B0019001989C
:10F2000000F0DEF802B080BD80B586B005900491B4
:10F21000039205980190049900F0FEF8019800F01F
:10F22000D7F8019806B080BD80B582B001900198F2
:10F2300000F0EAF802B080BD80B582B0019001987C
:10F24000043000F001F902B080BD000000000000B1
:10F2500080B584B0039002910192039800900299C6
:10F2600000F0DAF800980430019900F0F5F8009801
:10F2700004B080BD0000000080B584B00290019110
:10F28000019800F02DF940B1FFE701980090029835
:10F29000009900F075F8039004E0029800F068F817
:10F2A0000390FFE7039804B080BD00000000000059
:10F2B00080B584B00190039102920398029900F006
:10F2C000B7FF019908600298486004B080BD000053
:10F2D00080B584B00190039102920398029900F0E6
:10F2E000FFFF019908600298486004B080BD0000EB
:10F2F00080B584B0039002910192019800F0F0F87B
:10F3000040B1FFE70198009003980299009A00F03D
:10F310001FF904E00398029900F00EF9FFE704B02A
:10F3200080BD00000000000080B582B0019001980F
:10F33000FEF7CAFEFFF7FCFC02B080BD0000000033
:10F3400080B582B001900198FEF7DAFEFFF7F8FC75
:10F3500002B080BD0000000082B00190019948F227
:10F360006210C0F6020000F07FF80000000000000C
:10F3700080B582B00190019801F0DAF802B080BD4A
:10F3800080B582B0019000910198009901F0E4F8F5
:10F3900002B080BD0000000081B00090009801B074
:10F3A000704700000000000080B584B00290029811
:10F3B000019000F06DFF019804B080BD00000000D6
:10F3C00081B00090009801B070470000000000007C
:10F3D00080B584B002900298019000F0B1FF0198CE
:10F3E00004B080BD0000000081B00090009801B022
:10F3F000704700000000000082B001900091019869
:10F400000021016002B0704781B00090009801B007
:10F41000704700000000000082B001900091019848
:10F420000021016002B0704781B000900098006830
:10F4300001B070470000000082B001900091019877
:10F440000099016002B0704781B000900098006898
:10F4500001B070470000000082B001900091019857
:10F460000099016002B0704784B0844601A80EC0C4
:10F4700040F2402001AAC2F2004061460092E1F74A
:10F4800057FAE1F75AFA000080B588B00790069362
:10F49000059204910499059A069B039302920191A7
:10F4A0000199029A039B00F0C3F808B080BD0000E8
:10F4B00080B588B007900693059204910499059A47
:10F4C000069B0393029201910199029A039B00F01B
:10F4D000CBF808B080BD00006FF00040704700001E
:10F4E00081B0009000990020082988BF012001B058
:10F4F000704700000000000080B582B001900091CC
:10F500000198009901F00EF802B080BD00000000E3
:10F5100080B584B003900291019203980299019AF8
:10F5200001F002F804B080BD48F2DC10C0F6020021
:10F53000FFF79AFF0000000080B582B001900091B3
:10F5400001980099FFF7D8FF02B080BD00000000CD
:10F5500080B584B003900291019203980299019AB8
:10F56000FFF7D6FF04B080BD80B582B00190009156
:10F570000198009900F080FD02B080BD00000000FD
:10F5800080B582B0019000910198009900F080FD53
:10F5900002B080BD0000000080B582B001900091F3
:10F5A0000198009900F080FD02B080BD00000000CD
:10F5B00080B582B0019000910198009900F080FD23
:10F5C00002B080BD0000000080B582B001900091C3
:10F5D0000198009900F080FD02B080BD000000009D
:10F5E00084B0039002910192009303980299016004
:10F5F000019941600099816004B0704700000000EB
:10F6000084B00390029101920093039802990160E3
:10F61000019941600099816004B0704700000000CA
:10F6200081B0009000990120087001B0704700007F
:10F6300084B0039302920191009000980021017020
:10F6400004B070470000000081B00090009801B045
:10F65000704700000000000081B000900099012078
:10F66000087001B07047000084B0039302920191CA
:10F67000009000980021017004B070470000000065
:10F6800081B00090009801B07047000000000000B9
:10F6900080B584B0039002910398029900F004F8B9
:10F6A00004B080BD0000000080B584B002900191DC
:10F6B0000299019A0DF10F00FEF78EFD18B1FFE7D8
:10F6C0000198009002E002980090FFE7009804B0D3
:10F6D00080BD00000000000080B584B0039002915E
:10F6E0000398029900F004F804B080BD0000000007
:10F6F00080B584B0029001910299019A0DF10F003A
:10F70000FEF77AFD18B1FFE70198009002E0029839
:10F710000090FFE7009804B080BD000000000000EA
:10F7200080B584B0039002910398029900F004F828
:10F7300004B080BD0000000080B584B0029001914B
:10F740000199029A0DF10F00FEF746FD18B1FFE78F
:10F750000198009002E002980090FFE7009804B042
:10F7600080BD00000000000080B584B003900291CD
:10F770000398029900F004F804B080BD0000000076
:10F7800080B584B0029001910199029A0DF10F00A9
:10F79000FEF732FD18B1FFE70198009002E00298F1
:10F7A0000090FFE7009804B080BD0000000000005A
:10F7B000B0B594B01C46964606901B9A1A98DDF890
:10F7C00064C0189B1394CDF848E0CDF844C0109362
:10F7D0000F920E900D910E980F990C910B900D9920
:10F7E00007A80BAA0EABFFF7FBFE0799089A099B27
:10F7F0000DF12B00FFF748FEFFE712A810A900F05B
:10F80000DFFDB8B1FFE70D9803900EA80590FFF754
:10F810007FFA029012A80490FEF74AFC0299024671
:10F820000398FFF72DFC0498FFF77AFC0598FFF783
:10F8300077FCE2E70DF12B000190FFF7F1FE069A4D
:10F8400001980E990F9B53601160FFF7FDFE14B0F5
:10F85000B0BD000000000000B0B594B01C46964654
:10F8600006901B9A1A98DDF864C0189B1394CDF883
:10F8700048E0CDF844C010930F920E900D910E9871
:10F880000F990C910B900D9907A80BAA0EABFFF7DF
:10F89000B7FE0799089A099B0DF12B00FFF708FEA8
:10F8A000FFE712A810A900F0ABFDB8B1FFE70D9873
:10F8B00003900EA80590FFF733FA029012A8049067
:10F8C000FEF712FC029902460398FFF711FC049818
:10F8D000FFF73AFC0598FFF737FCE2E70DF12B0044
:10F8E0000190FFF7B9FE069A01980E990F9B53609D
:10F8F0001160FFF7C5FE14B0B0BD000000000000AD
:10F9000083B002900191029800680090019800680D
:10F910000299086000980199086003B070470000E0
:10F9200083B00290019102980068009001980068ED
:10F930000299086000980199086003B070470000C0
:10F9400080B584B003900291019203980299019AC4
:10F9500000F002F804B080BD80B586B00490039139
:10F9600002920499039A0DF11700FEF721FC18B1D9
:10F97000FFE70398019010E00299049A0DF1170037
:10F98000FEF716FC18B1FFE70298009002E0049819
:10F990000090FFE700980190FFE7019806B080BD56
:10F9A00081B08DED000A9DED000AB0EEC00A01B0F5
:10F9B000704700000000000081B08DED000A009843
:10F9C00020F000410020B1F1FF4FB8BF012001B08D
:10F9D000704700000000000080B584B002900191E3
:10F9E000019903A8FFF774F9039804B080BD0000E3
:10F9F00082B00190009101980099016002B07047B7
:10FA000080B584B003900398029000680068D0B17C
:10FA1000FFE70298006800F02FF902980068FEF7EF
:10FA20005FFC0298006800F01BF901460298019102
:10FA3000006801680091FEF7C7FC00990246019832
:10FA4000FFF7F2FAFFE704B080BD000000000000FD
:10FA500083B002900191009202980199016001998E
:10FA60004968416001994968009A01EB021181607F
:10FA700003B070470000000081B000900098026859
:10FA80004168516001B0704780B58CB00B900A910D
:10FA90000B98029000F0E4F8014602980991FEF7F5
:10FAA0007BFC014602980131FEF7B6FB0146029845
:10FAB0000091FEF771FC00990246099B04A803908F
:10FAC000FFF796F9099801900698FFF731F901467A
:10FAD00001980A9AFFF7C8FA02980399069A103219
:10FAE000069200F049F80398FFF7BEF90CB080BD0C
:10FAF00080B586B005900491059802904068039007
:10FB0000FFE70498039988420ED0FFE7029800F0BF
:10FB1000A7F80190039810380390FFF709F9014600
:10FB20000198FFF78DFAECE702990498486006B057
:10FB300080BD00000000000080B588B007900691ED
:10FB40000799009103A802900122FFF781FF009816
:10FB500000F086F801900498FFF7EAF80146019852
:10FB6000069AFFF781FA0298049910310491FFF781
:10FB700083FF08B080BD0000B0B594B0139012911F
:10FB800013980990FEF7ACFB099800F069F801465C
:10FB90000998059150F8041F07900EA8FFF7B4FAD2
:10FBA000099801680CA8FFF7AFFA129841680AA8F3
:10FBB000FFF7AAFA05990E9A0F9B0C98DDF834E02E
:10FBC0000A9C0B9DEC46CCF80C50CCF80840CCF8C5
:10FBD00004E0CCF8000010A80690FFF7E9FD0698B5
:10FBE000FEF75EFA01460998129A516012990431A3
:10FBF000FFF786FE079812990831FFF781FE0998F2
:10FC000000F046F808901298FFF7E6F801460898C9
:10FC1000FFF776FE0998129A51681160FEF7BCFB57
:10FC200001460998FEF724FB14B0B0BD00000000A7
:10FC300080B582B0009000984168FFF7CDFE01903A
:10FC4000019802B080BD000080B582B0009000989D
:10FC50000168FFF7C1FE0190019802B080BD00006D
:10FC600080B582B0019001980830FFF77DFA02B0AC
:10FC700080BD00000000000080B582B001900198B6
:10FC80000168FFF735FF02B080BD000000000000F2
:10FC900080B582B0019001980830FFF75DFA02B09C
:10FCA00080BD00000000000080B584B00390029188
:10FCB0000398009041680191FFF7EAFF014601981F
:10FCC0000968884205D0FFE700980299FFF734FFE2
:10FCD00004E000980299FFF7D7FEFFE704B080BD6B
:10FCE00080B584B0039003980090002101604160CA
:10FCF0000830029102A90DF10702FFF73DFA0098C2
:10FD000004B080BD0000000080B584B0039003996A
:10FD1000019102A80090FFF76BFE0098FFF770FEBC
:10FD2000019804B080BD000080B584B002900191BC
:10FD3000019903A8FEF7DCFF039804B080BD000022
:10FD400082B00190009101980099016002B0704763
:10FD500080B584B003900398029000680068D0B129
:10FD6000FFE70298006800F02FF902980068FEF79C
:10FD7000BFFB0298006800F01BF901460298019150
:10FD8000006801680091FEF727FC0099024601987F
:10FD9000FFF782F9FFE704B080BD0000000000001B
:10FDA00083B002900191009202980199016001993B
:10FDB0004968416001994968009A01EB021181602C
:10FDC00003B070470000000081B000900098026806
:10FDD0004168516001B0704780B58CB00B900A91BA
:10FDE0000B98029000F0E4F8014602980991FEF7A2
:10FDF000DBFB014602980131FEF716FB0146029833
:10FE00000091FEF7D1FB00990246099B04A80390DC
:10FE1000FFF79AF8099801900698FEF791FF0146BE
:10FE200001980A9AFFF758F902980399069A103236
:10FE3000069200F049F80398FFF7C2F80CB080BDB5
:10FE400080B586B0059004910598029040680390B3
:10FE5000FFE70498039988420ED0FFE7029800F06C
:10FE6000A7F80190039810380390FEF769FF014648
:10FE70000198FFF71DF9ECE702990498486006B075
:10FE800080BD00000000000080B588B0079006919A
:10FE90000799009103A802900122FFF781FF0098C3
:10FEA00000F086F801900498FEF74AFF0146019899
:10FEB000069AFFF711F90298049910310491FFF79F
:10FEC00083FF08B080BD0000B0B594B013901291CC
:10FED00013980990FEF70CFB099800F069F80146A9
:10FEE0000998059150F8041F07900EA8FFF720F914
:10FEF000099801680CA8FFF71BF9129841680AA835
:10FF0000FFF716F905990E9A0F9B0C98DDF834E06F
:10FF10000A9C0B9DEC46CCF80C50CCF80840CCF871
:10FF200004E0CCF8000010A80690FFF795FC0698B6
:10FF3000FEF7D2F801460998129A516012990431DD
:10FF4000FFF7EEFC079812990831FFF7E9FC0998D2
:10FF500000F046F808901298FEF7EAFF014608986C
:10FF6000FFF7DEFC0998129A51681160FEF71CFB3E
:10FF700001460998FEF784FA14B0B0BD00000000F5
:10FF800080B582B0009000984168FFF7CDFE0190E7
:10FF9000019802B080BD000080B582B0009000984A
:10FFA0000168FFF7C1FE0190019802B080BD00001A
:10FFB00080B582B0019001980830FFF71DF902B0BA
:10FFC00080BD00000000000080B582B00190019863
:10FFD0000168FFF735FF02B080BD0000000000009F
:10FFE00080B582B0019001980830FFF7FDF802B0AB
:10FFF00080BD00000000000080B584B00390029135
:020000040802F0
:100000000398009041680191FFF7EAFF01460198CB
:100010000968884205D0FFE700980299FFF734FF8E
:1000200004E000980299FFF7D7FEFFE704B080BD17
:1000300080B584B003900398009000210160416076
:100040000830029102A90DF10702FFF7DDF80098D0
:1000500004B080BD0000000080B584B00390039917
:10006000019102A80090FFF76BFE0098FFF770FE69
:10007000019804B080BD000080B582B0019000916D
:100080000198009900F0DCF902B080BD000000008A
:1000900080B582B0019000910198009900F0ECF9D0
:1000A00002B080BD0000000080B582B001900091D8
:1000B0000198009900F0F4F902B080BD0000000042
:1000C00080B582B0019000910198009900F000FA8B
:1000D00002B080BD0000000080B582B001900091A8
:1000E0000198009900F00CFA02B080BD00000000F9
:1000F00080B584B003900291039801900299FEF7B5
:10010000FBFA019804B080BD80B584B003900291E1
:10011000039801900299FEF713FB019804B080BD8B
:1001200080B584B00290029801900DF10F01FEF7A6
:100130002BFB019804B080BD80B584B0029002987A
:1001400001900DF10F01FEF747FB019804B080BD4F
:1001500080B582B0019001980090FEF765FB009891
:1001600002B080BD0000000080B584B00390029111
:10017000039801900299FEF76BFB019804B080BDD3
:1001800080B584B003900291039801900299FEF724
:1001900083FB019804B080BD80B584B002900298C2
:1001A00001900DF10F01FEF79BFB019804B080BD9B
:1001B00080B584B00290029801900DF10F01FEF716
:1001C000B7FB019804B080BD80B584B0029002985E
:1001D00001900DF10F01FEF7D3FB019804B080BD33
:1001E00080B582B0019001980090FEF7F1FB009875
:1001F00002B080BD0000000080B584B00390029181
:1002000001920298019909010422FFF771F804B0E4
:1002100080BD00000000000080B582B00190009118
:100220000098FFF795FF02B080BD000000000000BD
:1002300080B584B003900291039802990191FEF772
:100240000BFF01460198884202D9FFE700F0F0F861
:10025000029800010421FFF70FF804B080BD0000F0
:1002600080B584B003900291019202980199FFF742
:100270004BFF04B080BD000080B584B003900291B4
:10028000019202980199FFF733FF04B080BD00008E
:1002900080B582B0019001980090FEF7B5FE0098FD
:1002A00002B080BD0000000080B584B003900291D0
:1002B00001920298019909010422FFF719F804B08C
:1002C00080BD00000000000080B582B00190009168
:1002D0000098FFF785FF02B080BD0000000000001D
:1002E00080B584B003900291039802990191FEF7C2
:1002F000EBFE01460198884202D9FFE700F098F82A
:10030000029800010421FEF7B7FF04B080BD000091
:1003100080B584B003900291019202980199FFF791
:100320002FFF04B080BD000080B584B0039002911F
:10033000019202980199FFF717FF04B080BD0000F9
:1003400080B582B0019001980090FEF765FE00989C
:1003500002B080BD0000000080B584B0039002911F
:100360000398FDF745FE01900298FDF741FE014616
:100370000198401AB0FA80F0400904B080BD000036
:1003800080B584B0039002910398FDF741FE01907F
:100390000298FDF73DFE01460198401AB0FA80F040
:1003A000400904B080BD000080B582B0019000918A
:1003B00001980099FFF7D0FF80F0010002B080BDE6
:1003C00080B584B0039002910398FDF769FE019017
:1003D0000298FDF765FE01460198401A18BF0120FA
:1003E00004B080BD0000000080B582B00190009193
:1003F00001980099FFF7C4FF80F0010002B080BDB2
:1004000080B584B0039002910398FDF765FE0190DA
:100410000298FDF761FE01460198401A18BF0120BD
:1004200004B080BD41F61410C2F20040006870476D
:1004300048F2A410C0F60200FFF716F80000000012
:1004400080B582B00190009100988068B0F5007F7F
:100450000ED9FFE700988068B0F5017F08D8FFE764
:10046000009941F66040C2F20040FBF7C5FAFFE791
:1004700002B080BD0000000080B582B00190009104
:1004800000988068B0F5A46F06D1FFE7F7F75CFF2E
:100490000099F7F729FFFFE702B080BD00000000D8
:1004A00080B582B00190009100988068012805D045
:1004B000FFE700988068022808D1FFE7009941F61D
:1004C0007860C2F20040FAF76FFEFFE702B080BD2D
:1004D00080B584B0039002910298808812280DD1D3
:1004E000FFE70298016843F6FC40C2F20040019029
:1004F000FAF73EF90198FAF7F3F8FFE704B080BD88
:1005000080B582B0019000910098016843F2C0204C
:10051000C2F20040FAF798FA02B080BDE0F77FB966
:10052000E0F77DB9FFF7FABF1146FFF7F9BF00000A
:1005300010B50446012898BF012400BF2046E0F70B
:100540003FF9002818BF10BDFFF76CFF08B18047C6
:10055000F4E7002010BD0000F0B581B00C46054660
:10056000012898BF0125042998BF04240027684664
:1005700021462A460097E0F779F9009878B96E4647
:10058000FFF750FF50B18047304621462A4600977A
:10059000E0F76CF900980028F2D000E0002001B0EC
:1005A000F0BD00000000000081B0ADF80200BDF910
:1005B000020000280ED4FFE7BDF9021001F01F026F
:1005C000012090404A094EF20011CEF2000141F89C
:1005D0002200FFE701B070474EF60C50CEF200004B
:1005E0000068C0F30220704782B0ADF806000091A9
:1005F000BDF9060000280AD4FFE700980001BDF904
:1006000006104EF20042CEF2000288540BE0009831
:100610000001BDF8061001F00F014EF61452CEF2A3
:1006200000028854FFE702B070470000000000009D
:1006300082B0ADF806000091BDF9060000280AD48A
:10064000FFE700980001BDF906104EF20042CEF21D
:10065000000288540BE000980001BDF8061001F07C
:100660000F014EF61452CEF200028854FFE702B09A
:10067000704700000000000083B00290029800F074
:10068000070000904EF60C51CEF200010868019070
:1006900001984FF6FF02104001900198009A40EA3D
:1006A00002200022C0F2FA52104301900198086023
:1006B00003B0704701A000F08FFC00BF5075726559
:1006C000207669727475616C2066756E6374696FEB
:1006D0006E2063616C6C6564210000000000000006
:1006E00080B544F2B460C2F200409FED070ADFED2E
:1006F000070A9FED071ADFED071A9FED072ADFEDC6
:10070000072AF9F7B5FB80BD00009C410AD7233CBE
:100710000000000000409C4500007A440000C842F0
:1007200080B541F66040C2F2004047F6A462C0F6D0
:1007300002024FF400731946FBF766FB80BD000010
:1007400080B543F6FC40C2F200406421FAF71CF980
:1007500080BD00000000000080B544F2F460C2F2E9
:1007600000409FED070ADFED070A9FED071ADFED56
:10077000071A9FED072ADFED072AF9F779FB80BDFD
:100780009A9999400AD7233C0000000000409C45FC
:1007900000007A440000C84280B541F69C20C2F2B5
:1007A0000040F8F72DFA80BD80B582B043F2C0203A
:1007B000C2F200400190FAF737FA01994AF6115057
:1007C000C0F6010040F20002C0F60002DFF7F2FEC0
:1007D00002B080BD0000000080B544F24C60C2F25F
:1007E0000040DFED060ADFED061A9FED062AB0EEA7
:1007F000610AB0EE611AF9F73BFC80BD6F12833AD3
:10080000000000000000484280B543F65850C2F294
:1008100000409FED070ADFED070A9FED071ADFEDA5
:10082000071A9FED072ADFED072AF9F721FB80BDA4
:1008300000001442B81E053E000000000000804683
:1008400000007A440000C84280B543F27430C2F21E
:100850000040DFED060ADFED061AB0EE082AB0EE22
:10086000610AB0EE611AF9F703FC80BD6F12833A9A
:10087000000000000000000080B541F61810C2F230
:1008800000409FED070ADFED070A9FED071ADFED35
:10089000071A9FED072ADFED072AF9F7E9FA80BD6D
:1008A00000001442B81E053E000000000000804613
:1008B00000007A440000C84280B543F2D030C2F252
:1008C00000409FED030AF2EE0E0AF9F775FD80BDB8
:1008D000000000000000000080B543F2FC40C2F2BE
:1008E0000040DFED030AB0EE600AF9F70DFD80BDB0
:1008F000000000000000000080B543F21060C2F26A
:1009000000409FED071AF3EE041A9FED062ADFED73
:10091000062AB0EE620AF0EE620AF9F799FC80BD91
:100920006F12833A0000C84200000000000000007F
:1009300080B544F6AC00C2F200409FED070ADFED3F
:10094000070A9FED071ADFED071A9FED072ADFED73
:10095000072AF9F78DFA80BD9A998940CDCC4C3D94
:100960000000000000409C4500007A440000C8429E
:1009700080B543F2CC50C2F20040B1EE000ADFED88
:10098000060A9FED061ADFED061A9FED062ADFED37
:10099000062AF9F76DFA80BD0AD7233D0000000052
:1009A00000409C4500007A440000C842000000005E
:1009B00080B544F66800C2F20040B0EE0C0ADFEDEC
:1009C000060A9FED061ADFED061A9FED062ADFEDF7
:1009D000062AF9F74DFA80BDCDCC4C3D0000000051
:1009E00000409C4500007A440000C842000000001E
:1009F00080B543F28850C2F20040B1EE020ADFED4A
:100A0000060A9FED061ADFED061A9FED062ADFEDB6
:100A1000062AF9F72DFA80BD295C8F3D0000000001
:100A200000409C4500007A440000C84200000000DD
:100A300080B544F66010C2F200409FED070A9FEDBA
:100A4000071ADFED071A9FED072ADFED072AF0EE00
:100A5000410AF9F70DFA80BD000084410AD7233C12
:100A60000000FA4400007A440000C8420000000080
:100A700080B543F2DC30C2F200409FED070ADFEDA3
:100A8000070A9FED071ADFED071A9FED072ADFED32
:100A9000072AF9F7EDF980BD000000428FC2753CCE
:100AA0000000000000409C4500007A440000C8425D
:100AB00080B541F6F830C2F20040F8F785FD80BD00
:100AC00080B544F2C840C2F20040FBF7A1FE80BDF1
:100AD00080B544F6A010C2F200409FED070A9FEDDA
:100AE000071ADFED071A9FED072ADFED072AF0EE60
:100AF000410AF9F7BDF980BDB81EC53F00000000EE
:100B000000409C4500007A440000C84200000000FC
:100B100080B543F27460C2F200409FED070ADFED3A
:100B2000070A9FED071ADFED071A9FED072ADFED91
:100B3000072AF9F79DF980BD00008C41CDCCCC3C53
:100B4000000000000000FA4400007A440000C8429F
:100B500080B543F2B460C2F20040B1EE000ADFEDAE
:100B6000060A9FED061ADFED061A9FED062ADFED55
:100B7000062AF9F77DF980BD0AD7233C0000000062
:100B800000409C4500007A440000C842000000007C
:100B900080B544F64820C2F200409FED030ADFED25
:100BA000030AF9F75DFC80BD000000006F12833A74
:100BB00080B544F63C20C2F20040DFED030AB0EEFF
:100BC000600AF9F7F9FB80BD00000000000000009A
:100BD00080B544F6E010C2F200409FED060ADFED5A
:100BE000060A9FED061A9FED062AF0EE421AF9F763
:100BF0003FFA80BD0AD7233C6F12833ACDCCCC3C60
:100C0000000048420000000080B543F2F460C2F2E8
:100C100000409FED060ADFED060ADFED061AB0EE92
:100C2000082AB0EE611AF9F723FA80BD0AD7233CEF
:100C30006F12833A0000000080B543F25070C2F298
:100C400000409FED030AF2EE0E0AF9F7B5FB80BDF6
:100C5000000000000000000080B544F6EC00C2F285
:100C60000040DFED060ADFED061AB3EE042AB0EE0F
:100C7000610AB0EE611AF9F7FBF980BD6F12833A91
:100C8000000000000000000080B544F25870C2F27D
:100C90000040F8F79DFB80BD80B543F21C40C2F2D6
:100CA00000409FED070ADFED070A9FED071ADFED11
:100CB000071A9FED072ADFED072AF9F7D9F880BD5B
:100CC000CDCCEC400AD7233C0000000000409C45FE
:100CD00000007A440000C84280B586B002A80190A6
:100CE000F8F75AFE019943F6C850C2F20040F8F7EF
:100CF0009FFF06B080BD000080B543F26C40C2F299
:100D00000040F8F765FB80BD80B584B001218DF807
:100D10000E1002208DF80F000191029069460860C4
:100D200041F67860C2F2004000210DF10E0201ABE5
:100D3000FAF77EFD04B080BD80B544F2E870C2F2DF
:100D40000040B3EE020A9FED061ADFED061A9FED92
:100D5000062ADFED062AF0EE410AF9F789F880BD90
:100D60000000000000409C4500007A440000C8429A
:100D700080B541F61820C2F200409FED070ADFED72
:100D8000070A9FED071ADFED071A9FED072ADFED2F
:100D9000072AF9F76DF880BD66666640000000001E
:100DA0006666A63F00401C4600007A440000C84228
:100DB00080B544F62800C2F200409FED070A9FED7F
:100DC000071ADFED071A9FED072ADFED072AF0EE7D
:100DD000410AF9F74DF880BD6666964000000000B4
:100DE00000409C4500007A440000C842000000001A
:100DF00080B541F62430C2F200409FED070ADFEDD6
:100E0000070A9FED071ADFED071A9FED072ADFEDAE
:100E1000072AF9F72DF880BD6666664000000000DD
:100E20009A99193F0000804600007A440000C842A9
:100E300080B543F20850C2F200409FED070A9FEDD3
:100E4000071ADFED071A9FED072ADFED072AF0EEFC
:100E5000410AF9F70DF880BD0000D4410000000000
:100E600000409C4500007A440000C8420000000099
:100E700080B541F65820C2F20040B0EE040A9FED62
:100E8000061ADFED061A9FED062ADFED062AF0EEC0
:100E9000410AF8F7EDFF80BD0000000000409C45CE
:100EA00000007A440000C84280B543F24850C2F2C4
:100EB0000040B1EE080ADFED060A9FED061ADFEDED
:100EC000061A9FED062ADFED062AF8F7D1FF80BD4E
:100ED0000AD7233C0000000000409C4500007A44F3
:100EE0000000C8420000000080B541F6A430C2F204
:100EF00000409FED071ADFED071A9FED072ADFED8F
:100F0000072AB0EE410AF0EE410AF8F7B1FF80BDC2
:100F10000000000000409C4600007A440000C842E7
:100F200080B544F23470C2F200409FED030ADFED59
:100F3000030AF9F795FA80BD000000006F12833AAA
:100F400080B541F66430C2F20040B7EE000A9FED72
:100F5000061ADFED061A9FED062ADFED062AF0EEEF
:100F6000410AF8F785FF80BD0000000000409C4565
:100F700000007A440000C84280B544F2A860C2F282
:100F80000040DFED030AB0EE600AF9F715FA80BD04
:100F9000000000000000000080B543F22C30C2F2D7
:100FA00000409FED070ADFED070A9FED071ADFED0E
:100FB000071A9FED072ADFED072AF8F759FF80BDD2
:100FC00000001442B81E053E0000000000008046EC
:100FD00000007A440000C842DFF7AFFC00000000C8
:100FE00010B5ADF5347DB3904FF47A7002F0ECFBA0
:100FF0009FEDE50AF7F77CF840F27810C2F2004066
:10100000529080ED000A9FEDE10AF7F771F85298CF
:1010100080ED010A9FEDDE0A8DED530AF7F768F8BF
:10102000529880ED020A9FEDDB0AF7F761F85299BA
:1010300081ED030A00225C920A614A610A7601206E
:1010400055904876887644F25870C2F20040F7F71F
:101050007BFF9FEDD10AF7F74BF840F24810C2F240
:101060000040549080ED000A9FEDCC0AF7F740F85D
:101070005498B0EE401A9DED530A80ED011AF7F72F
:1010800037F8549880ED020A9FEDC50AF7F730F85B
:10109000549880ED030A9FEDC30AF7F729F8549896
:1010A00080ED040A9FEDC00AF7F722F8549955988D
:1010B0005C9A81ED050A08764A768A7643F26C409E
:1010C000C2F20040F7F740FFFCF7D6F8FCF7D4F87F
:1010D0005C99026892689047B290FCF7CDF85599F8
:1010E000026892689047B190FCF7C6F801688A6878
:1010F00002219047B090B2985690ACA85790FFF755
:101100004BF8569857990268D26990475798FFF75D
:1011100067F8B1985890A7A85990FFF749F85898E0
:1011200059990268D26990475998FFF759F8B098D1
:101130005A90A2A85B90FFF747F85A985B9902680B
:10114000D26990475B98FFF74BF85C98A090FFE757
:10115000A098C72841D8FFE7012004F0B9FA43F668
:10116000FC40C2F20040FCF787FDBFEE001AB4EE6F
:10117000410AF1EE10FA2AD1FFE743F6FC40C2F231
:101180000040FCF771FDBFEE001AB4EE410AF1EE2B
:1011900010FA1CD1FFE743F6FC40C2F20040FCF716
:1011A000E3FDBFEE001AB4EE410AF1EE10FA0ED1E3
:1011B000FFE743F6FC40C2F20040FCF7DDFDBFEE66
:1011C000001AB4EE410AF1EE10FA01D0FFE704E094
:1011D000FFE7A0980130A090BAE741F27070C2F228
:1011E0000040F6F705F8F6F76BFA43F2C020C2F2BA
:1011F00000404C9002215091F9F70AFDF6F778FF74
:1012000001204E90F6F7C0FF4C984E9940F2F8221C
:10121000C2F200424D9282ED000AF9F7F9FCF6F7AE
:1012200067FF4D984E9980ED030A026844F6581303
:10123000C2F200431A60C06840F26812C2F2004273
:10124000106041F67860C2F200404F900022519247
:10125000F9F74EFF4F985099519AF9F749FF4FF41B
:10126000FA7004F035FA51989F90FFE79F98C008F4
:101270007C2811D8FFE743F2C020C2F20040F9F702
:1012800053FD08B1FFE707E0012004F021FAFFE772
:101290009F9801309F90E9E743F2C020C2F20040DE
:1012A0000221F9F7B5FC8DED9E0A00208DF877023A
:1012B0009C90FFE79C98C72800F28280FFE70120FE
:1012C00004F006FA43F2C020C2F200400221F9F70E
:1012D0009FFC8DED9B0A9DED9B0A9DED9E1A30EEC5
:1012E000410A8DED9A0A9DED9A0A9FED301AB4EEEF
:1012F000410AF1EE10FA09DDFFE79DED9A0A9FED34
:101300002C1A30EE010A8DED9A0AFFE79DED9A0A3C
:101310009FED281AB4EE410AF1EE10FA09DAFFE760
:101320009DED9A0A9FED241A30EE010A8DED9A0A7E
:10133000FFE79DED9A0AB7EE001AB4EE410AF1EE0E
:1013400010FA16DAFFE79DED9A0ABFEE001AB4EE26
:10135000410AF1EE10FA0CDDFFE79DF8770201304B
:101360008DF877029DF877020A2801DBFFE727E076
:1013700003E000208DF87702FFE79B989E90FFE73F
:101380009C9801309C9095E7CDCCCC3D0000DC4290
:10139000CDCC4C3E96438B3CAE47E13D0000BE4277
:1013A000F4FD543C5C8F82C16666FE41000034430C
:1013B0000000B4C3000034C30000B44300000000C8
:1013C00043F2C020C2F2004049900221F9F720FC0C
:1013D000F6F78EFE01204A90F6F7D6FE49984A9914
:1013E00040F2F822C2F200424B9282ED000AF9F775
:1013F0000FFCF6F77DFE4B9880ED030A016844F67A
:101400005812C2F200421160C06840F26811C2F284
:1014100000410860FFE700209990989043F6FC4057
:10142000C2F20040489099A998AAF9F765F948983E
:10143000F9F736F9C8B3FFE743F6FC40C2F20040C3
:10144000FCF71AFCBFEE001AB4EE410AF1EE10FAF6
:1014500040F08880FFE743F6FC40C2F20040FCF712
:1014600003FCBFEE001AB4EE410AF1EE10FA79D196
:10147000FFE743F6FC40C2F20040FCF775FCBFEE0C
:10148000001AB4EE410AF1EE10FA6BD1FFE743F611
:10149000FC40C2F20040FCF76FFCBFEE001AB4EE55
:1014A000410AF1EE10FA5DD1FFE741F69871C2F200
:1014B000004101204790087041F2FA71C2F20041E8
:1014C00008700020439097909690959094909390F8
:1014D0009290919090909098919A929BDDF84CC246
:1014E000DDF850E2959C40F22031C2F20041449177
:1014F0004C61C1F810E0C1F80CC08B604A60086014
:101500009698979ACA6188615FED540ACDED460AB4
:10151000B0EE600AE0F7D8FFF6F7A6FB9DED462A8D
:10152000479941F67860C2F200404590B0EE420A19
:10153000F0EE420AB0EE421AF0EE421AF9F7BCFEA3
:1015400045989DED462A0221B0EE420AF0EE420A8D
:10155000B0EE421AF0EE421AF9F7AEFE479804F0E8
:10156000B7F858E741F69871C2F2004100200870C0
:1015700043F6FC40C2F200404090FCF77DFB4098EF
:1015800040F22031C2F20041419181ED000AFCF7A6
:101590006BFB4098419981ED010AFCF7E5FB40980F
:1015A0004199B1EE400A81ED020AFCF7E5FB409853
:1015B000419981ED030AFCF73FFC419A01464098AE
:1015C0009177FCF741FC419A01464098D177FCF7AE
:1015D0005BFB419A014640989182FCF75DFB419A82
:1015E00001464098D182FCF75FFB419A0146409842
:1015F0001183FCF7E9FB419A014640989176FCF78C
:10160000EFFB419A01464098D176FCF7C5FB419B20
:101610009883987E93F81BE0997FDA7F9B8B002854
:1016200018BF0120BEF1000F18BF4FF0010EEC46AD
:10163000CCF804E0CCF8000040F21410C2F20040F4
:101640004290F6F7DDFE4298FCF7B6F8012804D088
:10165000FFE7002099909890FFE743F2C020C2F284
:1016600000403C9002213D91F9F7D2FAF6F740FD97
:1016700000203B90F6F788FD3C9840F2F821C2F23A
:1016800000413E9181ED000A0121F9F7C1FAF6F718
:101690002FFD3B993C983E9A82ED030AF9F7ACFA8C
:1016A000F6F726FD3C983D993E9A82ED070AF9F738
:1016B000A3FAF6F71DFD3E9880ED080AF5F768FFDE
:1016C00041F2FC70C2F2004000684CF6CD41CCF60D
:1016D000CC41A0FB0121C90801EB8101A0EB410035
:1016E00001463F9120B1FFE73F98052801D032E045
:1016F00031E040F22030C2F20040807F40F206111B
:10170000C2F20041097888420DD1FFE740F2203053
:10171000C2F20040C07F40F20711C2F200410978D6
:10172000884217D0FFE740F22031C2F200413A91DF
:10173000887FC97FE0F750FF3A98817F40F2061218
:10174000C2F200421170C07F40F20711C2F20041A4
:101750000870FFE7FFE740F21410C2F20040FCF708
:101760002BF8012809D1FFE740F21410C2F2004023
:10177000FBF7FEFFE0F7ECFE13E040F21410C2F2BC
:101780000040FCF719F858B9FFE740F22030C2F2E8
:10179000004090ED000AD0ED010AE0F795FEFFE76A
:1017A000FFE741F2FC70C2F20040006813384CF6CB
:1017B000CD41CCF6CC4148434FEAB0004CF6CB418A
:1017C000C0F6CC41884217D8FFE740F22031C2F280
:1017D00000413991887FC97FE0F7FEFE3998817F0B
:1017E00040F20612C2F200421170C07F40F20711AF
:1017F000C2F200410870FFE741F2FC71C2F2004101
:10180000086801300860F5F75BFF41F67860C2F2C6
:101810000040389001221146FAF77EFB01463898C5
:101820008DF83F1202221146FAF776FB8DF83E0240
:101830009DF83E02C00728B1FFE79DF83F02C007B0
:1018400078BBFFE741F2FB71C2F200410120379003
:101850000870F6F709FA379941F67860C2F200404D
:1018600035909FED8E2A8DED362AB0EE420AF0EECD
:10187000420AB0EE421AF0EE421AF9F71DFD359811
:101880009DED362A0221B0EE420AF0EE420AB0EE99
:10189000421AF0EE421AF9F70FFD379803F018FFDD
:1018A000B9E544F24C70C2F2004044F25071C2F209
:1018B000004143F26042C2F2004243F26443C2F28A
:1018C0000043F6F779F88DF83D029DF83D02C00718
:1018D00078B3FFE741F2F771C2F200410120349082
:1018E0000870F6F7C1F9349941F67860C2F2004009
:1018F00032909FED6A2A8DED332AB0EE420AF0EE67
:10190000420AB0EE421AF0EE421AF9F7D5FC3298CC
:101910009DED332A0221B0EE420AF0EE420AB0EE0B
:10192000421AF0EE421AF9F7C7FC349803F0D0FEE1
:1019300071E541F2F770C2F200400078C00708B3C9
:10194000FFE744F24C70C2F2004090ED000A44F20E
:101950005870C2F20040F7F71FFD43F26040C2F238
:10196000004090ED000A43F26C40C2F20040F7F7ED
:1019700013FDF6F779F941F2F771C2F20041002048
:101980000870FFE741F2FB70C2F200400078C00728
:1019900008B3FFE744F24C70C2F2004090ED000A39
:1019A00044F25870C2F20040F7F7F6FC43F2604090
:1019B000C2F2004090ED000A43F26C40C2F20040D7
:1019C000F7F7EAFCF6F750F941F2FB71C2F2004179
:1019D00000200870FFE741F2FA70C2F20040007880
:1019E000C00708B3FFE744F24C70C2F2004090ED2C
:1019F000000A44F25870C2F20040F7F7CDFC43F2FF
:101A00006040C2F2004090ED000A43F26C40C2F226
:101A10000040F7F7C1FCF6F727F941F2FA71C2F27C
:101A2000004100200870FFE741F2F870C2F2004068
:101A30000088B0F5FA7F33DAFFE741F2F871C2F2BD
:101A4000004108880130088000208E908D908C9095
:101A50008B908A908990889002208DF820028DF8D2
:101A6000210244F24C70C2F2004090ED000A44F2B0
:101A70005870C2F2004088A93191F7F7BDFA319948
:101A800043F26040C2F2004090ED000A43F26C4025
:101A9000C2F20040F7F7B0FABBE000BF0000000060
:101AA00000202D90879086908590849083908290DE
:101AB000819040F22030C2F200402E90817F8DF85C
:101AC0000412C07F8DF8050240F21410C2F20040EB
:101AD0002F90FBF771FE2E9902462F98013AB2FA29
:101AE00082F252098DF806228A688292B1F9142096
:101AF00000EE102AB8EEC00AB1EE400A8DED830A5E
:101B00009DED990AB8EEC00AB1EE400A8DED840A47
:101B10008A8AADF81422C98AADF81612FBF71CFEAA
:101B20008DF8180244F2C840C2F200403090FCF731
:101B3000C3F9014630988DF81912FCF795F9014662
:101B400030988DF81A12FCF787F98DED870A44F268
:101B50004C70C2F2004090ED000A44F25870C2F29C
:101B6000004081A9F7F748FA2D9A2E992F98809274
:101B70007F927E927D927C927B927A928A7F8DF880
:101B8000E821C97F8DF8E911FBF716FE2E99024670
:101B90002F98013AB2FA82F252098DF8EA21CA6806
:101BA0007B92B1F9162000EE102AB8EEC00A8DED36
:101BB0007C0A9DED980AB8EEC00A8DED7D0A8A8AEE
:101BC000ADF8F821C98AADF8FA11FBF7C5FD014659
:101BD00030988DF8FC11FCF76FF9014630988DF8BC
:101BE000FD11FCF741F9014630988DF8FE11FCF724
:101BF0005BF98DED800A43F26040C2F2004090ED47
:101C0000000A43F26C40C2F200407AA9F7F7F4F9F7
:101C1000FFE744F25870C2F20040FBF735FF40F294
:101C20009411C2F20041087043F26C40C2F20040CD
:101C3000FBF72AFF40F26411C2F20041087040F243
:101C40002030C2F20040817F002002292C900BD16D
:101C5000FFE740F22030C2F20040C07F0238B0FA05
:101C600080F040092C90FFE72C982B9040F2141044
:101C7000C2F20040FBF7A0FD01462B980139B1FAF2
:101C800081F14A0940F22031C2F2004191ED030A8C
:101C90009DED981AF8EEC10A00F0010143F26C4084
:101CA000C2F20040F7F784F8799079980138B0FAD9
:101CB00080F040098DF8E3017998022816D1FFE7FA
:101CC00043F26C40C2F20040FBF7D6FE01280DD172
:101CD000FFE743F26040C2F2004090ED000A43F299
:101CE0006C40C2F20040F7F757FBFFE741F678601F
:101CF000C2F200400121FAF7E7F844F24C70C2F258
:101D00000040D0ED000A44F25870C2F200402A9020
:101D1000F6F7CAFF2A98F7F73BF801462A988DF89C
:101D2000E211F7F701F98DF8E1019DF8E20128B918
:101D3000FFE79DF8E101002875D0FFE744F2B460A9
:101D4000C2F20040F7F79CFF44F2F460C2F2004098
:101D5000F7F796FF44F2E870C2F20040F7F790FF01
:101D600044F62800C2F20040F7F78AFF44F6680004
:101D7000C2F20040F7F784FF44F6AC00C2F2004024
:101D8000F7F77EFF44F66010C2F20040F7F778FFE5
:101D900044F6A010C2F20040F7F772FF44F24C7014
:101DA000C2F2004090ED000A44F25070C2F20040CE
:101DB000D0ED000A41F27070C2F20040F5F728FA47
:101DC00044F25870C2F20040FBF766FE8DED770AD0
:101DD0009DED770A44F23470C2F20040F8F720FB20
:101DE0009DED770A44F64820C2F20040F8F718FB50
:101DF00044F24C60C2F200401FEDD80A8DED290A72
:101E0000F8F75AF89DED290A44F6E010C2F20040B6
:101E1000F8F752F89DED290A44F6EC00C2F20040B2
:101E2000F8F74AF8FFE743F26C40C2F20040F6F7D9
:101E3000AFFF00285FD0FFE743F2DC30C2F2004082
:101E4000F7F71EFF43F21C40C2F20040F7F718FFFD
:101E500043F20850C2F20040F7F712FF43F2485035
:101E6000C2F20040F7F70CFF43F28850C2F2004084
:101E7000F7F706FF43F2CC50C2F20040F7F700FF3D
:101E800043F27460C2F20040F7F7FAFE43F2B46026
:101E9000C2F20040F7F7F4FE43F27430C2F20040A1
:101EA0009FEDF00A8DED280AF8F706F89DED280A57
:101EB00043F2F460C2F20040F7F7FEFF43F26440E1
:101EC000C2F2004090ED000A43F21060C2F20040FE
:101ED000F8F70EF943F27061C2F200410020086089
:101EE00043F25C40C2F20040006843F2C851C2F2C3
:101EF00000410860FFE744F25870C2F20040FBF76F
:101F0000CBFD44F65810C2F20040279080ED000A45
:101F100043F26C40C2F20040FBF7BEFD279940F24D
:101F20006810C2F2004080ED000A91ED000A44F210
:101F30004C71C2F2004191ED001A30EE410A44F2B8
:101F40005471C2F2004181ED000A90ED000A43F2A3
:101F50006040C2F2004090ED001A30EE410A43F2B8
:101F60006840C2F2004080ED000AFFE743F268409B
:101F7000C2F2004090ED000A9FEDBB1AB4EE410A98
:101F8000F1EE10FA0DDDFFE743F26840C2F20040C7
:101F900090ED000A9FEDB51A30EE010A80ED000ABF
:101FA000E4E7FFE743F26840C2F2004090ED000A28
:101FB0009FEDAF1AB4EE410AF1EE10FA0DDAFFE729
:101FC00043F26840C2F2004090ED000A9FEDA91A6A
:101FD00030EE010A80ED000AE4E744F65411C2F243
:101FE00000410020086044F65011C2F20041086030
:101FF00044F64811C2F20041086044F64C11C2F2A6
:102000000041086044F25870C2F20040FBF734FD12
:10201000002844D1FFE744F65C11C2F200410020E1
:10202000086044F24871C2F20041086044F2B460B2
:10203000C2F20040F7F724FE44F2F460C2F200401E
:10204000F7F71EFE44F2E870C2F20040F7F718FE00
:1020500044F62800C2F20040F7F712FE44F668008A
:10206000C2F20040F7F70CFE44F6AC00C2F20040AA
:10207000F7F706FE44F66010C2F20040F7F700FEE4
:1020800044F6A010C2F20040F7F7FAFD44F6EC0067
:10209000C2F200409FED730AF7F70EFFF5E144F23C
:1020A0005870C2F20040FBF7E7FC012840F0548171
:1020B000FFE79DF83D02C007002840F04D81FFE793
:1020C00040F29410C2F200400078032850D1FFE79C
:1020D00044F24C70C2F200400068739044F25070B9
:1020E000C2F200400068749041F67860C2F200408D
:1020F00001212491F9F7D0FF24988DED750A8DF810
:10210000D80144F65810C2F200400068709044F2C2
:10211000C840C2F200402590FBF7DAFE25988DED0D
:10212000710AFBF7DDFE8DED720A5EA8269048214C
:10213000DEF706FB2698719944F65C12C2F2004263
:1021400011606946086041F27070C2F2004047F6C3
:102150004C61C0F6020173AA70AB9FED470AF4F719
:102160003BFE6E9844F24871C2F200410860F2E012
:1021700040F21410C2F20040FBF71EFB0138B0FA27
:1021800080F040098DF877019DF87701C00788B18C
:10219000FFE744F25470C2F2004090ED000A44F2AE
:1021A000E870C2F20040DFED2F0AF7F779FD8DED00
:1021B000230A10E044F25470C2F2004090ED000A8D
:1021C00044F2B460C2F20040DFED260AF7F768FD82
:1021D0008DED230AFFE79DED230A44F65C10C2F261
:1021E0000040229080ED000A44F25071C2F200419A
:1021F00091ED000AD0ED000A44F24C60C2F20040BA
:10220000F7F782FE229890ED000A44F2A860C2F22D
:102210000040F8F789F844F65810C2F2004090EDFB
:10222000000A44F23470C2F20040F8F7F9F89DF861
:102230007701C00710B3FFE744F65C10C2F200401C
:1022400090ED000A44F25070C2F20040D0ED000A56
:1022500044F62800C2F20040F7F722FD8DED210A76
:1022600021E000BF00000000DB0F4940DB0FC9C0C8
:10227000DB0F49C0DB0FC9406F12833A44F65C1094
:10228000C2F2004090ED000A44F25070C2F20040E9
:10229000D0ED000A44F2F460C2F20040F7F700FD0E
:1022A0008DED210AFFE79DED210A44F65410C2F29C
:1022B00000401F9080ED000A44F24C60C2F20040E2
:1022C0001D90F7F711FE8DED1C0A44F2A860C2F2D2
:1022D0000040FBF7B9FC1D98B0EE401A9DED1C0ABA
:1022E00030EE010A44F64811C2F200411E9181ED20
:1022F000000AF7F701FE1D9844F64C11C2F20041A6
:1023000081ED000AF7F7ACFE1E9890ED001A30EE52
:10231000010A8DED200A44F23470C2F20040F8F751
:1023200077F81F99B0EE401A9DED200A30EE010AB1
:1023300044F65010C2F2004080ED000A91ED000A10
:1023400090ED001A30EE010A44F24870C2F20040EB
:1023500080ED000AFFE797E044F25870C2F20040B7
:10236000FBF78AFB022840F08E80FFE740F2141052
:10237000C2F20040FBF720FA0138B0FA80F04009C1
:102380008DF8760144F25870C2F20040FBF78CFBE6
:1023900044F65C10C2F2004080ED000A44F2507135
:1023A000C2F2004191ED000AD0ED000A44F6EC00C3
:1023B000C2F20040F7F7A8FD9DF87601C007C8B14A
:1023C000FFE744F65C10C2F2004090ED000A44F2D0
:1023D0005070C2F20040D0ED000A44F66800C2F22C
:1023E0000040F7F75DFC44F65410C2F2004080ED67
:1023F000000A18E044F65C10C2F2004090ED000ABA
:1024000044F25070C2F20040D0ED000A44F6AC0035
:10241000C2F20040F7F744FC44F65410C2F2004008
:1024200080ED000AFFE744F6EC00C2F200401B908A
:10243000F7F75AFD1B9844F64811C2F2004181EDAE
:10244000000AF7F759FD1B9844F64C11C2F20041FF
:1024500081ED000AF7F704FE44F65010C2F2004086
:1024600080ED000A44F65411C2F2004191ED000AD9
:1024700090ED001A30EE010A44F24870C2F20040BA
:1024800080ED000AFFE7FFE7FFE79DF8E301C007E3
:10249000F8B1FFE743F20C61C2F2004100201A904C
:1024A000086043F25C41C2F20041086043F26440BC
:1024B000C2F2004090ED000A43F21060C2F2004008
:1024C000F7F716FE1A9843F27061C2F200410860F5
:1024D00026E243F26C40C2F20040FBF7CDFA00283E
:1024E0004FD1FFE743F20C61C2F200410020199086
:1024F000086043F25C41C2F20041086043F2DC3004
:10250000C2F20040F7F7BCFB43F21C40C2F20040AD
:10251000F7F7B6FB43F20850C2F20040F7F7B0FB02
:1025200043F24850C2F20040F7F7AAFB43F288504A
:10253000C2F20040F7F7A4FB43F2CC50C2F20040D5
:10254000F7F79EFB43F27460C2F20040F7F798FB86
:1025500043F2B460C2F20040F7F792FB43F26440EA
:10256000C2F2004090ED000A43F21060C2F2004057
:10257000F7F7BEFD199843F27061C2F2004108609E
:10258000CDE143F26C40C2F20040FBF775FA01283E
:1025900040F04281FFE79DF83D02C007002840F06F
:1025A0003B81FFE740F26410C2F20040007803284C
:1025B00070D1FFE743F26840C2F2004090ED000A9C
:1025C00043F27460C2F200405FEDDA0AF7F768FB8D
:1025D00043F20C60C2F20040119080ED000A43F219
:1025E0006441C2F20041129191ED000AD0ED000A5F
:1025F00043F2F460C2F200401390F7F785FC1198A3
:1026000090ED000A43F25070C2F200401490F7F7C8
:102610008BFE43F26040C2F2004090ED000A43F2AC
:10262000FC40C2F200401690F7F74EFE1199129846
:1026300091ED000AD0ED000A43F2B460C2F200400E
:10264000F7F72EFB13988DED150AF7F709FD14988F
:10265000B0EE401A9DED150A30EE010A8DED170A15
:10266000FBF7F2FA1698B0EE401A9DED170A30EE1D
:10267000010A8DED180AF7F71FFEB0EE401A9DED26
:10268000180A30EE010A43F25C40C2F2004080EDCD
:10269000000AC0E040F21410C2F20040FBF78CF8D0
:1026A0000138B0FA80F040098DF875019DF8750188
:1026B000C00788B1FFE743F26840C2F2004090EDE6
:1026C000000A43F20850C2F20040DFEDEE0AF7F7CD
:1026D000E7FA8DED100A10E043F26840C2F20040C4
:1026E00090ED000A43F2DC30C2F20040DFEDE50A73
:1026F000F7F7D6FA8DED100AFFE79DED100A43F2C9
:102700000C60C2F200400F9080ED000A43F2644179
:10271000C2F2004191ED000AD0ED000A43F274309C
:10272000C2F20040F7F7F0FB0F9890ED000A43F279
:10273000D030C2F20040F7F7F7FD43F26040C2F23A
:10274000004090ED000A43F2FC40C2F20040F7F76F
:10275000BBFD9DF87501C007A8B1FFE743F20C600F
:10276000C2F2004090ED000A43F26440C2F2004021
:10277000D0ED000A43F24850C2F20040F7F790FA59
:102780008DED0E0A14E043F20C60C2F2004090EDB1
:10279000000A43F26440C2F20040D0ED000A43F266
:1027A0001C40C2F20040F7F77BFA8DED0E0AFFE7FE
:1027B0009DED0E0A43F25C40C2F200400C9080EDA9
:1027C000000A43F27430C2F20040F7F749FC8DED85
:1027D0000B0A43F2D030C2F20040FBF735FAB0EEFC
:1027E000401A9DED0B0A30EE010A8DED0D0A43F201
:1027F000FC40C2F20040F7F75FFD0C98B0EE401AC3
:102800009DED0D0A30EE011A90ED000A30EE010A3E
:1028100080ED000AFFE781E043F26C40C2F2004025
:10282000FBF72AF9022878D1FFE740F21410C2F230
:102830000040FAF7C1FF0138B0FA80F040098DF886
:10284000740143F26C40C2F20040FBF72DF943F2F1
:102850000C60C2F2004080ED000A43F26040C2F218
:10286000004090ED000A43F2FC40C2F20040F7F74E
:102870002BFD9DF87401C00738B3FFE743F20C60ED
:10288000C2F2004090ED000A43F26440C2F2004000
:10289000D0ED000A43F28850C2F20040F7F700FA88
:1028A0008DED0A0A43F2FC40C2F20040F7F704FD46
:1028B000B0EE401A9DED0A0A30EE010A43F25C4088
:1028C000C2F2004080ED000A26E043F20C60C2F242
:1028D000004090ED000A43F26440C2F20040D0EDA7
:1028E000000A43F2CC50C2F20040F7F7D9F98DED5F
:1028F000090A43F2FC40C2F20040F7F7DDFCB0EEFB
:10290000401A9DED090A30EE010A43F25C40C2F222
:10291000004080ED000AFFE7FFE7FFE7FFE7FFE782
:102920009DF8E301C007B8BBFFE743F26C40C2F279
:102930000040FBF7A1F801282ED1FFE79DF83D02EA
:10294000C00748BBFFE743F2C850C2F2004090ED19
:10295000000A43F26440C2F20040D0ED000A43F2A4
:102960001060C2F200400890F7F7DEFB0898FBF712
:1029700063F943F27060C2F2004080ED000A90ED0E
:10298000001A43F25C40C2F2004090ED000A30EEC3
:10299000010A80ED000A12E043F26440C2F20040F6
:1029A00090ED000A43F21060C2F20040F7F7A0FB7E
:1029B00043F27061C2F2004100200860FFE744F278
:1029C0004870C2F20040049090ED000AFAEE020A4C
:1029D000CDED020AB2EE021A8DED031AF8F7F4FEFD
:1029E000DDED020A9DED031A049880ED000A43F222
:1029F0005C40C2F20040059090ED000AF8F7E4FE5A
:102A00000498059981ED000A90ED000A44F258708F
:102A1000C2F20040F6F728F90498059980ED000A03
:102A2000096843F2C852C2F20042116090ED002AD8
:102A300041F67860C2F2004006900121DFED271ACE
:102A4000CDED071AB0EE610AF0EE610AB0EE611A40
:102A5000F8F732FC05990698DDED071A91ED002A8A
:102A60000221B0EE610AF0EE610AB0EE611AF8F7E9
:102A700023FC41F2FC70C2F200400078800730BBBA
:102A800002E000BF0000000040F26810C2F2004007
:102A900090ED002A43F26040C2F20040D0ED000AFF
:102AA00043F20C60C2F2004090ED001A43F2644021
:102AB000C2F20040D0ED001A43F25C40C2F2004086
:102AC000D0ED002AB0EE420A02F082FFFFE7FFE7F6
:102AD000012002F0FDFDFEF79EBC00BF00000000DB
:102AE00010B5AEB01BA919912D9041F69C20C2F2F1
:102AF0000040F5F741FE41F6F830C2F20040F6F72B
:102B0000BBFC43F6C850C2F20040F7F775F8FFE788
:102B1000002017908DF8B300DFF752FE41F6F83031
:102B2000C2F20040FAF78CFD41F69C20C2F2004050
:102B3000FAF786FD40F21410C2F200401690FAF740
:102B40003BFE0138B0FA80F040098DF8B200E5F79D
:102B5000EBFB2B90F5F7F8FB2A902A98FAF7DCFDAF
:102B600011902A98FAF7E0FD12902A98FAF7CCFD16
:102B700013902A98FAF7A8FD119A129B1799864686
:102B800013982B9CEC46CCF80840CCF804E0CCF829
:102B9000000043F6C850C2F200401490F6F778FFE8
:102BA0001698FAF7F5FD8DF8A7002A982B99FAF7F1
:102BB00093FD179902461698289227912691259100
:102BC000249140F22031C2F2004115918A7F8DF8A4
:102BD0009020C97F8DF89110FAF7AEFD0146169846
:102BE0008DF89210FAF7B0FD014616988DF8931003
:102BF000FAF7C6FD8DF8940043F6FC40C2F200409F
:102C00001890FBF7C1F81999149881ED0B0A9DF8FB
:102C1000B21001F001018DF89C109DF8A71001F091
:102C20000101FAF77DFF1599179A034616988DF85A
:102C30009D3023928A7F8DF88C20C97F8DF88D106E
:102C4000FAF77AFD1799024618988DF88E209DF8AC
:102C5000B22002F001028DF88F208DF8B310F7F743
:102C60001FFD20B9FFE701208DF8B30068E09DF853
:102C7000B200C007002855D1FFE740F22030C2F271
:102C80000040807F022808D1FFE740F22030C2F2E6
:102C90000040C07F022840D0FFE740F22030C2F25F
:102CA0000040807F022808D1FFE740F22030C2F2C6
:102CB0000040C07F032830D0FFE740F22030C2F24E
:102CC0000040807F032808D1FFE740F22030C2F2A5
:102CD0000040C07F022820D0FFE740F22030C2F23F
:102CE0000040807F032808D1FFE740F22030C2F285
:102CF0000040C07F012810D0FFE740F22030C2F230
:102D00000040807F03280CD1FFE740F22030C2F260
:102D10000040C07F032804D1FFE701208DF8B300F5
:102D2000FFE70CE040F21410C2F20040FAF704FD95
:102D300020B9FFE701208DF8B300FFE7FFE7FFE7C9
:102D400041F66013C2F20043D86941F69822C2F2FC
:102D500000421060986841F62031C2F200410860DC
:102D6000D3F810C041F61830C2F20040C0F800C0DD
:102D7000D3F828C041F6F03EC2F2004ECEF800C0B3
:102D8000D3F848C041F6F43EC2F2004ECEF800C07F
:102D90009B6E41F6EC3CC2F2004CCCF8003092ED58
:102DA000000AD1ED000A90ED001A41F69C20C2F213
:102DB0000040109024A9F5F707FD1098F5F758FC8E
:102DC000109843F27031C2F2004181ED000AF5F72C
:102DD0003FFC8DF88B009DF8B300A0B3FFE741F6F0
:102DE0001820C2F20040F6F74BFF41F62430C2F241
:102DF0000040F6F745FF41F65820C2F20040F6F7D2
:102E00003FFF41F66430C2F20040F6F739FF41F669
:102E10001C31C2F200410020086043F26C31C2F262
:102E20000041086043F69851C2F20041086041F643
:102E30005811C2F20041086041F61810C2F2004079
:102E4000F6F71EFFA7E19DF88B00022840F02981CC
:102E5000FFE741F69C20C2F200400E90F5F700FC1F
:102E60000E988DED0F0AF5F703FC1998B0EE401A95
:102E70009DED0F0A30EE410A80ED060A90ED060A3C
:102E8000B5EE400AF1EE10FA06DBFFE7199890ED77
:102E9000060A8DED0D0A07E0199890ED060AB1EECD
:102EA000400A8DED0D0AFFE719989DED0D0A80EDA2
:102EB000050A41F62030C2F2004090ED000AB5EE5E
:102EC000400AF1EE10FA09DBFFE741F62030C2F2CA
:102ED000004090ED000A8DED0C0A0AE041F620302A
:102EE000C2F2004090ED000AB1EE400A8DED0C0AEE
:102EF000FFE719989DED0C0A80ED040A41F69C202D
:102F0000C2F200400A90FAF793FB01460A988DF846
:102F10007B10F5F7A5FB0A988DED0B0AF5F7A8FBDA
:102F2000F0EE400A9DED0B0A41F61820C2F2004077
:102F3000F6F7B6FE41F6E830C2F2004080ED000A36
:102F400090ED000A41F62030C2F20040D0ED000AB8
:102F500041F62430C2F20040F6F7A2FE41F61C30E2
:102F6000C2F2004080ED000A9DF87B00012806D0E7
:102F7000FFE79DF87B00042840F09280FFE7199856
:102F800090ED050A9FEDDD1AB4EE410AF1EE10FA5C
:102F900040F38680FFE7199890ED040A9FEDD81A58
:102FA000B4EE410AF1EE10FA7ADAFFE741F6E830C2
:102FB000C2F2004090ED000AB5EE400AF1EE10FAC0
:102FC00019DDFFE741F61C30C2F2004090ED000A27
:102FD000B5EE400AF1EE10FA0DDDFFE741F61C30C8
:102FE000C2F2004090ED000A9FEDC61A30EE010AD1
:102FF00080ED000A25E041F6E830C2F2004090ED95
:10300000000AB5EE400AF1EE10FA19DAFFE741F6D0
:103010001C30C2F2004090ED000AB5EE400AF1EE1D
:1030200010FA0DDAFFE741F61C30C2F2004090EDD5
:10303000000A9FEDB51A30EE010A80ED000AFFE7A5
:10304000FFE741F61C30C2F2004090ED000A9FED10
:10305000AF1AB4EE410AF1EE10FA08DDFFE741F6CF
:103060001C31C2F200414FF08D40086017E041F67C
:103070001C30C2F2004090ED000A9FEDA51AB4EE9C
:10308000410AF1EE10FA09DAFFE741F61C31C2F20B
:1030900000410020CCF280600860FFE7FFE7FFE717
:1030A00078E09DF88B00012854D1FFE741F2F670DB
:1030B000C2F20040007801280DD0FFE741F69C20C5
:1030C000C2F20040F5F7D4FA41F6E430C2F2004013
:1030D00080ED000AFFE7B0EE080A00F0F5FAB0EE66
:1030E000401A41F6E430C2F2004090ED000A30EEA2
:1030F000410A80ED000A90ED000A8DED090A41F6C3
:103100009C20C2F20040F5F7B3FAF0EE400A9DEDC4
:10311000090A41F65820C2F20040F6F7C1FD41F617
:10312000E830C2F2004080ED000A90ED000A41F65E
:103130002030C2F20040D0ED000A41F66430C2F205
:103140000040F6F7ADFD41F61C30C2F2004080EDC4
:10315000000A1EE041F61820C2F20040F6F790FD8A
:1031600041F62430C2F20040F6F78AFD41F65820BD
:10317000C2F20040F6F784FD41F66430C2F200402E
:10318000F6F77EFD41F61C31C2F2004100200860D6
:10319000FFE7FFE7FFE79DF88B0041F2F671C2F20F
:1031A0000041087041F6F030C2F2004090ED000A94
:1031B00041F6F430C2F20040D0ED000A41F6EC30A6
:1031C000C2F2004090ED001A41F6F830C2F2004021
:1031D000079023A9F6F764F90798F6F735F90798E9
:1031E000199981ED020AF6F737F90798199981EDD7
:1031F000010AF6F739F9199880ED000A9DF8B31025
:103200000020089029BBFFE7199890ED020A0120E1
:10321000B5EE400AF1EE10FA069017D1FFE71998C3
:1032200090ED010A0120B5EE400AF1EE10FA069089
:103230000CD1FFE7199890ED000A0020B5EE400A86
:10324000F1EE10FA18BF01200690FFE706980890EB
:10325000FFE7089800F001008DF86B0041F6601060
:10326000C2F2004090ED0C0A2B9A9DF86B0000F022
:10327000010140F20C10C2F200400590F6F730FB5D
:103280000598F6F711FB8DF86A0043F6C850C2F2B4
:103290000040FAF78DFC88B9FFE79DF86A00C00787
:1032A00060B1FFE72B9A9DF8A70000F0010143F6FB
:1032B000C850C2F20040F6F7BBFBFFE79DF8B30031
:1032C00040BBFFE7199890ED020AB5EE400AF1EE17
:1032D00010FA5CD1FFE7199890ED010AB5EE400AAB
:1032E000F1EE10FA53D1FFE7199890ED000AB5EE10
:1032F000400AF1EE10FA4AD10CE000BF0080894389
:103300000000FA4300004845000048C50000804620
:10331000000080C643F22C30C2F20040F6F7B0FC49
:1033200043F65850C2F20040F6F7AAFC41F61810D6
:10333000C2F20040F6F7A4FC41F6F030C2F20040C1
:1033400090ED000AF4F73CFC43F26C30C2F200400E
:1033500080ED000A41F6F430C2F2004090ED000A20
:10336000F4F72EFC43F69850C2F2004080ED000ABC
:1033700041F6EC30C2F2004090ED000AF4F720FC78
:1033800041F65810C2F2004080ED000A53E119984E
:1033900090ED020A41F6F030C2F20040D0ED000A92
:1033A00043F22C30C2F20040F6F77AFC199843F24F
:1033B0006C31C2F2004181ED000A90ED010A41F644
:1033C000F430C2F20040D0ED000A43F65850C2F289
:1033D0000040F6F765FC199843F69851C2F2004197
:1033E00081ED000A90ED000A41F6EC30C2F2004097
:1033F000D0ED000A41F61810C2F20040F6F750FC7A
:10340000199841F65811C2F2004181ED000A90ED81
:10341000020AB5EE400AF1EE10FA0CDAFFE743F2C9
:103420006C30C2F2004090ED000AB5EE400AF1EEB9
:1034300010FA15DCFFE7199890ED020AB5EE400A84
:10344000F1EE10FA3EDDFFE743F26C30C2F20040CD
:1034500090ED000AB5EE400AF1EE10FA32DAFFE71D
:1034600043F26C30C2F2004090ED000A9FED941AD6
:10347000B4EE410AF1EE10FA0ADDFFE743F26C31D7
:10348000C2F2004144F20000C4F21C50086018E08F
:1034900043F26C30C2F2004090ED000A9FED891AB1
:1034A000B4EE410AF1EE10FA0ADAFFE743F26C31AA
:1034B000C2F2004144F20000CCF21C500860FFE769
:1034C000FFE7FFE7199890ED010AB5EE400AF1EE2B
:1034D00010FA0CDAFFE743F69850C2F2004090ED84
:1034E000000AB5EE400AF1EE10FA15DCFFE7199874
:1034F00090ED010AB5EE400AF1EE10FA3EDDFFE76D
:1035000043F69850C2F2004090ED000AB5EE400A32
:10351000F1EE10FA32DAFFE743F69850C2F20040BB
:1035200090ED000A9FED661AB4EE410AF1EE10FA32
:103530000ADDFFE743F69851C2F2004144F2000071
:10354000C4F21C50086018E043F69850C2F20040E4
:1035500090ED000A9FED5B1AB4EE410AF1EE10FA0D
:103560000ADAFFE743F69851C2F2004144F2000044
:10357000CCF21C500860FFE7FFE7FFE7199890EDD9
:10358000000AB5EE400AF1EE10FA0CDAFFE741F658
:103590005810C2F2004090ED000AB5EE400AF1EE7C
:1035A00010FA15DCFFE7199890ED000AB5EE400A15
:1035B000F1EE10FA3EDDFFE741F65810C2F200408E
:1035C00090ED000AB5EE400AF1EE10FA32DAFFE7AC
:1035D00041F65810C2F2004090ED000A9FED381AF3
:1035E000B4EE410AF1EE10FA0ADDFFE741F6581198
:1035F000C2F2004144F20000C4F21C50086018E01E
:1036000041F65810C2F2004090ED000A9FED2D1ACD
:10361000B4EE410AF1EE10FA0ADAFFE741F658116A
:10362000C2F2004144F20000CCF21C500860FFE7F7
:10363000FFE7FFE7FFE741F61C30C2F2004090EDE4
:10364000000ABDEEC00A10EE101A41F66040C2F248
:10365000004004900122F8F72BFA049843F26C31F1
:10366000C2F2004191ED000ABDEEC00A10EE101A40
:103670000222F8F71DFA049843F69851C2F200416D
:1036800091ED000ABDEEC00A10EE101A0322F8F701
:103690000FFA049841F65811C2F2004191ED000A68
:1036A000BDEEC00A10EE101A0422F8F701FA0498D1
:1036B000F8F716FA052002F00BF8FFF729BA00BF59
:1036C00000401C4500401CC585B08DED040A00205B
:1036D000C4F2C00003900020C4F2702002900020C9
:1036E000C4F24C2001904DF20A70C3F6A330009052
:1036F0009DED040A9FED061A20EE010A9FED051AC2
:1037000020EE010A9FED041A20EE010A05B0704771
:103710000000704200004C420AD7A33B00000000AA
:1037200080B582B0002001904EF61450CEF2000019
:1037300000688003002801D5FFE71AE0BFF34F8F30
:10374000BFF36F8F4EF65071CEF20001002008607B
:10375000BFF34F8FBFF36F8F4EF61451CEF20001BF
:10376000086840F400300860BFF34F8FBFF36F8FDD
:10377000FFE7E4F7F1FDF4F77FF8F4F7E9F8EBF78A
:1037800093FEEBF741FDEBF7C7FDEBF705FEEBF71B
:1037900047FEEBF775FFEBF7A3FFEBF7F1FFECF755
:1037A0007FF8ECF735F8ECF7C3F8ECF70DF9EBF729
:1037B000F7FE00F025F8F3F7FFFF00F045F8FFE70C
:1037C000FEE700000000000080B584B00290EFF337
:1037D00005800390039820B1FFE76FF0050001908A
:1037E00009E000200190029820B1FFE7029801F063
:1037F0006FFFFFE7FFE7019804B080BD0000000005
:1038000082B0EFF305800190019820B1FFE76FF0DF
:103810000500009014E040F21C30C2F20040006845
:1038200048B9FFE740F21C31C2F2004101200860B4
:103830000020009003E04FF0FF300090FFE7FFE72B
:10384000009802B07047000080B582B0EFF30580A9
:103850000190019820B1FFE76FF00500009019E09A
:1038600040F21C30C2F20040006801280DD1FFE791
:10387000ECF762FD40F21C31C2F200410220086008
:1038800001F0CAFF0020009003E04FF0FF300090ED
:10389000FFE7FFE7009802B080BD000000000000D5
:1038A000B0B58EB00B900A91099200200690EFF30C
:1038B00005800D900D98002840F09980FFE70B9847
:1038C000002800F09480FFE78020079018200590E2
:1038D000002008904FF0FF300490099800284DD048
:1038E000FFE70998006820B1FFE709980068089091
:1038F000FFE70998806920B1FFE709988069059082
:10390000FFE7059848B1FFE70598382805D8FFE795
:1039100009980079C00718B1FFE700200C9069E012
:103920000998406928B1FFE7099840698008079025
:10393000FFE70998806880B1FFE70998C0685C28B4
:103940000BD3FFE70998006938B1FFE70998406990
:1039500018B1FFE7012004900FE00998806858B97A
:10396000FFE70998C06838B9FFE70998006918B9F6
:10397000FFE700200490FFE7FFE702E0002004904B
:10398000FFE70498012817D1FFE70B980899079AD9
:103990000A9BDDF814C0DDF824E0DEF80850DEF8FC
:1039A0001040EE46CEF80850CEF80440CEF800C0E5
:1039B00002F09EFD069019E00498B0B9FFE70B985D
:1039C0000899BDF81C200A9BDDF814C0EE4606AC31
:1039D000CEF80440CEF800C002F03AFD012803D032
:1039E000FFE700200690FFE7FFE7FFE7FFE7069805
:1039F0000C90FFE70C980EB0B0BD00000000000076
:103A000080B584B00390029144F23C60C2F2004061
:103A10000068009043F65000C2F200400068043095
:103A200001F0FAFB08B9FFE700E0FFE70398013077
:103A300080B9FFE7029868B1FFE743F65000C2F291
:103A400000400068011D44F21460C2F2004001F021
:103A50008FFC3DE00098039908440190019843F6DB
:103A60005001C2F2004109684860019800998842FB
:103A70000ED2FFE743F66000C2F20040006843F652
:103A80005001C2F200410968043101F039FC1EE026
:103A900043F65800C2F20040006843F65001C2F2FB
:103AA00000410968043101F02BFC019844F29C515B
:103AB000C2F200410968884207D2FFE7019844F248
:103AC0009C51C2F20041086000E0FFE7FFE7FFE71A
:103AD00004B080BD0000000080B582B0019001F00C
:103AE00073FC43F6FC51C2F20041086801300860E3
:103AF00043F65000C2F20040006898B9FFE7019811
:103B000043F65001C2F20041086043F6FC50C2F295
:103B100000400068012803D1FFE700F005FB00E04A
:103B2000FFE71CE044F20860C2F200400068A0B960
:103B3000FFE743F65000C2F200400068C06A0199F6
:103B4000C96A884207D8FFE7019843F65001C2F2DC
:103B50000041086000E0FFE700E0FFE7FFE743F611
:103B60000860C2F2004001680131016000680199FB
:103B700048640198C06A43F60C61C2F200410968CA
:103B8000884208D9FFE70198C06A43F60C61C2F287
:103B900000410860FFE70199C86A00EB800243F624
:103BA0006800C2F2004000EB8200043101F0E0FB4B
:103BB00001F036FC44F20860C2F200400068C8B16F
:103BC000FFE743F65000C2F200400068C06A019966
:103BD000C96A88420CD2FFE74EF60451CEF20001CA
:103BE0004FF080500860BFF34F8FBFF36F8F00E03E
:103BF000FFE700E0FFE702B080BD0000000000002A
:103C000080B584B001F0E0FB44F24060C2F20040B5
:103C10000068002840D1FFE744F23450C2F200406F
:103C2000029001F04DFB44F24850C2F20040039074
:103C300001F046FB0299039843F65402C2F2004297
:103C4000116043F66401C2F2004108606946002039
:103C5000086043F25C72C2F2004243F2FC73C2F2AB
:103C600000430A20102101F0F3FF014644F24060B6
:103C7000C2F200400160006860B1FFE744F24060BA
:103C8000C2F20040006848F25511C0F6020101F08E
:103C9000BFFC00E0FFE700E0FFE701F0C1FB04B07C
:103CA00080BD00000000000080B582B0FFE743F651
:103CB0000060C2F20040006808B3FFE701F084FB37
:103CC00044F22860C2F20040C068C06801900198C8
:103CD000043001F0A1FA43F6FC51C2F20041086839
:103CE0000138086043F60061C2F2004108680138FB
:103CF000086001F095FB019800F092F8D7E702B058
:103D000080BD00000000000080B582B001900091ED
:103D10000198006CB8B1FFE70199C8680A6C1044BB
:103D2000C86001988168C068884204D3FFE70199A0
:103D30000868C86000E0FFE70098019AD168126C3B
:103D4000DCF73DFCFFE702B080BD00000000000092
:103D500080B586B0059004910392002002900598EA
:103D6000806B01900598006C78B9FFE705980068B2
:103D700048B9FFE70598806802F02EFD029005998A
:103D80000020886000E0FFE741E00398B8B9FFE752
:103D9000059A04995068126CDCF711FC0599486883
:103DA0000A6C10444860059948688968884204D3C1
:103DB000FFE705990868486000E0FFE726E0059AFC
:103DC0000499D068126CDCF7FAFB0599C8680A6C94
:103DD000801AC86005980168C068884206D2FFE76B
:103DE000059988680A6C801AC86000E0FFE70398AC
:103DF000022809D1FFE7019820B1FFE701980138B7
:103E0000019000E0FFE700E0FFE7FFE7FFE7019830
:103E1000013005998863029806B080BD000000005B
:103E200080B582B00090009890F8590040B9FFE743
:103E30000098006B01F01CFB009801F019FB1CE0DE
:103E4000009890F85900012804D1FFE7009801F08C
:103E50000FFB11E0009890F8590002280BD0FFE703
:103E60004FF0500080F31188BFF36F8FBFF34F8F77
:103E70000190FFE7FEE7FFE7FFE702B080BD00002B
:103E800082B0019043F65400C2F20040006800681E
:103E9000B0FA80F04009019908600198006848B9BB
:103EA000FFE743F65400C2F200400068C0680068B3
:103EB000009002E000200090FFE7009802B07047F9
:103EC00084B04FF40040009040F20000C2F20000C5
:103ED00001909DF80400400788B1FFE70198073082
:103EE0000190019820F007000190019A40F2000132
:103EF000C2F200010098891A08440090FFE7019877
:103F00000290029944F20C60C2F20040016000216C
:103F100041600298009A104401900198083801907D
:103F2000019820F007000190019A43F65C00C2F26C
:103F300000400260026851600268116002990391BA
:103F40000199039A891A51600068039908600398DF
:103F5000406844F29851C2F20041086003984068FA
:103F600044F28C51C2F20041086044F25C51C2F24A
:103F700000414FF00040086004B0704700000000AE
:103F800080B582B00190FFE7FFF78EFE43F6680030
:103F9000C2F20040006802280CD3FFE74EF604513D
:103FA000CEF200014FF080500860BFF34F8FBFF397
:103FB0006F8F00E0FFE7E7E780B584B0DDF818C059
:103FC0000390029101928DF80330029818B9FFE72F
:103FD0000698006003E0019806990860FFE70398DF
:103FE0000699C8630298069908640698012101F0B1
:103FF000B7FE9DF80300069981F84C0004B080BD1F
:1040000080B588B0DDF834C0DDF830C0DDF82CC0F4
:10401000DDF828C006900591049203930C98006B7C
:1040200004998900A522DCF783FB0C98006B0499A6
:1040300000EB810004380290029820F00700029003
:104040009DF80800400758B1FFE74FF0500080F39B
:104050001188BFF36F8FBFF34F8F0790FFE7FEE725
:104060000598F8B1FFE700200190FFE701980F28BD
:1040700013D8FFE70598019A805C0C99114481F8E8
:10408000340005980199405C08B9FFE705E0FFE7B7
:10409000FFE7019801300190E8E70C99002081F8D2
:1040A000430004E00C99002081F83400FFE70A98EF
:1040B000382803D3FFE737200A9000E0FFE70A988B
:1040C0000C99C8620A980C99C8640C990020009059
:1040D00008650C98043001F00BF90C98183001F0C9
:1040E00007F900980C9909610A99C1F138010C9AF5
:1040F00091610C9949620C9948650C9981F85800B6
:1041000002980699039A00F0DFFC0C9908600B985E
:1041100020B1FFE70C980B99086000E0FFE708B0BA
:1041200080BD00000000000080B584B00020039036
:10413000FFE70398372810D8FFE7039800EB8001CA
:1041400043F66800C2F2004000EB810001F0B8F8CD
:10415000FFE7039801300390EBE744F26450C2F2AA
:104160000040019001F0ACF844F27850C2F20040F7
:10417000029001F0A5F844F2B050C2F2004001F004
:104180009FF844F22860C2F2004001F099F844F22E
:104190001460C2F2004001F093F80199029843F6CE
:1041A0005802C2F20042116043F66001C2F20041BF
:1041B000086004B080BD000083B0029044F20C603F
:1041C000C2F200400190FFE701980068029988421E
:1041D00005D2FFE7FFE7019800680190F4E7019836
:1041E000009000980199496808440299884209D1D1
:1041F000FFE70298426801994868104448600198B6
:10420000029000E0FFE70298009000980299496848
:10421000084401990968884220D1FFE701980068A5
:1042200043F65C01C2F20041096888420DD0FFE705
:1042300001980068426802994868104448600198F3
:10424000006800680299086007E043F65C00C2F26B
:104250000040006802990860FFE704E001980068E8
:1042600002990860FFE701980299884204D0FFE7AD
:1042700002980199086000E0FFE703B07047000072
:1042800080B586B0059004910392029300200190BE
:10429000049805994860059800610498039988423C
:1042A00016D8FFE703980299401A05998969884250
:1042B00003D3FFE70120019009E043F66400C2F256
:1042C000004000680599043101F01AF8FFE717E093
:1042D00003980299884208D2FFE70498029988421D
:1042E00003D3FFE70120019009E043F65400C2F236
:1042F000004000680599043101F002F8FFE7FFE78C
:10430000019806B080BD000080B582B0019001F038
:104310005BF80198806B18B9FFE70120009002E07C
:1043200000200090FFE701F07BF8009802B080BD0C
:1043300080B582B0019001F047F80198806B019937
:10434000C96B884203D1FFE70120009002E0002002
:104350000090FFE701F064F8009802B080BD000013
:1043600008480068006880F308884FF0000080F378
:10437000148862B661B6BFF34F8FBFF36F8F00DF53
:1043800000BF000008ED00E080B586B00490039106
:1043900043F65400C2F200400068C068C068019053
:1043A0000198043000F038FF019890F82800400789
:1043B000002823D5FFE70198049B81691944039ADB
:1043C000FFF75EFFC0B1FFE70198049A694600233A
:1043D0000B60194602F0F0FB0290029858B9FFE713
:1043E0004FF0500080F31188BFF36F8FBFF34F8FF2
:1043F0000590FFE7FEE700E0FFE707E0019991F88D
:10440000280000F0FE0081F82800FFE70198016A0B
:10441000884706B080BD000080B58EB0FFE744F24B
:104420004060C2F20040006807A9002201F0B8FE17
:10443000002800F0B880FFE70798B0F1FF3F17DCD5
:10444000FFE707A804300290029858B9FFE74FF041
:10445000500080F31188BFF36F8FBFF34F8F0D9023
:10446000FFE7FEE702990A6848688968904700E01C
:10447000FFE70798002800F19580FFE7099806906C
:104480000698406928B1FFE70698043000F0C4FEA2
:1044900000E0FFE705A800F0FFF8039007980190FF
:1044A000092800F27D800199DFE801F00505053D4E
:1044B000456605053D45069991F8280040F0010044
:1044C00081F828000698089B81691944039AFFF730
:1044D000D7FE30B3FFE70698016A8847069890F840
:1044E0002800400700281AD5FFE706980899826936
:1044F0000A44694600230B60194602F05DFB0490F4
:10450000049858B9FFE74FF0500080F31188BFF3CB
:104510006F8FBFF34F8F0C90FFE7FEE700E0FFE7E0
:1045200000E0FFE73DE0069991F8280000F0FE006A
:1045300081F8280035E0069991F8280040F0010044
:1045400081F828000898069988610698806958B90A
:10455000FFE74FF0500080F31188BFF36F8FBFF378
:104560004F8F0B90FFE7FEE70698039B8169194484
:104570001A46FFF785FE14E0069890F82800800799
:10458000002804D4FFE7069800F072FF07E00699C0
:1045900091F8280000F0FE0081F82800FFE700E015
:1045A000FFE7FFE73BE70EB080BD00000000000022
:1045B00080B584B00390029101F09EF9684600F046
:1045C0006BF801900098D8BBFFE7029860B9FFE74D
:1045D00003980199884207D8FFE702F0DDF90398B4
:1045E0000199FFF7D1FE2AE0029858B1FFE743F6A0
:1045F0006400C2F2004000680068B0FA80F0400930
:104600000290FFE744F24060C2F200400068039964
:10461000019A891A029A01F027F802F0BDF960B9EF
:10462000FFE74EF60451CEF200014FF080500860D3
:10463000BFF34F8FBFF36F8F00E0FFE7FFE702E0AC
:1046400002F0AAF9FFE704B080BD000000000000FE
:1046500081B043F65800C2F200400068006840B9DB
:10466000FFE744F29C51C2F200414FF0FF30086076
:104670000FE043F65800C2F200400068C068C0680E
:1046800000900098406844F29C51C2F200410860DA
:10469000FFE701B07047000080B582B0019001F0E3
:1046A000ABFF0090009843F64C01C2F2004109684C
:1046B000884206D2FFE700F013F801990120086054
:1046C00003E0019900200860FFE7009843F64C01E1
:1046D000C2F200410860009802B080BD00000000F6
:1046E00080B588B0FFE743F65400C2F2004000688E
:1046F000006800284ED0FFE743F65400C2F20040A5
:104700000168C968096806910068C068C0680390BC
:104710000398043000F080FD0398016A88470398ED
:1047200090F828004007002832D5FFE70698039943
:104730008969084405900598069988420FD9FFE7D2
:104740000598039948600398006143F65400C2F24B
:10475000004000680399043100F0D2FD17E003988F
:10476000069A694600230B60194602F025FA02906A
:10477000029858B9FFE74FF0500080F31188BFF35B
:104780006F8FBFF34F8F0790FFE7FEE7FFE700E073
:10479000FFE7A8E743F65402C2F200421068049013
:1047A00043F66401C2F20041086810600498086092
:1047B00008B080BD0000000083B00020009040F2EF
:1047C0007410C2F200400068013058B1FFE74FF0AA
:1047D000500080F31188BFF36F8FBFF34F8F0290AB
:1047E000FFE7FEE74FF0500080F31188BFF36F8FB3
:1047F000BFF34F8F0190FFE7009808B9FFE7FBE791
:1048000003B070470000000080B584B00390FFE75C
:1048100001A8FFF735FB029002980199FFF7C8FE47
:10482000FFF7FAFDF4E7000080B582B0019000F0D8
:10483000CBFD019890F845008DF80300FFE79DF946
:104840000300012816DBFFE70198406A58B1FFE733
:104850000198243002F038F818B1FFE700F084FF27
:1048600000E0FFE700E005E09DF8030001388DF867
:104870000300E4E70199FF2081F8450000F0D0FD36
:1048800000F0A2FD019890F844008DF80200FFE7C7
:104890009DF90200012816DBFFE70198006980B14D
:1048A000FFE70198103002F00FF818B1FFE700F0B1
:1048B0005BFF00E0FFE79DF8020001388DF8020081
:1048C00000E000E0E4E70199FF2081F8440000F0F7
:1048D000A7FD02B080BD000080B58AB00690002020
:1048E000029001F009F843F65C00C2F20040006853
:1048F00018B9FFE7FFF7E4FA00E0FFE7069844F293
:104900005C51C2F200410968084240F0C580FFE7EF
:10491000069800B3FFE70698083006909DF8180047
:104920004007B0B1FFE7069820F007000830069076
:104930009DF81800400758B1FFE74FF0500080F392
:104940001188BFF36F8FBFF34F8F0990FFE7FEE72A
:1049500000E0FFE700E0FFE70698002800F09A80FB
:10496000FFE7069844F28C51C2F200410968884280
:1049700000F29080FFE744F20C60C2F20040049025
:1049800000680590FFE705984168069A002091426B
:10499000019007D2FFE705980068002818BF0120A2
:1049A0000190FFE70198C00730B1FFE70598049038
:1049B000059800680590E6E7059843F65C01C2F2A9
:1049C00000410968884263D0FFE704980068083016
:1049D0000290059800680499086005984068069957
:1049E000401A112821D3FFE705980699084403903F
:1049F0009DF80C00400758B1FFE74FF0500080F3DE
:104A00001188BFF36F8FBFF34F8F0890FFE7FEE76A
:104A1000059840680699401A0399486006980599D8
:104A200048600398FFF7C8FB00E0FFE7059842687D
:104A300044F28C50C2F200400168891A016000689B
:104A400044F29851C2F20041096888420BD2FFE754
:104A500044F28C50C2F20040006844F29851C2F215
:104A60000041086000E0FFE744F25C50C2F2004001
:104A7000026805994868104348600599002008605D
:104A800044F2A451C2F2004108680130086000E01D
:104A9000FFE700E0FFE700E0FFE701F07DFF9DF8A2
:104AA0000800400758B1FFE74FF0500080F311882D
:104AB000BFF36F8FBFF34F8F0790FFE7FEE70298BA
:104AC0000AB080BD0000000083B002900191009206
:104AD00002980438029002994FF0807008600298A2
:104AE00004380290019820F00100029908600298B1
:104AF00004380290029944F2B970C0F602000860CE
:104B000002981438029000980299086002980438BC
:104B1000029002996FF0020008600298203802901B
:104B2000029803B07047000080B5B0B02F9001200C
:104B30002021002201F050F843F65451C2F2004106
:104B40000860F8F759F8F8F757F8F8F7ADF92E902C
:104B5000F8F752F8F8F7B4F92D902E98109029A88C
:104B60001190FBF7DDFA109811990268D26A90470C
:104B70001198FBF7EDFA2D98129024A81390FBF7EB
:104B8000DBFA129813990268D26A90471398FBF7E0
:104B9000DFFA47F6E451C0F602010868496822913D
:104BA00021902E9801688A6A21A9904742F27820C4
:104BB000C2F2004000681021C4F20201884200F0F5
:104BC000B280FFE742F27820C2F20040006828215C
:104BD000C4F20201884200F0A680FFE742F278208A
:104BE000C2F2004000684021C4F20201884200F095
:104BF0009A80FFE742F27820C2F200400068582114
:104C0000C4F20201884200F08E80FFE742F2782071
:104C1000C2F2004000687021C4F20201884200F034
:104C20008280FFE742F27820C2F2004000688821CB
:104C3000C4F20201884276D0FFE742F27820C2F245
:104C400000400068A021C4F2020188426BD0FFE757
:104C500042F27820C2F200400068B821C4F202019A
:104C6000884260D0FFE742F27820C2F2004000683C
:104C700040F21041C4F20201884254D0FFE742F2F0
:104C80007820C2F20040006840F22841C4F20201DC
:104C9000884248D0FFE742F27820C2F20040006824
:104CA00040F24041C4F2020188423CD0FFE742F2A8
:104CB0007820C2F20040006840F25841C4F202017C
:104CC000884230D0FFE742F27820C2F2004000680C
:104CD00040F27041C4F20201884224D0FFE742F260
:104CE0007820C2F20040006840F28841C4F202011C
:104CF000884218D0FFE742F27820C2F200400068F4
:104D000040F2A041C4F2020188420CD0FFE742F217
:104D10007820C2F20040006840F2B841C4F20201BB
:104D200088420AD1FFE742F27820C2F200400168CF
:104D3000086820F00800086009E042F27820C2F21A
:104D400000400168086820F004000860FFE747F6AB
:104D5000EC51C0F602010868496820911F902D9817
:104D600001688A6A1FA9904742F2F020C2F200400F
:104D700000681021C4F20201884200F0B280FFE70F
:104D800042F2F020C2F2004000682821C4F2020181
:104D9000884200F0A680FFE742F2F020C2F2004015
:104DA00000684021C4F20201884200F09A80FFE7C7
:104DB00042F2F020C2F2004000685821C4F2020121
:104DC000884200F08E80FFE742F2F020C2F20040FD
:104DD00000687021C4F20201884200F08280FFE77F
:104DE00042F2F020C2F2004000688821C4F20201C1
:104DF000884276D0FFE742F2F020C2F2004000681D
:104E0000A021C4F2020188426BD0FFE742F2F020F9
:104E1000C2F200400068B821C4F20201884260D0AA
:104E2000FFE742F2F020C2F20040006840F2104179
:104E3000C4F20201884254D0FFE742F2F020C2F2ED
:104E40000040006840F22841C4F20201884248D084
:104E5000FFE742F2F020C2F20040006840F2404119
:104E6000C4F2020188423CD0FFE742F2F020C2F2D5
:104E70000040006840F25841C4F20201884230D03C
:104E8000FFE742F2F020C2F20040006840F27041B9
:104E9000C4F20201884224D0FFE742F2F020C2F2BD
:104EA0000040006840F28841C4F20201884218D0F4
:104EB000FFE742F2F020C2F20040006840F2A04159
:104EC000C4F2020188420CD0FFE742F2F020C2F2A5
:104ED0000040006840F2B841C4F2020188420AD1A1
:104EE000FFE742F2F020C2F200400168086820F0BB
:104EF0000800086009E042F2F020C2F200400168B8
:104F0000086820F004000860FFE743F6FC40C2F2A6
:104F100000409FEDAF0AF5F7B7FBFFE743F6FC4013
:104F2000C2F20040F5F7BCFB88BBFFE743F6DC416B
:104F3000C2F2004100220E920A604A608A60CA6092
:104F4000CA778A7743F65450C2F2004000680223C1
:104F50000D9300F065FF0E9941F66040C2F20040EB
:104F60000F900122F6F7A4FD0D9A0E990F98F6F70F
:104F70009FFD0E990F980322F6F79AFD0E990F9850
:104F80000422F6F795FD0F98F6F7AAFDFFE743F226
:104F9000C020C2F20040F5F7C7FE002800F01381E0
:104FA000FFE743F6FC40C2F20040F8F745FF012856
:104FB0000CD1FFE743F6FC40C2F20040F8F744FF93
:104FC0000146012001290C9008D0FFE740F214109F
:104FD000C2F20040F8F7C0FB0C90FFE70C9800F01D
:104FE00001008DF87B0043F2C020C2F200400B901C
:104FF0000021F5F7F5FD0B988DED1A0A0121F5F763
:10500000EFFD0B988DED1B0A0221F5F7E9FD0B98DA
:105010008DED1C0A0321F5F7E3FD8DED1D0A41F628
:10502000F030C2F2004090ED000AB5EE400AF1EE19
:1050300010FA0BDAFFE741F6F030C2F2004090EDD3
:10504000000AB1EE400A8DED0A0A08E041F6F030A0
:10505000C2F2004090ED000A8DED0A0AFFE79DEDD7
:105060000A0A8DED190A41F6F430C2F2004090EDC3
:10507000000AB5EE400AF1EE10FA0BDAFFE741F64E
:10508000F430C2F2004090ED000AB1EE400A8DED1E
:10509000090A08E041F6F430C2F2004090ED000A3F
:1050A0008DED090AFFE79DED090A8DED180A41F61D
:1050B000EC30C2F2004090ED000AB5EE400AF1EE8D
:1050C00010FA0BDAFFE741F6EC30C2F2004090ED47
:1050D000000AB1EE400A8DED080A08E041F6EC3016
:1050E000C2F2004090ED000A8DED080AFFE79DED49
:1050F000080A8DED170A9DED190A9DED181A30EE7C
:10510000010A9DED171A30EE010AB0EE081A80EE82
:10511000010A8DED160A9DED160A9FED2E1A20EE5E
:10512000010A9FED2D1A20EE010A9FED2C1A80EE48
:10513000010A8DED150A4FF63520C3F68E40149006
:1051400043F2C020C2F20040029002210191F5F723
:105150005FFD019902989FED221A8DED031A20EE52
:10516000010A8DED070AF5F747FD02989DED031A38
:1051700020EE010A8DED040A0121F5F749FD0298A0
:105180009DED031A20EE010A8DED050A002106911E
:10519000F5F732FD9DED033ADDED040A9DED051AAC
:1051A000069AB0EE402A9DED070A62EE031A9DF8BA
:1051B0007B3044F2C840C2F200401AA9B3EE002A84
:1051C000F7F766FAFFE7022000F082FAA6E600BFD2
:1051D00000008442DB0F4940DC46833D0000704202
:1051E00035FA8E3C017809B10020704741780129D9
:1051F00003D08A0705D402224270481E18BF01203E
:10520000704780B548F21820C0F60200FBF7E4FEB4
:10521000012101704170704782B0019001980069CE
:1052200000900198416880688860019948688968A1
:105230004860009840680199884205D1FFE70198CD
:1052400080680099486000E0FFE70199002008614C
:1052500000990868013808600098006802B070473B
:1052600083B0029001910092029944F21000C2F2C0
:1052700000400860019943F61060C2F200400860E7
:1052800000998020086003B0704700000000000013
:1052900083B0029001910092029944F26C40C2F2F4
:1052A00000400860019944F26C00C2F200400860BE
:1052B00000994FF48070086003B070470000000050
:1052C00081B00090009901F10800486000994FF00A
:1052D000FF308860009901F10800C860009901F171
:1052E0000800086100990020086001B070470000C4
:1052F00081B0009000990020086101B07047000063
:1053000084B00390029102980068009000980130E8
:1053100020B9FFE703980069019010E00398083076
:105320000190FFE70198406800680099884205D81D
:10533000FFE7FFE7019840680190F3E7FFE7019876
:105340004068029948600298416888600198029913
:10535000886002980199486003980299086103994E
:1053600008680130086004B07047000000000000C9
:1053700083B00290019102984068009000980199D2
:105380004860009880680199886001980099896850
:105390004860019800998860029801990861029913
:1053A00008680130086003B070470000000000008A
:1053B000DFF80C00016841F47001016070470000E3
:1053C00088ED00E00000000082B04FF0500080F354
:1053D0001188BFF36F8FBFF34F8F019040F27410AD
:1053E000C2F200400168013101600068012814D157
:1053F000FFE74EF60450CEF200000068000658B1F8
:10540000FFE74FF0500080F31188BFF36F8FBFF3B9
:105410004F8F0090FFE7FEE7FFE702B07047000004
:1054200082B040F27410C2F20040006858B9FFE741
:105430004FF0500080F31188BFF36F8FBFF34F8F91
:105440000090FFE7FEE740F27410C2F200400168EE
:1054500001390160006830B9FFE700200190019830
:1054600080F31188FFE702B07047000000000000E1
:1054700080B586B0039003980290039800285CD012
:10548000FFE702980838029002980190019840685E
:1054900044F25C51C2F20041096808420BD1FFE7B7
:1054A0004FF0500080F31188BFF36F8FBFF34F8F21
:1054B0000590FFE7FEE70198006858B1FFE74FF05D
:1054C000500080F31188BFF36F8FBFF34F8F0490AC
:1054D000FFE7FEE70198406844F25C51C2F20041E8
:1054E0000968084227D0FFE70198006808BBFFE77A
:1054F00044F25C50C2F2004002680199486890434F
:10550000486000F0F9F90198426844F28C51C2F207
:1055100000410868104408600198FEF74DFE44F20F
:10552000A851C2F2004108680130086001F034FA65
:1055300000E0FFE700E0FFE7FFE706B080BD000006
:105540004EF21001CEF20001002008604EF2180267
:10555000CEF20002106040F23000C2F2004000685B
:1055600044F6D352C1F26202A0FB02024FF0FF30B8
:1055700000EB92104EF21402CEF2000210600720EF
:10558000086070470000000084B0EFF305800190D0
:10559000019810281ED3FFE701984EF2F031CEF2A9
:1055A0000001405C8DF803009DF8030043F6F051C4
:1055B000C2F20041097888420BDAFFE74FF0500051
:1055C00080F31188BFF36F8FBFF34F8F0390FFE716
:1055D000FEE7FFE74EF60C50CEF20000006800F444
:1055E000E06043F6F451C2F20041096888420BD9E9
:1055F000FFE74FF0500080F31188BFF36F8FBFF3C8
:105600004F8F0290FFE7FEE704B0704700000000F4
:1056100083B00290019100200090FFE700980728D6
:105620001DD8FFE7009944F2C450C2F2004050F880
:10563000310070B9FFE70198009A44F2C451C2F2F8
:10564000004141F832000298009A01EBC201486023
:1056500005E0FFE7FFE7009801300090DEE703B0C8
:10566000704700000000000080B584B003900291F4
:10567000019203980090FFF7A7FE009890F944006C
:10568000013028B9FFE70099002081F84400FFE7C6
:10569000009890F94500013028B9FFE700990020F3
:1056A00081F84500FFE7FFF7BBFE0098806B38B933
:1056B000FFE7009824300299019A00F081F800E099
:1056C000FFE70098FFF7B0F804B080BD00000000CD
:1056D00080B584B00290002001900298E0B1FFE70D
:1056E00043F60460C2F20040006858B1FFE74FF093
:1056F000500080F31188BFF36F8FBFF34F8F03907B
:10570000FFE7FEE700F0F8F802980021FEF778F9CD
:1057100001F042F9019000E0FFE7019860B9FFE76E
:105720004EF60451CEF200014FF080500860BFF3F6
:105730004F8FBFF36F8F00E0FFE704B080BD000024
:1057400081B0009044F2A050C2F20040006800997D
:10575000086044F23C60C2F2004000680099486072
:1057600001B070470000000044F24861C2F20041FD
:10577000012008607047000080B584B0029001915C
:10578000029858B9FFE74FF0500080F31188BFF33B
:105790006F8FBFF34F8F0390FFE7FEE7029843F64A
:1057A0005001C2F2004109681831FFF7A9FD0198C4
:1057B0000121FEF725F904B080BD000000000000C3
:1057C00080B584B0029001910092029858B9FFE729
:1057D0004FF0500080F31188BFF36F8FBFF34F8FEE
:1057E0000390FFE7FEE7029843F65001C2F2004142
:1057F00009681831FFF7BCFD009820B1FFE74FF0B2
:10580000FF300190FFE701980099FEF7F9F804B026
:1058100080BD00000000000080B58AB00020039029
:105820000690059006A805A904AAFFF719FD039B99
:10583000049A0599DDF818C06846C0F808C04160B0
:10584000036043F68170C0F6020048F25011C0F6C2
:10585000020100F04DFE014644F29450C2F20040B5
:105860000160006818B1FFE70120079002E0002006
:105870000790FFE70798012804D1FFE701F050F9EE
:10588000079000E0FFE70798012823D1FFE74FF0DA
:10589000500080F31188BFF36F8FBFF34F8F0990D3
:1058A00044F29C51C2F200414FF0FF30086044F2D4
:1058B0000861C2F200410120086044F23C61C2F27A
:1058C00000410020086000F0BBF808B1FFE700E0ED
:1058D000FFE70FE00798013058B9FFE74FF050009D
:1058E00080F31188BFF36F8FBFF34F8F0890FFE7EE
:1058F000FEE7FFE70AB080BD43F60461C2F2004153
:10590000086801300860704783B043F60460C2F253
:105910000040006838B1FFE744F24861C2F200413C
:105920000120086051E044F24861C2F200410020C9
:10593000086043F60C60C2F2004000680190FFE787
:10594000019800EB800143F66800C2F2004050F875
:10595000210090B9FFE7019858B9FFE74FF05000D8
:1059600080F31188BFF36F8FBFF34F8F0290FFE773
:10597000FEE7019801380190E2E7019800EB800111
:1059800043F66800C2F2004000EB810000900099ED
:10599000486840684860009948680831884205D1E5
:1059A000FFE70099486840684860FFE70098406852
:1059B000C06843F65001C2F200410860019843F606
:1059C0000C61C2F200410860FFE703B070470000BD
:1059D00080B58AB08DED090ACDED080A8DED071A64
:1059E000CDED061A8DED052ACDED042A04208DF8A3
:1059F0000F00099843F69C51C2F2004108600898D4
:105A00004860079888600698C860059808610498FF
:105A100048614FF0FF40886147F6F451C0F602013B
:105A20000868496802910190F7F7E6F8F7F730FA4D
:105A300001680A6A01A990470AB080BD0000000011
:105A400080B588B04EF60050CEF2000000684CF2EF
:105A50007121C4F20F1188420BD1FFE74FF05000C3
:105A600080F31188BFF36F8FBFF34F8F0790FFE76D
:105A7000FEE74EF60050CEF2000000684CF27021B6
:105A8000C4F20F1188420BD1FFE74FF0500080F3B2
:105A90001188BFF36F8FBFF34F8F0690FFE7FEE7CC
:105AA0004EF20040CEF20000039001780491FF21F5
:105AB000017000788DF80B009DF80B0000F050008D
:105AC00043F6F051C2F20041087043F6F451C2F2BD
:105AD000004107200860FFE79DF80B000006002842
:105AE0000DD5FFE743F6F451C2F2004108680138D2
:105AF00008609DF80B0040008DF80B00ECE743F6C2
:105B0000F450C2F20040006803280BD0FFE74FF0CA
:105B1000500080F31188BFF36F8FBFF34F8F059054
:105B2000FFE7FEE743F6F451C2F2004108680002C5
:105B30000860086800F4E060086004984EF20041D4
:105B4000CEF2000108704EF62051CEF20001086836
:105B500040F470000860086840F070400860FFF78B
:105B6000EFFC40F27411C2F2004100200190086085
:105B7000FFF71EFC4EF63471CEF20001086840F0CB
:105B800040400860FEF7ECFBFFF7BEFEFEF714FE98
:105B9000019808B080BD000080B582B04FF0500081
:105BA00080F31188BFF36F8FBFF34F8F009000F029
:105BB0002FFD40B1FFE74EF60451CEF200014FF049
:105BC00080500860FFE700200190019880F3118861
:105BD00002B080BD0000000080B588B0069005913D
:105BE0008DF81320069858B9FFE74FF0500080F366
:105BF0001188BFF36F8FBFF34F8F0790FFE7FEE76A
:105C0000069805994843029002985030FEF764FECA
:105C100003900398B0B1FFE70398019001985030CA
:105C200001900399002081F8460006980599019A91
:105C30009DF81330DDF80CC0EE46CEF800C0FEF73C
:105C4000BBF900E0FFE7039808B080BD000000004A
:105C500080B590B084461298CDF828C0099108927A
:105C600007938DF81B000A9858B9FFE74FF05000D2
:105C700080F31188BFF36F8FBFF34F8F0F90FFE753
:105C8000FEE7079858B9FFE74FF0500080F31188FE
:105C9000BFF36F8FBFF34F8F0E90FFE7FEE70899BA
:105CA0000020039031B1FFE70998B0FA80F0400975
:105CB0000390FFE70398C00758B1FFE74FF050008B
:105CC00080F31188BFF36F8FBFF34F8F0D90FFE705
:105CD000FEE708990020029031B9FFE709980028F3
:105CE00018BF01200290FFE70298C00758B1FFE7F4
:105CF0004FF0500080F31188BFF36F8FBFF34F8FC9
:105D00000C90FFE7FEE750200490049850280BD039
:105D1000FFE74FF0500080F31188BFF36F8FBFF3A0
:105D20004F8F0B90FFE7FEE70498079805900598C2
:105D300088B1FFE70599012081F846000A98099982
:105D4000089A9DF81B30DDF814C0EE46CEF800C06E
:105D5000FEF732F900E0FFE7059810B080BD0000C3
:105D600080B584B00290019102980090009858B9D3
:105D7000FFE74FF0500080F31188BFF36F8FBFF340
:105D80004F8F0390FFE7FEE7FFF71EFB00990B68BC
:105D9000C86B0A6C00FB02308860009900208863A1
:105DA00000990868486000990B68C86B0A6C013854
:105DB00000FB0230C8600099FF2081F84400009980
:105DC00081F845000198D0B9FFE700980069A0B1BB
:105DD000FFE70098103000F077FD60B1FFE74EF666
:105DE0000451CEF200014FF080500860BFF34F8F96
:105DF000BFF36F8F00E0FFE700E0FFE708E00098E7
:105E00001030FFF75DFA00982430FFF759FAFFE7EA
:105E1000FFF706FB012004B080BD00000000000079
:105E200080B592B00C900B910A92099300200890D3
:105E30000C980490049858B9FFE74FF0500080F395
:105E40001188BFF36F8FBFF34F8F1190FFE7FEE70D
:105E50000B990020039039B9FFE70498006C0028E3
:105E600018BF01200390FFE70398C00758B1FFE770
:105E70004FF0500080F31188BFF36F8FBFF34F8F47
:105E80001090FFE7FEE7099900200229029007D150
:105E9000FFE70498C06B013818BF01200290FFE7AC
:105EA0000298C00758B1FFE74FF0500080F3118807
:105EB000BFF36F8FBFF34F8F0F90FFE7FEE700F048
:105EC0007FFB01460020019031B9FFE70A980028C6
:105ED00018BF01200190FFE70198C00758B1FFE704
:105EE0004FF0500080F31188BFF36F8FBFF34F8FD7
:105EF0000E90FFE7FEE7FFE7FFF766FA0498806B76
:105F00000499C96B884204D3FFE70998022834D169
:105F1000FFE704980B99099AFDF71AFF0790049878
:105F2000406AA0B1FFE70498243000F0CDFC60B1D6
:105F3000FFE74EF60451CEF200014FF080500860AA
:105F4000BFF34F8FBFF36F8F00E0FFE710E00798BC
:105F500060B1FFE74EF60451CEF200014FF08050E1
:105F60000860BFF34F8FBFF36F8F00E0FFE7FFE7DD
:105F7000FFF756FA01200D9065E00A9828B9FFE76F
:105F8000FFF74EFA00200D905DE0089830B9FFE76A
:105F900005A8FFF7D5FB0120089000E0FFE7FFE729
:105FA000FFE7FFF73DFAFFF7A7FCFFF70DFA0498AC
:105FB00090F94400013028B9FFE70499002081F8E6
:105FC0004400FFE7049890F94500013028B9FFE745
:105FD0000499002081F84500FFE7FFF721FA05A8A2
:105FE0000AA900F0CDF928BBFFE70498FEF7A0F955
:105FF000C8B1FFE7049810300A99FFF7BDFB049879
:10600000FEF712FC00F0C8FC60B9FFE74EF6045141
:10601000CEF200014FF080500860BFF34F8FBFF306
:106020006F8FFFE705E00498FEF7FEFB00F0B4FC7D
:10603000FFE707E00498FEF7F7FB00F0ADFC002057
:106040000D9000E058E70D9812B080BD00000000F0
:1060500080B592B00B900A91099208930B98059025
:10606000059858B9FFE74FF0500080F31188BFF34F
:106070006F8FBFF34F8F0E90FFE7FEE70A99002066
:10608000029039B9FFE70598006C002818BF01207D
:106090000290FFE70298C00758B1FFE74FF05000A9
:1060A00080F31188BFF36F8FBFF34F8F0D90FFE721
:1060B000FEE7089900200229019007D1FFE7059823
:1060C000C06B013818BF01200190FFE70198C0079D
:1060D00058B1FFE74FF0500080F31188BFF36F8F86
:1060E000BFF34F8F0C90FFE7FEE7FFF74DFAEFF39A
:1060F00011814FF0500080F31188BFF36F8FBFF311
:106100004F8F10910F90109806900598806B05990D
:10611000C96B884204D3FFE70898022833D1FFE710
:10612000059890F845008DF813000598806B039052
:1061300005980A99089AFDF70BFE9DF913000130A6
:10614000B8B9FFE70598406A88B1FFE705982430A1
:1061500000F0BAFB48B1FFE7099820B1FFE70999C1
:106160000120086000E0FFE700E0FFE700E0FFE754
:1061700006E09DF813000130059981F84500FFE71E
:106180000120079002E000200790FFE70698119099
:10619000119880F31188079812B080BD00000000AC
:1061A00080B58EB00990089107920020069009985A
:1061B0000390039858B9FFE74FF0500080F311881F
:1061C000BFF36F8FBFF34F8F0D90FFE7FEE7089986
:1061D0000020019039B9FFE70398006C002818BF30
:1061E00001200190FFE70198C00758B1FFE74FF089
:1061F000500080F31188BFF36F8FBFF34F8F0C9067
:10620000FFE7FEE700F0DCF901460020009031B91D
:10621000FFE70798002818BF01200090FFE70098CB
:10622000C00758B1FFE74FF0500080F31188BFF36B
:106230006F8FBFF34F8F0B90FFE7FEE7FFE7FFF78E
:10624000C3F80398806B0290029830B3FFE703987D
:106250000899FDF759FD029801380399886303985E
:106260000069A0B1FFE70398103000F02DFB60B18A
:10627000FFE74EF60451CEF200014FF08050086067
:10628000BFF34F8FBFF36F8F00E0FFE700E0FFE742
:10629000FFF7C6F801200A906DE0079828B9FFE7DC
:1062A000FFF7BEF800200A9065E0069830B9FFE7D6
:1062B00004A8FFF745FA0120069000E0FFE7FFE79A
:1062C000FFE7FFF7ADF8FFF717FBFFF77DF803983F
:1062D00090F94400013028B9FFE70399002081F8C4
:1062E0004400FFE7039890F94500013028B9FFE723
:1062F0000399002081F84500FFE7FFF791F804A813
:1063000007A900F03DF830BBFFE70398FDF7FCFF5D
:10631000D0B1FFE7039824300799FFF72DFA0398CF
:10632000FEF782FA00F038FB60B9FFE74EF6045141
:10633000CEF200014FF080500860BFF34F8FBFF3E3
:106340006F8F00E0FFE705E00398FEF76DFA00F0BD
:1063500023FBFFE70EE00398FEF766FA00F01CFB54
:106360000398FDF7D1FF18B1FFE700200A9002E083
:10637000FFE7FFE763E70A980EB080BD000000006A
:1063800080B588B005900491059858B9FFE74FF0A3
:10639000500080F31188BFF36F8FBFF34F8F0790CA
:1063A000FFE7FEE7049858B9FFE74FF0500080F38D
:1063B0001188BFF36F8FBFF34F8F0690FFE7FEE7A3
:1063C000FFF702F844F23C60C2F20040006802901D
:1063D000029805994968401A0190049800680130B4
:1063E00018B9FFE7002003902BE044F2A050C2F25E
:1063F0000040006805990968884209D0FFE70298C3
:1064000005994968884203D3FFE70120039017E00C
:1064100001980499096888420BD2FFE7019A049910
:106420000868801A08600598FFF78AF90020039031
:1064300005E004990020086001200390FFE7FFE7D2
:10644000FFE7FEF7EDFF039808B080BD00000000F5
:1064500070B58CB0DDF844C0DDF840C00B900A91F7
:10646000ADF826200893BDF826008000FEF734FA28
:106470000590059880B1FFE75C20FEF72DFA0790A4
:10648000079820B1FFE705980799086303E005988E
:10649000FEF7EEFFFFE702E000200790FFE7079816
:1064A000F0B1FFE70798002680F859600B980A9929
:1064B000BDF82620089BDDF840C0119C079DEE46E4
:1064C000CEF80C60CEF80850CEF80440CEF800C0EC
:1064D000FDF796FD0798FDF7FFFA0120069003E00F
:1064E0004FF0FF300690FFE706980CB070BD00003B
:1064F000B0B58EB0DDF850C0DDF84CC0DDF848C056
:106500000A90099108920793139858B9FFE74FF042
:10651000500080F31188BFF36F8FBFF34F8F0D9042
:10652000FFE7FEE7149858B9FFE74FF0500080F3FB
:106530001188BFF36F8FBFF34F8F0C90FFE7FEE71B
:106540005C20049004985C280BD0FFE74FF05000CB
:1065500080F31188BFF36F8FBFF34F8F0B90FFE76E
:10656000FEE70498149820B3FFE7139808B3FFE7F9
:10657000149806901398069908630699022081F8EA
:1065800059000A980999089A079BDDF848C0069CAB
:10659000EE460025CEF80C50CEF8084005ACCEF8FB
:1065A0000440CEF800C0FDF72BFD0698FDF794FAE5
:1065B00002E000200590FFE705980EB0B0BD000096
:1065C00081B044F20860C2F20040006818B9FFE7E9
:1065D000012000900DE043F60460C2F20040006824
:1065E00018B9FFE70220009002E000200090FFE7CA
:1065F000FFE7009801B0704781B044F23C60C2F2FE
:10660000004000680090009801B070470000000052
:1066100080B586B00020029043F60460C2F20040CC
:106620000068002840F0CB80FFE744F23C61C2F2F2
:10663000004108680130019001980860019858BB3A
:10664000FFE743F65800C2F200400068006858B106
:10665000FFE74FF0500080F31188BFF36F8FBFF357
:106660004F8F0590FFE7FEE743F65802C2F2004263
:106670001068009043F66001C2F2004108681060A3
:106680000098086044F2A051C2F20041086801304D
:106690000860FDF7DDFF00E0FFE7019844F29C5140
:1066A000C2F200410968884268D3FFE7FFE743F67A
:1066B0005800C2F200400068006840B9FFE744F2A9
:1066C0009C51C2F200414FF0FF30086055E043F6A4
:1066D0005800C2F200400068C068C0680490049886
:1066E0004068039001980399884207D2FFE7039816
:1066F00044F29C51C2F2004108603EE0FFE704987A
:106700000430FEF789FD0498806A28B1FFE70498F9
:106710001830FEF781FD00E0FFE70498C06A43F6F9
:106720000C61C2F200410968884208D9FFE7049869
:10673000C06A43F60C61C2F200410860FFE70499A9
:10674000C86A00EB800243F66800C2F2004000EB2A
:1067500082000431FEF70CFE0498C06A43F6500133
:10676000C2F200410968C96A884203D3FFE70120E9
:10677000029000E0FFE7FFE799E7FFE743F65000EC
:10678000C2F200400068C06A00EB800143F6680076
:10679000C2F2004050F82100022803D3FFE7012095
:1067A000029000E0FFE744F24860C2F20040006857
:1067B00018B1FFE70120029000E0FFE707E044F294
:1067C000AC51C2F20041086801300860FFE702984E
:1067D00006B080BD0000000080B586B0039003982D
:1067E0000290002001900398002867D0FFE70298EC
:1067F00043F65001C2F20041096888420BD0FFE71E
:106800004FF0500080F31188BFF36F8FBFF34F8FAD
:106810000590FFE7FEE70298006D58B9FFE74FF0DB
:10682000500080F31188BFF36F8FBFF34F8F049038
:10683000FFE7FEE70299086D013808650299C86A0A
:10684000C96C884238D0FFE70298006D90BBFFE723
:1068500002980430FEF7E0FC08B9FFE700E0FFE72C
:106860000299C86CC8620299C86AC0F13800886190
:106870000298C06A43F60C61C2F20041096888427E
:1068800008D9FFE70298C06A43F60C61C2F20041E2
:106890000860FFE70299C86A00EB800243F66800CF
:1068A000C2F2004000EB82000431FEF761FD0120DE
:1068B000019000E0FFE700E0FFE700E0FFE701985C
:1068C00006B080BD0000000080B584B00290029840
:1068D000C068C0680190019858B9FFE74FF05000B8
:1068E00080F31188BFF36F8FBFF34F8F0390FFE7E3
:1068F000FEE701981830FEF78FFC43F60460C2F201
:106900000040006820BBFFE701980430FEF784FCDC
:106910000198C06A43F60C61C2F2004109688842DE
:1069200008D9FFE70198C06A43F60C61C2F2004142
:106930000860FFE70199C86A00EB800243F668002F
:10694000C2F2004000EB82000431FEF711FD09E0C5
:10695000019800F1180144F2B050C2F20040FEF775
:1069600007FDFFE70198C06A43F65001C2F20041FB
:106970000968C96A884208D9FFE70120009044F2FB
:106980004861C2F20041086002E000200090FFE789
:10699000009804B080BD000080B584B00020029053
:1069A000019043F60460C2F20040006858B9FFE766
:1069B0004FF0500080F31188BFF36F8FBFF34F8FFC
:1069C0000390FFE7FEE7FEF7FFFC43F60460C2F228
:1069D00000400168013901600068002840F099809A
:1069E000FFE743F6FC50C2F200400068002800F0C8
:1069F0008F80FFE7FFE744F2B050C2F2004000682A
:106A0000002842D0FFE744F2B050C2F20040C06814
:106A1000C068029002981830FEF7FEFB029804301E
:106A2000FEF7FAFB0298C06A43F60C61C2F200411D
:106A30000968884208D9FFE70298C06A43F60C61EA
:106A4000C2F200410860FFE70299C86A00EB8002C9
:106A500043F66800C2F2004000EB82000431FEF70A
:106A600087FC0298C06A43F65001C2F200410968EF
:106A7000C96A884207D3FFE744F24861C2F2004185
:106A80000120086000E0FFE7B5E7029818B1FFE7D2
:106A9000FDF7DEFDFFE744F2AC50C2F200400068B3
:106AA00000900098E0B1FFE7FFE7FFF7B1FD38B1D4
:106AB000FFE744F24861C2F200410120086000E0B3
:106AC000FFE7009801380090FFE700980028ECD11C
:106AD000FFE744F2AC51C2F200410020086000E040
:106AE000FFE744F24860C2F20040006870B1FFE77F
:106AF000012001904EF60451CEF200014FF080507B
:106B00000860BFF34F8FBFF36F8F00E0FFE7FFE731
:106B100000E0FFE7FEF784FC019804B080BD0000B0
:106B200080B58AB000200890FDF76AF844F2406012
:106B3000C2F20040006858B3FFE7002004900790BD
:106B4000069007A806A905AAFEF7A2FB049B059AD2
:106B50000698DDF81CC06946C1F808C048600220EC
:106B6000086044F60900C0F6020048F25A11C0F667
:106B70000201FFF7BDFC014644F24460C2F200404E
:106B80000160006818B1FFE701200890FFE700E00E
:106B9000FFE7089858B9FFE74FF0500080F31188DD
:106BA000BFF36F8FBFF34F8F0990FFE7FEE70898A1
:106BB0000AB080BD0000000080B58AB0DDF830C0AA
:106BC000089007910692059300200490089858B900
:106BD000FFE74FF0500080F31188BFF36F8FBFF3D2
:106BE0004F8F0990FFE7FEE744F24060C2F2004099
:106BF0000068A8B3FFE707980090069801900898EE
:106C00000290079805281EDCFFE7FFF7D9FC022851
:106C10000CD1FFE744F24060C2F2004000680C9AD9
:106C200069460023FFF7FCF804900BE044F2406053
:106C3000C2F200400068694600231A46FFF7F0F8E8
:106C40000490FFE70BE044F24060C2F200400068AD
:106C5000059A69460023FFF7FBF90490FFE700E07F
:106C6000FFE704980AB080BD5FEA400C08BF91F0CE
:106C7000000F4FEA8C234FEAC12243EA51514FEAF9
:106C80001C5018BF00F5F0404FEA300018BF41F02B
:106C900000415FEA6C5C00F02980BCF1FF3F08BF57
:106CA00040F080407047130C06BF12044FF0100CE8
:106CB0004FF0000C130E04BF12020CF1080C130F5E
:106CC00004BF12010CF1040C930F04BF92000CF1ED
:106CD000020CD30F04BF52000CF1010C11464FF00F
:106CE0000002A0F11F00A0EB0C00704711F0004F54
:106CF00008BF704731F000413FF4D5AF0B0C06BF21
:106D000009044FF0100C4FF0000C0B0E04BF0902E9
:106D10000CF1080C0B0F04BF09010CF1040C8B0FD4
:106D200004BF89000CF1020CCB0F04BF49000CF129
:106D3000010CCCF1200322FA03F341EA030102FA29
:106D40000CF2A0EB0C0000F10100704723F07F472C
:106D500020F07F4C80EA030000F00040ACEB07031A
:106D600003F57C5303F1FF032DE9804909B44FEA91
:106D7000144324EA03484FEA154B25EA0B4E0FF261
:106D8000042606EB13273E7803FB0667C7F50007CA
:106D900007FB06F64FEAD64606F102064FEA5437DD
:106DA00007FB066CCCF1005C4FEA1C472CEA074C51
:106DB0000CFB06F507FB06F404EB15464FEA9616A6
:106DC00049085FEA320234BF00204FF000404FEA2A
:106DD000D13706FB07FC4FEA1C4C0CFB0BF7D21B10
:106DE00003FB0CF761EB07010CFB0EF7B0EB074060
:106DF00072EB17420CFB08F734BFA2EB0742B2EB71
:106E0000074261EB17414FEA0C444FEA910706FB3A
:106E100007FC4FEA1C4C0CFB0BF7B0EBC74072EBC6
:106E2000573203FB0CF734BFA2EBC742B2EBC742A9
:106E300061EB57310CFB0EF7B0EBC70072EB5772EA
:106E40000CFB08F734BFA2EBC702B2EBC70261EB41
:106E500057714FEA816141EA92114FEA826242EA38
:106E600090124FEA806004EBCC04039F4FEAD137C5
:106E700006FB07FC4FEA1C4C0CFB0BF7D21B03FB79
:106E80000CF761EB07010CFB0EF7B0EB074072EB60
:106E900017420CFB08F734BFA2EB0742B2EB0742E4
:106EA00061EB17414FEA8C5504EB9C244FEA9107A4
:106EB00006FB07FC4FEA1C4C0CFB0BF7B0EBC74082
:106EC00072EB573203FB0CF734BFA2EBC742B2EBB5
:106ED000C74261EB57310CFB0EF7B0EBC70072EB0A
:106EE00057720CFB08F734BFA2EBC702B2EBC70224
:106EF00061EB57714FEA816141EA92114FEA826278
:106F000042EA90124FEA806015EB4C2544F10004F0
:106F10004FEAD13706FB07FC4FEA1C4C0CFB0BF782
:106F2000D21B03FB0CF761EB07010CFB0EF7B0EB78
:106F3000074072EB17420CFB08F734BFA2EB074285
:106F4000B2EB074261EB17414FEA813141EA9241CE
:106F50004FEA823242EA90424FEA80304FEA0C76A2
:106F600015EB1C1544F1000448EA03434EEA0B48B4
:106F70004FF0000EB2EB080C71EB030724BF624622
:106F800039464EEB0E0E4FF0000B001852414941AE
:106F90004BEB0B0BB2EB080C71EB03077BF1000B17
:106FA00024BF624639464EEB0E0E4FF0000B001820
:106FB000524149414BEB0B0BB2EB080C71EB030751
:106FC0007BF1000B24BF624639464EEB0E0E51EAB0
:106FD000020718BF46F0010616EB0E7655F10002C7
:106FE00054F1000103D5BDE88901BDE80088BDE882
:106FF0008901BDE80048B619524141EB0101A3F1F6
:107000000103704780807F7E7D7C7B7A79787776FC
:1070100076757473727171706F6E6E6D6C6C6B6A75
:107020006A69686867666665646463636261616013
:10703000605F5F5E5E5D5D5C5C5B5B5A5A59595890
:1070400058575756565555555454535352525251FA
:10705000515050504F4F4F4E4E4D4D4D4C4C4C4B50
:107060004B4B4A4A4A494949484848474747474697
:1070700046464545454444444443434343424242D3
:10708000424141419C46002B30D477002BD04FEA3F
:1070900037071CB503B44FF010004FF01001BAF1E0
:1070A000000F06D0BCF1000FDCBF40F0080040F03C
:1070B00008014FF000000FBCBDE810400BF1010BC0
:1070C000BBF1010F08BF5FEA170722BF12F10102EF
:1070D00011F101014FF0004143F1000300F00040C5
:1070E00043EA00007047F9D35708D0E746EA06465E
:1070F0004FEA164613F1400F1FDD13F1200FDFBFDB
:1071000016430A46002120335B42BED0C3F120075C
:1071100046EA06464FEA164602FA07F746EA070627
:1071200022FA03F2C3F1200701FA07F742EA070245
:1071300021FA03F14FF00003A7E746EA020646EA08
:1071400006464FEA164646EA0106BCBF46EA064630
:10715000360C4FF000034FF000024FF0000194E7AF
:107160002DE9804C70B49A46934691E8380007C8E0
:1071700031EA400C48BF34EA430C03D5FFF7E6FD83
:10718000FFF780FFF0BCBDE8008C2DE9804C70B4A7
:107190009A46934691E8380007C810F0804F08BF20
:1071A00013F0804F03D100F005F8FFF76BFFF0BC40
:1071B000BDE8008C20F07F4723F07F4C80EA03007D
:1071C00000F0004007EB0C03A3F57C53A3F1FE0392
:1071D00092F0000F00F0B38095F0000F00F0778080
:1071E0002DE901494FEA114021EA00484FEA1446CF
:1071F00024EA064700FB06FC08FB06F607FB08F836
:1072000018EB06484CEB164C00FB07F718EB074849
:107210004CEB17404FEA124B22EA0B4E4FEA154651
:1072200025EA06470BFB06FC0EFB06F607FB0EFEE7
:107230001EEB064E4CEB164C0BFB07F71EEB074EF6
:107240004CEB174B18EB0B0840F1000018EB0E0B42
:1072500058EB000840F100008F1A4FF000014FF08A
:1072600000063CBFC943661B14BFB5EB040C0021EC
:107270003CBFC943F61B4FEA174427EA04454FEACF
:107280001C472CEA074C04FB076205FB07F70CFBC5
:1072900005F616EB074642EB174204FB0CFC16EB17
:1072A0000C4642EB1C421BEB060658EB0202414126
:1072B0004EEA8E0E46EA9E0601D5BDE80189B61952
:1072C000524141EB0101A3F10103BDE801894FEAFD
:1072D000144524EA05464FEA114721EA074C05FB0D
:1072E00007F406FB07F70CFB06F111EB074144EB33
:1072F000174405FB0CFC11EB0C4144EB1C444FEA1A
:10730000124722EA074C05FB07F206FB07F70CFBC6
:1073100006F616EB074642EB174205FB0CFC16EB94
:107320000C4642EB1C456A1854F1000148BF7047F7
:10733000B619524141EB0101A3F10103704795F0E9
:10734000000F37D04FEA114221EA02464FEA1447B4
:1073500024EA074C02FB07F106FB07F70CFB06F4D7
:1073600014EB074441EB174102FB0CFC14EB0C44FB
:1073700041EB1C414FEA154725EA074C02FB07F594
:1073800006FB07F70CFB06F616EB074645EB174521
:1073900002FB0CFC16EB0C4645EB1C42121951F19A
:1073A000000148BF7047B619524141EB0101A3F1FA
:1073B000010370474FEA144524EA05464FEA114796
:1073C00021EA074C05FB07F106FB07F70CFB06F269
:1073D00012EB074241EB174105FB0CFC12EB0C4290
:1073E00051EB1C414FF0000648BF7047921841EB2B
:1073F0000101A3F10103704703B401984100009813
:1074000050EAC12018BF04204A0D18BF40F0010007
:1074100040F2FF72B2EB515F08BF40F0020001285A
:1074200008BF052002B070474100080218BF0420C1
:107430000A0E18BF40F001004FF07F4232EA01010E
:1074400008BF40F00200012808BF05207047000077
:1074500010EE101A08B5444A6846B2EB410F28D91D
:107460004FF0E640B0EB410F94BF00204FF0FF30EB
:1074700000900098002861DB60EE000A10F0010F18
:1074800045D010F0020FDFED391A9FED391A00EEEA
:10749000A11ADFED381A40EE811A21EEA01AF0EEA3
:1074A000400A40EE010A08BFF1EE600AB0EE600A41
:1074B00008BD314B21F0004293423CD911F0004FFE
:1074C000DFED2E0A20EE201ADFED2D0A19BF31EE76
:1074D000601A71EE200A31EE201A71EE600ABDEEDC
:1074E000E01A11EE100A9FED271A00F0030000EEDB
:1074F000C10A9FED251A009000EEC10A9FED231AE4
:1075000000EEC10A9FED221A00EEC10AB1E79FED1D
:10751000211A9FED210A10F0020F00EE810A9FED63
:107520001F1A00EE801AB7EE000A00EE810A18BF9B
:10753000B1EE400A08BD00F075FA9AE710EE100AA5
:107540004000B0F17F4F3CBFB7EE000A08BD07D145
:107550004FF00100D9F7E6F9BDE8084000F04ABA5B
:10756000BDE8084000F042BAB61F927E336D4CB9B8
:10757000DA82083CA0AA2ABE490E494683F9223F76
:107580000000004B0000C93F00A0FD390020A233DD
:107590001A61342CB93AB2BACA9F2A3DDDFFFFBE48
:1075A00010B510EE104A4FF019406949002200EB67
:1075B00044002DED028B884257D8DFED660A14F0A7
:1075C000004F60EE200A14BFBEEE001AB6EE001A9D
:1075D00071EE200AFDEEE00A10EE900A00EE900A2D
:1075E000F8EEE00A9FED5C1A00EEC10A9FED5B1A0F
:1075F00000EEC10ADFED5A0A9FED5A1A00EE201A7A
:10760000DFED590A40EE010A9FED581A584B00F081
:10761000030100EE201A21EE000A7B4403EB8103F4
:10762000D3ED000A534B7B4403EB810393ED001A27
:10763000514B41EE000A7B4403EB8101801091ED38
:10764000000A70EE800AEABB00EE100AB8EEC01A1B
:10765000DFED4A1A9FED4A0ABDEC028B01EE210ACA
:10766000BCEEC00A20EE200A10BD4FF0FF40A04340
:107670001DD04FF0CE40B0EB440F81BFF7EE000AB3
:1076800030EE200ABDEC028B10BD3E48B0EB440F3B
:1076900028BF012291D20220D9F744F914F0004FFB
:1076A00015D0BDEC028BBDE8104000F0B3B914F565
:1076B000000F02BF9FED340ABDEC028B10BDBDEC84
:1076C000028B00E009E0BDE8104000F08FB9BDEC8E
:1076D000028BBDE8104000F095B900EBD073591053
:1076E0004FF07E5202EBC15100EE101AA0EB630086
:1076F00002EBC05060EE200A00EE100A20EE208A55
:1077000018EE100A88B118EE100AB0F1FF4F15D02C
:1077100018EE100AFFF788FE042808BF00F07AF977
:10772000B0EE480ABDEC028B10BD0220D9F7FAF882
:10773000BDEC028BBDE8104000F06CB90220D9F717
:10774000F1F8BDEC028BBDE8104000F05BB9000021
:107750000000501E3BAAB8400070313EF4FD0537D2
:1077600012BB2A3D12BB2A3EFFFFFF3EFFFF7F3FB9
:107770001206000016060000E60500000000004B9F
:1077800000007E4E0000A0850000000000B510EE55
:10779000101A2DED028B81B04D4A6846B2EB410FB5
:1077A0003CD94FF0E640B0EB410F94BF00204FF0C2
:1077B000FF3000900098B0EE408A00285FDB28EE92
:1077C000080ADFED440A9FED441A00EE201ADFEDAF
:1077D000430A40EE010A9FED421A00EE201ADFED47
:1077E000410A10F0010F40EE010A9FED3F1A00EE32
:1077F000201A61EE000AB0EE480A08EE200A02BF25
:1078000001B0BDEC028B00BDBFEE001A01B0C1EEAD
:10781000000ABDEC028BB0EE600A00BD334B21F0D4
:107820000042934228D911F0004FDFED310A20EEDB
:10783000201ADFED300A19BF31EE601A71EE200A0E
:1078400031EE201A71EE600ABDEEE01A11EE100A58
:107850009FED291A00F0030000EEC10A9FED271AE0
:10786000009000EEC10A9FED261A00EEC10A9FEDBE
:10787000251A00EEC10A9DE700F0D4F89AE718EE49
:10788000100A4000B0F17F4F0DD218EE100AFFF73A
:10789000CBFD042808BF00F0BDF8B0EE480A01B0E7
:1078A000BDEC028B00BD09D10120D9F73BF801B036
:1078B000BDEC028B5DF804EB00F09CB801B0B0EEBB
:1078C000480ABDEC028B5DF804EB00F08FB80000B5
:1078D000B61F927EBCE9223C0B6D063B8A76CE3CFD
:1078E000ACB5593D35A1083E29AAAA3E490E4946E4
:1078F00083F9223F0000004B0000C93F00A0FD3982
:107900000020A2331A61342C10B510EE104A2DED70
:10791000028B4FF07F40B0EEC08AB0EB440F55D3DE
:1079200018EE101A2C4A914220DD18EE101AB0EB16
:10793000410F1BD318EE101A284AF7EE008A914225
:1079400007DD18EE101AB0EB410F28BFB0EE680A41
:1079500035D238EE080AFFF723FE70EE280AB0EEA3
:10796000001A81EE200A38EEC00A28E018EE101A3C
:10797000B1F1665F0FDA18EE101AB0EB410F0AD3BF
:1079800018EE100AFFF750FD042808BF00F042F877
:10799000B0EE480A13E028EE080ADFED110ADFED29
:1079A000111A9FED111A40EE210A60EE800A30EEA6
:1079B000010A80EE801AB0EE480A08EE010A002C97
:1079C000B8BFB1EE400ABDEC028B10BDBDEC028B1E
:1079D000BDE8104000F00AB8549F0C3FB32C104192
:1079E000C6E252BFB2117BBB1A2A1E4030EE000A1B
:1079F00070470000DFED020A80EEA00A7047000029
:107A0000000000009FED020A20EE000A704700000F
:107A1000000000709FED020A20EE000A704700008F
:107A2000000000102DE9F0014FF07F42B2EB410F52
:107A30009FBF4FF0FF310160BDE8F00170474FF08C
:107A4000004242EA0123C1F3C752783A551112F0BD
:107A50001F0C434CCCF120067C44C1F3C752A2F169
:107A600078024FEA621204EB820254F8254008BF04
:107A7000D2E9015612D0556804FA0CF425FA06F73B
:107A80003C43976805FA0CF527FA06F8D26807FA1E
:107A90000CFCF24045EA08054CEA0206A4FB034C44
:107AA000A5FB0352A6FB03631D449D4234BF012680
:107AB00000261319334416B1934202D903E09342CE
:107AC00001D2012200E00022624402F1200C920661
:107AD000DC0C42EA443200EE102A5B03DFED210A9F
:107AE000F8EEC01A00EE103A4FEA9C1C11F0004F5D
:107AF000B8EE400AC0F800C020EE201A00EE105A7E
:107B0000DFED190AB8EE400A20EE200A71EE810A74
:107B100070EE800A10EE902A02F500626FF30B02FD
:107B200000EE902A70EEE11A31EEC11ADFED101A64
:107B300030EE411A9FED0D0A20EE800A01EE210A77
:107B40009FED0C1A00EE810A04BFBDE8F0017047FA
:107B5000CCF180510160BDE8F001B1EE400A704700
:107B6000F4010000000000360000802C22AAFD294C
:107B7000DB0FC92F0000C92F30380A2801D201209D
:107B80007047002070478A68002A02DC0022DAF77A
:107B9000BFB9521E8A604A68C0B2531C4B60107055
:107BA0007047000010B500290AD00878002807D0D7
:107BB00005487844DAF744FC002801D0002010BDC5
:107BC0000248784410BD00002A0700002207000088
:107BD00010B500290AD00878002807D00548784455
:107BE000DAF72EFC002801D0002010BD02487844AE
:107BF00010BD00001A07000012070000F1EE100A85
:107C00004FF6FF71C0F2C03120EA010040F0407031
:107C1000E1EE100A7047D9F773BCD9F7A7BD000091
:107C20000000803F0030983F0000B53F0040D73F44
:107C300000000000320A7E397F661E395B991F39C9
:107C40000000803FF037983FF304B53FFD44D73F35
:107C5000000000006E83F9A22915444ED15727FC7D
:107C6000C0DD34F5999562DB4190433CAB6351FE36
:107C70000000000000000000303132333435363768
:107C80003839414243444546403058003031323360
:107C90003435363738396162636465664030780060
:107CA00004000008000000000000000200010000C5
:107CB000103A7474003A7474003A747400303132BB
:107CC00033343536373839616263646566787000FD
:107CD0003031323334353637383941424344454602
:107CE0005850000002400000000000A0000000000A
:107CF00005400000000000C8000000000C4000002B
:107D00000000409C00000000194000000020BCBEA4
:107D10000000000034400000BFC91B8E00000004BA
:107D2000B5400000504BCFD06607E2CF0100000005
:107D30006C4100003E8251AADFEEA7340100000032
:107D4000D9420000DCB5A0E23A301F97FFFFFFFFE9
:107D5000B4450000FD25A0C8E9A3C14FFFFFFFFF08
:107D6000FF3F00000000008000000000FF3F000017
:107D70000000008000000000000000000000000083
:107D800000000000000000000000000001000000F2
:107D900002000000030000000400000000000000DA
:107DA00005000000000000000000000000000000CE
:107DB00006000000000000000000000000000000BD
:107DC00007000000C83C002412000000A417002493
:107DD00052000000C83C002412000000A417002438
:107DE00052000000C83C002412000000A417002428
:107DF000520000009C3D00241C0000000000000018
:107E0000010203040102030406070809000102033A
:107E100004050607080C1014182030400006101640
:107E20000006101608040204080101010101010303
:107E300007010000010002000400060008000A001B
:107E40000C001000200040008000000177BE1F3DA4
:107E50009A99993E000040419A99594000000000CB
:107E60000000000000000000000000000000A04131
:107E7000CDCC4C3E0000803F000000000000000020
:107E800000000000000000000000000000000000F2
:107E900000000000000010C10000104100000000C0
:107EA0000101000001020304028102080000000039
:107EB00000000000000000000000000000020000C0
:107EC000180000000000000000000000000000009A
:107ED0000000000011AD0108F1AC01080000000035
:107EE00000000000F9AF0108D9AF01080000000050
:107EF00000000000A9B1010800000000000000001F
:107F0000A9B101080000000000000000F9B9010853
:107F10000000000000000000F9B9010800000000A6
:107F200000000000B506020800000000000000008C
:107F3000B50602080000000000000000A1CB010807
:107F400081CB010891CA010899CA0108F9CA010840
:107F5000A1CA010841C90108C1C80108E9C801084E
:107F600069C80108B1C9010809CA010839CA01086C
:107F700071C90108F1DE01080000000000000000E6
:107F8000E9CB0108E1CB0108B5060208B5060208F5
:107F9000B5060208B5060208B5060208B5060208CD
:107FA000B5060208B5060208B5060208B5060208BD
:107FB000B5060208B5060208B50602080000000072
:107FC0000000000049CE010829CE010801CC0108BB
:107FD00001DF01080000000000000000F9CE0108E8
:107FE000F1CE0108B5060208B5060208000000003F
:107FF00000000000C1D10108A1D1010801D0010891
:1080000091D0010811D00108C9D0010841DF010851
:1080100079CF0108A9CF010800000000000000008E
:1080200069D2010861D20108B5060208B506020846
:10803000B5060208B5060208B5060208B50602082C
:10804000B50602080000000000000000F9D4010895
:10805000D9D40108C1D2010851DF01080000000095
:1080600000000000A1D5010899D50108B506020855
:10807000B50602080000000000000000010000003A
:1080800000000000000000000000000000000000F0
:1080900000000000000000000000000000000000E0
:1080A00000000000000000000000000000000000D0
:1080B00000000000000000000000000000000000C0
:1080C00000000000000000000000000000000000B0
:1080D0000000000043414E5F53656E645F5461735E
:1080E0006B0047696D62616C5F5461736B00526530
:1080F0006D6F74655F436F6E74726F6C5F54617304
:108100006B0064656661756C745461736B00434405
:108110004320496E74657266616365004344432081
:10812000436F6E6669670053544D6963726F656C87
:10813000656374726F6E6963730053544D333220FC
:108140005669727475616C20436F6D506F72740064
:1081500049444C4500546D725100546D7220537661
:1081600063006C656E6774685F6572726F7220770A
:108170006173207468726F776E20696E202D666E51
:108180006F2D657863657074696F6E73206D6F64B1
:10819000652077697468206D657373616765202257
:1081A000257322006261645F61727261795F6E653E
:1081B000775F6C656E67746820776173207468728E
:1081C0006F776E20696E202D666E6F2D6578636502
:1081D0007074696F6E73206D6F6465006261645FB7
:1081E00066756E6374696F6E5F63616C6C20776136
:1081F00073207468726F776E20696E202D666E6FC3
:108200002D657863657074696F6E73206D6F64653A
:1082100000766563746F72005F5F6378615F677596
:108220006172645F6163717569726520646574650C
:10823000637465642072656375727369766520691D
:108240006E697469616C697A6174696F6E3A2064F1
:108250006F20796F75206861766520612066756E84
:108260006374696F6E2D6C6F63616C2073746174DD
:108270006963207661726961626C652077686F73EB
:108280006520696E697469616C697A6174696F6E81
:1082900020646570656E6473206F6E20746861740D
:1082A0002066756E6374696F6E3F00001884020863
:1082B0000000002498010000300300081484020824
:1082C00000000020008000007003000810850208F4
:1082D00098010024C8480300700300081C00000037
:1082E00043000000F8FFFFFF0C0000000E0000003C
:1082F0000F0000002E0000001001000043000000ED
:10830000F8FFFFFF004040404040404040404141B6
:10831000414141404040404040404040404040405A
:1083200040404040400502020202020202020202F4
:1083300002020202022020202020202020202002F1
:108340000202020202029090909090901010101081
:10835000101010101010101010101010101010101D
:1083600002020202020288888888888808080808B1
:10837000080808080808080808080808080808087D
:1083800002020202400000000000000000000000A5
:1083900000000000000000000000000000000000DD
:1083A00000000000000000000000000000000000CD
:1083B00000000000000000000000000000000000BD
:1083C00000000000000000000000000000000000AD
:1083D000000000000000000000000000000000009D
:1083E000000000000000000000000000000000008D
:1083F000000000000000000000000000000000007D
:108400000000000000000000E9F1FEFF6DF2FEFF39
:10841000A1F2FEFF00000000D16021828101007105
:10842000420108E14201080143010829430108799A
:108430004301082142010891420108501490D003E1
:108440000090D003D134010801320108313801080D
:10845000DDF13201089930010891310108301CF139
:1084600033010881330108613401086933010809C7
:10847000024300020100C03209042E010202010081
:108480000524001001052401290104240202052409
:10849000064F010705820308001009040100020AC3
:1084A000360705010240460705810240450A0600DD
:1084B000024340012D1201000202020040830440E9
:1084C000573602010203012FE1260008D9260008D1
:1084D0007926000819270C19084927000804030900
:1084E000041A0345FFFF0101021301023001D9CD37
:1084F000CC4C3E0AD7A33C620244964301421095FD
:10850000AAAAAAAAD9CDCC4C3E0AD7A33C420200C3
:04000005080002CD20
:00000001FF
